Finance_ID,Order_ID,Transaction_Date,Customer_ID,Customer_Name,Invoice_Value_INR,Amount_Paid_INR,Outstanding_INR,Freight_Cost_INR,Other_Expense_INR,Estimated_Net_Profit_INR,Payment_Type
FIN00001,ORD01592,2025-02-09,CUST068,Shree Enterprises,30536.43,1576.84,28959.59,1352.45,676.23,9186.97,Invoice
FIN00002,ORD00944,2025-04-18,CUST041,Metro Enterprises,6579.81,6579.81,0,270.05,135.03,2316.83,Invoice
FIN00003,ORD00870,2025-11-27,CUST012,Shree Pvt Ltd,14990.54,14990.54,0,681.49,340.75,4232.68,Invoice
FIN00004,ORD00163,2025-10-06,CUST095,Vertex Industries,55413.67,6821.62,48592.05,2155.48,1077.74,21387.82,Invoice
FIN00005,ORD01272,2025-07-10,CUST035,United Industries,10236.39,10236.39,0,447.85,223.92,3166.78,Invoice
FIN00006,ORD00071,2025-02-28,CUST027,Om Industries,23880.07,23880.07,0,1013.5,506.75,7881.28,Invoice
FIN00007,ORD00248,2025-07-18,CUST020,Shree Industries,1530.36,1530.36,0,70.59,35.3,416,Invoice
FIN00008,ORD00323,2025-01-19,CUST108,National Manufacturing,5958.97,5958.97,0,242.73,121.37,2127.23,Invoice
FIN00009,ORD01660,2025-12-28,CUST099,Prime Pvt Ltd,31512.81,31512.81,0,1526.95,763.47,7408.89,Invoice
FIN00010,ORD01005,2025-09-08,CUST111,National Manufacturing,37026.04,37026.04,0,1692.51,846.26,10308.5,Invoice
FIN00011,ORD01663,2025-03-08,CUST093,Om Traders,23135.43,23135.43,0,1050.63,525.31,6550.53,Invoice
FIN00012,ORD00910,2025-10-16,CUST035,United Industries,30197.7,30197.7,0,1172.82,586.41,11683.92,Invoice
FIN00013,ORD01226,2025-05-29,CUST069,United Logistics,505222.28,505222.28,0,26953.6,13476.8,79740.46,Invoice
FIN00014,ORD00902,2025-11-20,CUST071,Prime Manufacturing,55929.4,1641.96,54287.44,2251.95,1125.97,20380.83,Invoice
FIN00015,ORD00592,2025-11-19,CUST076,Metro Manufacturing,22462.29,22462.29,0,1007.74,503.87,6554.4,Invoice
FIN00016,ORD01274,2025-06-19,CUST100,Sunrise Traders,786.52,786.52,0,34.42,17.21,243.1,Invoice
FIN00017,ORD00555,2025-10-21,CUST038,Global Manufacturing,1479.18,557.51,921.67,63.32,31.66,479.64,Invoice
FIN00018,ORD01062,2025-12-13,CUST003,Prime Logistics,7672.79,7672.79,0,359.9,179.95,1991.59,Invoice
FIN00019,ORD00530,2025-10-14,CUST034,Vertex Logistics,6247.67,2477.99,3769.68,244.67,122.33,2385.41,Invoice
FIN00020,ORD01720,2025-08-23,CUST076,Metro Manufacturing,347321.23,132019.3,215301.93,15862.82,7931.41,96915.24,Invoice
FIN00021,ORD00722,2025-05-17,CUST001,Prime Industries,129142.66,12883.5,116259.16,6001.26,3000.63,34408.45,Invoice
FIN00022,ORD00562,2025-11-05,CUST051,Prime Manufacturing,20690.95,347.4,20343.55,739.8,369.9,9012.7,Invoice
FIN00023,ORD00539,2025-05-28,CUST067,Metro Manufacturing,4856.95,4856.95,0,208.48,104.24,1566.02,Invoice
FIN00024,ORD01254,2025-08-12,CUST036,National Industries,1456.74,594.07,862.67,62.47,31.23,470.66,Invoice
FIN00025,ORD00496,2025-10-27,CUST072,United Logistics,30158.46,30158.46,0,1281.69,640.84,9926.09,Invoice
FIN00026,ORD00651,2025-10-20,CUST039,Shree Logistics,16752.97,16752.97,0,746.52,373.26,4968.55,Invoice
FIN00027,ORD00716,2025-09-14,CUST054,Prime Industries,3238.81,309.07,2929.74,126.71,63.36,1238.53,Invoice
FIN00028,ORD00531,2025-09-03,CUST016,Shree Pvt Ltd,18066.74,18066.74,0,810.07,405.03,5279.27,Invoice
FIN00029,ORD01574,2025-11-21,CUST062,Global Industries,14258.76,378.84,13879.92,675.9,337.95,3589.24,Invoice
FIN00030,ORD01583,2025-02-07,CUST007,Shree Industries,13296.05,1384.89,11911.16,600.33,300.16,3819.43,Invoice
FIN00031,ORD01724,2025-05-29,CUST101,Vertex Manufacturing,107467.92,107467.92,0,4771.22,2385.61,32150.77,Invoice
FIN00032,ORD01299,2025-07-22,CUST070,National Logistics,11439.34,11439.34,0,550.99,275.49,2741.64,Invoice
FIN00033,ORD00472,2025-12-11,CUST003,Prime Logistics,13290.68,6157.82,7132.86,520.65,260.33,5071.79,Invoice
FIN00034,ORD01345,2025-08-27,CUST072,United Logistics,115943.85,115943.85,0,4957.13,2478.56,37692.07,Invoice
FIN00035,ORD00290,2025-06-11,CUST014,National Industries,36754.48,36754.48,0,1475.67,737.83,13460.04,Invoice
FIN00036,ORD01562,2025-10-19,CUST090,Sunrise Traders,24019.33,24019.33,0,1086.31,543.15,6871.18,Invoice
FIN00037,ORD01634,2025-08-29,CUST045,Apex Traders,23774.85,23774.85,0,929.23,464.61,9106.33,Invoice
FIN00038,ORD00620,2025-08-18,CUST053,United Manufacturing,39568.54,23274.99,16293.55,1471.96,735.98,16332.64,Invoice
FIN00039,ORD01428,2025-05-28,CUST054,Prime Industries,21589.66,1868.47,19721.19,888.78,444.39,7559.59,Invoice
FIN00040,ORD00661,2025-11-24,CUST091,Metro Pvt Ltd,4680.38,2721.01,1959.37,181.98,90.99,1807.67,Invoice
FIN00041,ORD01487,2025-06-15,CUST077,Shree Industries,9446.49,9446.49,0,425.33,212.67,2732.34,Invoice
FIN00042,ORD01356,2025-09-19,CUST023,Vertex Logistics,41203.19,26193.5,15009.69,1918.58,959.29,10917.1,Invoice
FIN00043,ORD01741,2025-03-14,CUST028,United Logistics,11452.96,11452.96,0,447.27,223.64,4392.41,Invoice
FIN00044,ORD00353,2025-04-04,CUST104,Om Logistics,7799.08,7799.08,0,321.37,160.69,2725.96,Invoice
FIN00045,ORD00552,2025-06-22,CUST055,National Manufacturing,58124.28,4095.15,54029.13,2348.19,1174.09,21056.48,Invoice
FIN00046,ORD00066,2025-02-26,CUST101,Vertex Manufacturing,14384.38,14384.38,0,546.24,273.12,5761.57,Invoice
FIN00047,ORD01349,2025-08-05,CUST119,National Traders,1611.17,571.34,1039.83,62.82,31.41,619.44,Invoice
FIN00048,ORD00325,2025-04-02,CUST021,National Pvt Ltd,6562.56,3266.67,3295.89,306.35,153.17,1726.66,Invoice
FIN00049,ORD01135,2025-11-10,CUST120,Prime Manufacturing,13417.22,13417.22,0,577.02,288.51,4308.58,Invoice
FIN00050,ORD01644,2025-05-18,CUST006,Vertex Enterprises,170000.19,170000.19,0,8694.8,4347.4,32746.64,Invoice
FIN00051,ORD00252,2025-08-11,CUST086,Apex Manufacturing,37622.59,3139.78,34482.81,1757.83,878.92,9873.93,Invoice
FIN00052,ORD01354,2025-06-10,CUST103,Apex Traders,77431.88,77431.88,0,3381.33,1690.67,24055.1,Invoice
FIN00053,ORD00611,2025-08-15,CUST072,United Logistics,10594.61,10594.61,0,541.03,270.52,2053.99,Invoice
FIN00054,ORD01371,2025-02-18,CUST112,National Manufacturing,1438.35,1438.35,0,57.37,28.68,532.75,Invoice
FIN00055,ORD00679,2025-04-07,CUST077,Shree Industries,3519.46,3519.46,0,166.42,83.21,892.46,Invoice
FIN00056,ORD01337,2025-05-22,CUST097,Vertex Pvt Ltd,61463.16,61463.16,0,2860.59,1430.3,16306.63,Invoice
FIN00057,ORD01340,2025-08-24,CUST033,Om Manufacturing,16109.28,9679.3,6429.98,701.12,350.56,5041.61,Invoice
FIN00058,ORD00030,2025-02-28,CUST041,Metro Enterprises,107889.25,48279.62,59609.63,5627.45,2813.72,19055.95,Invoice
FIN00059,ORD01122,2025-08-09,CUST120,Prime Manufacturing,9002.75,9002.75,0,392.03,196.02,2814.23,Invoice
FIN00060,ORD01710,2025-07-17,CUST020,Shree Industries,219.74,219.74,0,9.7,4.85,66.56,Invoice
FIN00061,ORD00136,2025-11-11,CUST108,National Manufacturing,8624.51,8624.51,0,324.01,162.01,3509.74,Invoice
FIN00062,ORD00652,2025-02-19,CUST049,Metro Enterprises,13614.68,13614.68,0,616.92,308.46,3876.13,Invoice
FIN00063,ORD01650,2025-12-24,CUST113,Vertex Manufacturing,24315.13,24315.13,0,977.4,488.7,8886.16,Invoice
FIN00064,ORD00681,2025-01-17,CUST051,Prime Manufacturing,660390.1,660390.1,0,35271.06,17635.53,103611.16,Invoice
FIN00065,ORD01673,2025-03-21,CUST016,Shree Pvt Ltd,97760.26,97760.26,0,4695.54,2347.77,23637.87,Invoice
FIN00066,ORD01455,2025-05-16,CUST003,Prime Logistics,6827.82,6827.82,0,253,126.5,2834.03,Invoice
FIN00067,ORD01494,2025-04-03,CUST088,United Manufacturing,87499.43,48506.12,38993.31,3976.25,1988.13,24731.45,Invoice
FIN00068,ORD01311,2025-11-23,CUST024,Sunrise Logistics,755.7,555.92,199.78,27.58,13.79,320.37,Invoice
FIN00069,ORD00556,2025-08-07,CUST037,Prime Pvt Ltd,6937.29,3544.4,3392.89,264.08,132.04,2768.53,Invoice
FIN00070,ORD01596,2025-02-18,CUST010,Metro Logistics,34246.88,22474.01,11772.87,1690.62,845.31,7559.26,Invoice
FIN00071,ORD00383,2025-10-18,CUST072,United Logistics,22135.85,8357.4,13778.45,953.64,476.82,7081.95,Invoice
FIN00072,ORD00174,2025-09-09,CUST030,Metro Industries,41592.93,41592.93,0,1604.31,802.15,16267.82,Invoice
FIN00073,ORD00110,2025-08-02,CUST046,Shree Pvt Ltd,7551.96,7551.96,0,285.75,142.88,3041.13,Invoice
FIN00074,ORD00571,2025-11-18,CUST009,Prime Industries,10533.96,938.6,9595.36,383.02,191.51,4487.76,Invoice
FIN00075,ORD00536,2025-02-20,CUST037,Prime Pvt Ltd,17530.09,17530.09,0,675.67,337.83,6864.19,Invoice
FIN00076,ORD01605,2025-02-07,CUST053,United Manufacturing,5004.09,21.9,4982.19,212.42,106.21,1650.87,Invoice
FIN00077,ORD01028,2025-08-03,CUST106,Global Pvt Ltd,188234.97,188234.97,0,7559.25,3779.63,68906.77,Invoice
FIN00078,ORD00865,2025-08-21,CUST016,Shree Pvt Ltd,37876.55,37876.55,0,1460.67,730.33,14818.87,Invoice
FIN00079,ORD00240,2025-06-19,CUST064,Sunrise Industries,272242.84,272242.84,0,13109.64,6554.82,65297.82,Invoice
FIN00080,ORD00112,2025-06-26,CUST075,Global Traders,449.63,449.63,0,18.74,9.37,153.8,Invoice
FIN00081,ORD01661,2025-12-03,CUST099,Prime Pvt Ltd,17186.32,17186.32,0,803.33,401.66,4505.21,Invoice
FIN00082,ORD00949,2025-03-22,CUST060,Om Pvt Ltd,911.87,477.23,434.64,37,18.5,327.79,Invoice
FIN00083,ORD00590,2025-05-26,CUST112,National Manufacturing,1671.81,166.89,1504.92,67.01,33.5,614.02,Invoice
FIN00084,ORD00818,2025-06-08,CUST044,Apex Industries,10116.27,10116.27,0,402.15,201.07,3768.11,Invoice
FIN00085,ORD00024,2025-07-26,CUST036,National Industries,488.98,18.36,470.62,21.68,10.84,146.68,Invoice
FIN00086,ORD01568,2025-05-20,CUST031,United Industries,426.46,426.46,0,20.04,10.02,110.11,Invoice
FIN00087,ORD01790,2025-01-28,CUST093,Om Traders,149836.13,2086.68,147749.45,7623.61,3811.81,29491.96,Invoice
FIN00088,ORD01256,2025-08-29,CUST027,Om Industries,8709.23,4250.75,4458.48,365.49,182.74,2939.77,Invoice
FIN00089,ORD00519,2025-12-10,CUST046,Shree Pvt Ltd,284.1,284.1,0,12.14,6.07,92.49,Invoice
FIN00090,ORD00430,2025-03-10,CUST058,Sunrise Pvt Ltd,15722.09,9095.97,6626.12,682.79,341.39,4943.79,Invoice
FIN00091,ORD00655,2025-06-04,CUST110,Om Manufacturing,34141.24,34141.24,0,1430.52,715.26,11559.45,Invoice
FIN00092,ORD00332,2025-05-26,CUST087,Shree Manufacturing,88693.19,88693.19,0,3929.4,1964.7,26664.84,Invoice
FIN00093,ORD00189,2025-09-11,CUST034,Vertex Logistics,524.37,524.37,0,24.42,12.21,138.88,Invoice
FIN00094,ORD01726,2025-05-02,CUST068,Shree Enterprises,6811.92,6811.92,0,265.41,132.71,2622.22,Invoice
FIN00095,ORD00384,2025-06-01,CUST006,Vertex Enterprises,23173.61,23173.61,0,882.84,441.42,9237.32,Invoice
FIN00096,ORD00439,2025-07-10,CUST120,Prime Manufacturing,39790.14,39790.14,0,1611.83,805.92,14346.18,Invoice
FIN00097,ORD01776,2025-09-20,CUST014,National Industries,9519.27,9519.27,0,376.14,188.07,3581.56,Invoice
FIN00098,ORD00591,2025-04-13,CUST054,Prime Industries,19764.38,19764.38,0,799.97,399.98,7136.34,Invoice
FIN00099,ORD00211,2025-12-15,CUST012,Shree Pvt Ltd,3031.76,3031.76,0,142.77,71.39,778.01,Invoice
FIN00100,ORD00221,2025-07-31,CUST100,Sunrise Traders,43417.61,43417.61,0,1826.93,913.47,14578.19,Invoice
FIN00101,ORD00204,2025-03-19,CUST004,Prime Manufacturing,6236.28,6236.28,0,241.84,120.92,2418.62,Invoice
FIN00102,ORD00440,2025-01-13,CUST110,Om Manufacturing,40995.42,4731.78,36263.64,2047.74,1023.87,8670.31,Invoice
FIN00103,ORD01620,2025-04-04,CUST060,Om Pvt Ltd,1369.02,1369.02,0,60.65,30.32,411.69,Invoice
FIN00104,ORD01518,2025-08-03,CUST102,Global Logistics,9414.08,9414.08,0,403.9,201.95,3038.17,Invoice
FIN00105,ORD01742,2025-11-05,CUST078,Shree Industries,3049260.62,3049260.62,0,151717.22,75858.61,654296,Invoice
FIN00106,ORD00583,2025-01-28,CUST119,National Traders,3919.39,3919.39,0,166.5,83.25,1291,Invoice
FIN00107,ORD01734,2025-09-13,CUST062,Global Industries,12118.14,12118.14,0,442.2,221.1,5137.62,Invoice
FIN00108,ORD00484,2025-03-18,CUST112,National Manufacturing,219269.82,219269.82,0,10250.92,5125.46,57451.73,Invoice
FIN00109,ORD01250,2025-03-19,CUST108,National Manufacturing,35689.08,3299.26,32389.82,1608.59,804.3,10296.28,Invoice
FIN00110,ORD00783,2025-03-26,CUST103,Apex Traders,25055.38,25055.38,0,1093.26,546.63,7797.53,Invoice
FIN00111,ORD00482,2025-08-13,CUST110,Om Manufacturing,2291.21,2291.21,0,98.82,49.41,731.33,Invoice
FIN00112,ORD00515,2025-10-04,CUST059,Global Manufacturing,819.17,819.17,0,36.43,18.22,244.03,Invoice
FIN00113,ORD00950,2025-06-12,CUST109,National Enterprises,289.12,289.12,0,12.2,6.1,96.56,Invoice
FIN00114,ORD00969,2025-06-09,CUST112,National Manufacturing,6466.58,6466.58,0,272.39,136.19,2166.78,Invoice
FIN00115,ORD00612,2025-05-06,CUST082,Global Enterprises,1490.73,918.29,572.44,72.8,36.4,341.56,Invoice
FIN00116,ORD00803,2025-01-31,CUST111,National Manufacturing,974.93,974.93,0,44.8,22.4,267.8,Invoice
FIN00117,ORD00528,2025-03-27,CUST090,Sunrise Traders,30457.45,30457.45,0,1504.86,752.43,6702.15,Invoice
FIN00118,ORD00768,2025-08-13,CUST001,Prime Industries,95711.18,2721.55,92989.63,3866.04,1933.02,34683,Invoice
FIN00119,ORD00599,2025-07-22,CUST070,National Logistics,22340.33,12118.44,10221.89,891.08,445.54,8274,Invoice
FIN00120,ORD00116,2025-01-27,CUST040,National Pvt Ltd,61829.29,61829.29,0,2665.36,1332.68,19754.67,Invoice
FIN00121,ORD00507,2025-06-30,CUST013,Prime Industries,10499.4,10499.4,0,437.45,218.73,3593.93,Invoice
FIN00122,ORD00545,2025-12-14,CUST054,Prime Industries,181952.83,181952.83,0,8620.17,4310.08,45877.34,Invoice
FIN00123,ORD00351,2025-04-13,CUST097,Vertex Pvt Ltd,14238.41,14238.41,0,588.51,294.26,4948.35,Invoice
FIN00124,ORD01388,2025-03-14,CUST010,Metro Logistics,12809.41,12809.41,0,603.52,301.76,3282.38,Invoice
FIN00125,ORD01718,2025-11-05,CUST099,Prime Pvt Ltd,68606.03,2759.17,65846.86,2805.41,1402.71,24320.61,Invoice
FIN00126,ORD01752,2025-11-22,CUST106,Global Pvt Ltd,48300.74,18285.83,30014.91,2544.05,1272.02,8141.14,Invoice
FIN00127,ORD01051,2025-02-03,CUST100,Sunrise Traders,8790.05,8790.05,0,382.66,191.33,2749.51,Invoice
FIN00128,ORD01202,2025-04-20,CUST111,National Manufacturing,18470.51,18470.51,0,809.57,404.79,5690.81,Invoice
FIN00129,ORD00276,2025-04-19,CUST039,Shree Logistics,110010.68,110010.68,0,4236.06,2118.03,43141.47,Invoice
FIN00130,ORD00345,2025-07-27,CUST040,National Pvt Ltd,27394.37,27394.37,0,1045.76,522.88,10886.36,Invoice
FIN00131,ORD01777,2025-01-05,CUST017,Global Logistics,1611.19,1611.19,0,72.35,36.17,469.12,Invoice
FIN00132,ORD01217,2025-10-23,CUST047,Global Pvt Ltd,190600.15,190600.15,0,8206.46,4103.23,61055.34,Invoice
FIN00133,ORD00711,2025-09-09,CUST042,National Manufacturing,47945.14,7137.63,40807.51,1872.22,936.11,18390.75,Invoice
FIN00134,ORD00343,2025-03-31,CUST099,Prime Pvt Ltd,31055.9,31055.9,0,1525.86,762.93,6969.07,Invoice
FIN00135,ORD01197,2025-07-18,CUST020,Shree Industries,44324.98,19061.95,25263.03,1669.13,834.56,17976.63,Invoice
FIN00136,ORD00483,2025-10-01,CUST090,Sunrise Traders,47851.94,47851.94,0,1819.7,909.85,19126.67,Invoice
FIN00137,ORD00887,2025-12-17,CUST044,Apex Industries,57827.88,57827.88,0,2464.11,1232.05,18930.2,Invoice
FIN00138,ORD00333,2025-04-04,CUST013,Prime Industries,170.6,9.68,160.92,7.42,3.71,53.51,Invoice
FIN00139,ORD01166,2025-12-29,CUST091,Metro Pvt Ltd,21078.04,21078.04,0,939.39,469.7,6249.06,Invoice
FIN00140,ORD00125,2025-04-17,CUST069,United Logistics,10372.58,6437.73,3934.85,448.61,224.3,3291,Invoice
FIN00141,ORD00544,2025-02-25,CUST036,National Industries,22035.49,22035.49,0,998.54,499.27,6272.81,Invoice
FIN00142,ORD01125,2025-12-16,CUST078,Shree Industries,8946.01,3663.75,5282.26,409.87,204.93,2475.95,Invoice
FIN00143,ORD00050,2025-07-05,CUST056,National Enterprises,20354.76,20354.76,0,847.15,423.57,6981.91,Invoice
FIN00144,ORD01212,2025-03-16,CUST008,Metro Traders,18080.7,18080.7,0,784.97,392.48,5689.41,Invoice
FIN00145,ORD00427,2025-03-17,CUST088,United Manufacturing,73631.53,73631.53,0,2891.93,1445.97,27980.33,Invoice
FIN00146,ORD00701,2025-12-08,CUST048,Sunrise Manufacturing,21837.62,21837.62,0,976.6,488.3,6421.36,Invoice
FIN00147,ORD01161,2025-10-18,CUST113,Vertex Manufacturing,25971.06,19067.06,6904,1218.55,609.28,6735.32,Invoice
FIN00148,ORD01778,2025-03-07,CUST078,Shree Industries,1042.35,136.01,906.34,45.42,22.71,325.29,Invoice
FIN00149,ORD00893,2025-06-03,CUST109,National Enterprises,3989.06,2446.35,1542.71,171.91,85.96,1275.29,Invoice
FIN00150,ORD01165,2025-04-13,CUST032,Vertex Industries,5889.03,5889.03,0,266.26,133.13,1685.89,Invoice
FIN00151,ORD01512,2025-01-23,CUST003,Prime Logistics,18729.63,18729.63,0,679.49,339.75,8003.34,Invoice
FIN00152,ORD01788,2025-09-18,CUST051,Prime Manufacturing,7823.31,5623.55,2199.76,304.37,152.19,3018.59,Invoice
FIN00153,ORD01209,2025-10-23,CUST062,Global Industries,13939.69,13939.69,0,592.13,296.07,4592.48,Invoice
FIN00154,ORD01766,2025-07-14,CUST059,Global Manufacturing,588.65,40.35,548.3,24.45,12.23,202.65,Invoice
FIN00155,ORD00234,2025-06-12,CUST051,Prime Manufacturing,10179.66,10179.66,0,467.87,233.94,2793.93,Invoice
FIN00156,ORD00079,2025-12-06,CUST062,Global Industries,5493.37,3467.04,2026.33,236.11,118.05,1766.22,Invoice
FIN00157,ORD00882,2025-08-21,CUST019,Apex Manufacturing,7121.11,7121.11,0,328.47,164.23,1936.05,Invoice
FIN00158,ORD00615,2025-10-22,CUST097,Vertex Pvt Ltd,484.55,313.54,171.01,19.57,9.78,175.66,Invoice
FIN00159,ORD00415,2025-12-18,CUST042,National Manufacturing,23393.83,23393.83,0,921.5,460.75,8847.25,Invoice
FIN00160,ORD00074,2025-09-17,CUST057,Apex Enterprises,59000.05,59000.05,0,2245.41,1122.71,23554.59,Invoice
FIN00161,ORD00621,2025-05-26,CUST039,Shree Logistics,18308.33,18308.33,0,653.8,326.9,7987.66,Invoice
FIN00162,ORD00070,2025-08-12,CUST047,Global Pvt Ltd,10474.42,10474.42,0,470.15,235.07,3052.82,Invoice
FIN00163,ORD01608,2025-04-30,CUST053,United Manufacturing,3760.16,3760.16,0,162.25,81.12,1198.99,Invoice
FIN00164,ORD01319,2025-01-31,CUST006,Vertex Enterprises,129893.8,129893.8,0,5145.7,2572.85,48665.26,Invoice
FIN00165,ORD00786,2025-11-25,CUST009,Prime Industries,2796.03,370.75,2425.28,107.65,53.83,1096.67,Invoice
FIN00166,ORD00778,2025-07-05,CUST048,Sunrise Manufacturing,12255.17,12255.17,0,503.44,251.72,4308.08,Invoice
FIN00167,ORD01755,2025-07-20,CUST093,Om Traders,307.99,307.99,0,11.94,5.97,119.54,Invoice
FIN00168,ORD00451,2025-07-16,CUST057,Apex Enterprises,123185.93,123185.93,0,6328.48,3164.24,23286.34,Invoice
FIN00169,ORD00846,2025-09-05,CUST043,Om Logistics,72960.16,252.13,72708.03,3914,1957,11174.95,Invoice
FIN00170,ORD00845,2025-07-12,CUST065,Apex Logistics,7949.04,7949.04,0,316.59,158.3,2951.37,Invoice
FIN00171,ORD00868,2025-04-19,CUST088,United Manufacturing,45563.98,45563.98,0,1981.25,990.63,14288.5,Invoice
FIN00172,ORD00850,2025-11-02,CUST076,Metro Manufacturing,1146.04,1146.04,0,50.02,25.01,356.47,Invoice
FIN00173,ORD01263,2025-01-30,CUST101,Vertex Manufacturing,3987.8,3987.8,0,155.61,77.81,1531.34,Invoice
FIN00174,ORD00077,2025-03-23,CUST067,Metro Manufacturing,19004.67,19004.67,0,754.09,377.04,7100.84,Invoice
FIN00175,ORD01506,2025-05-15,CUST082,Global Enterprises,10026.38,10026.38,0,461.36,230.68,2743.42,Invoice
FIN00176,ORD00938,2025-04-12,CUST061,Apex Industries,1357.68,947.37,410.31,57.21,28.61,454.52,Invoice
FIN00177,ORD01522,2025-10-14,CUST009,Prime Industries,203.66,203.66,0,8.22,4.11,73.89,Invoice
FIN00178,ORD01287,2025-02-06,CUST101,Vertex Manufacturing,783774.52,783774.52,0,34590.54,17295.27,237738.21,Invoice
FIN00179,ORD00781,2025-11-19,CUST078,Shree Industries,73700.49,73700.49,0,3074.64,1537.32,25165.03,Invoice
FIN00180,ORD01363,2025-11-20,CUST097,Vertex Pvt Ltd,6252595.36,6252595.36,0,284237.17,142118.58,1765708.63,Invoice
FIN00181,ORD01327,2025-08-19,CUST017,Global Logistics,25429.61,25429.61,0,934.13,467.07,10683.68,Invoice
FIN00182,ORD00702,2025-01-07,CUST059,Global Manufacturing,279.8,113.33,166.47,11.7,5.85,95.12,Invoice
FIN00183,ORD01240,2025-12-22,CUST078,Shree Industries,62393.07,62393.07,0,2654.26,1327.13,20493.61,Invoice
FIN00184,ORD00706,2025-11-21,CUST033,Om Manufacturing,3205.5,1222.15,1983.35,130.26,65.13,1149.33,Invoice
FIN00185,ORD01321,2025-05-10,CUST052,United Manufacturing,6966.68,6966.68,0,306.39,153.2,2130.04,Invoice
FIN00186,ORD00031,2025-07-16,CUST062,Global Industries,5350.58,2959.38,2391.2,228.45,114.22,1744.41,Invoice
FIN00187,ORD01320,2025-05-08,CUST003,Prime Logistics,26606.5,26606.5,0,1042.7,521.35,10146.69,Invoice
FIN00188,ORD01465,2025-12-07,CUST021,National Pvt Ltd,1225.91,844.34,381.57,57.51,28.75,318.08,Invoice
FIN00189,ORD01636,2025-10-14,CUST098,Prime Pvt Ltd,492.42,492.42,0,18.87,9.43,194.55,Invoice
FIN00190,ORD00368,2025-10-04,CUST105,United Pvt Ltd,5165.84,5165.84,0,240.37,120.18,1371.48,Invoice
FIN00191,ORD00409,2025-05-01,CUST061,Apex Industries,113069.47,49776.92,63292.55,4547.95,2273.97,41276.84,Invoice
FIN00192,ORD01030,2025-03-24,CUST002,Global Pvt Ltd,14341.12,14341.12,0,611.07,305.53,4694.95,Invoice
FIN00193,ORD01396,2025-04-14,CUST026,Prime Manufacturing,954.76,535.74,419.02,36.17,18.08,383.82,Invoice
FIN00194,ORD01413,2025-12-18,CUST102,Global Logistics,7400.55,3000.91,4399.64,334.33,167.16,2122.93,Invoice
FIN00195,ORD00100,2025-01-17,CUST060,Om Pvt Ltd,723.83,723.83,0,28.03,14.01,281.39,Invoice
FIN00196,ORD01145,2025-10-08,CUST101,Vertex Manufacturing,3995.74,3995.74,0,178.89,89.45,1171.82,Invoice
FIN00197,ORD01109,2025-12-31,CUST120,Prime Manufacturing,10412.41,10412.41,0,492.02,246.01,2645.55,Invoice
FIN00198,ORD01638,2025-01-09,CUST012,Shree Pvt Ltd,11353.87,11353.87,0,449.1,224.55,4264.49,Invoice
FIN00199,ORD01090,2025-09-29,CUST081,Vertex Industries,3693.51,2684.73,1008.78,161.05,80.52,1151.23,Invoice
FIN00200,ORD00856,2025-10-23,CUST036,National Industries,11353.21,11353.21,0,518.53,259.26,3167.9,Invoice
FIN00201,ORD00788,2025-05-12,CUST033,Om Manufacturing,64532.62,7906.99,56625.63,2827.84,1413.92,19893.19,Invoice
FIN00202,ORD00169,2025-02-15,CUST091,Metro Pvt Ltd,12401.29,12401.29,0,543.34,271.67,3824.28,Invoice
FIN00203,ORD00943,2025-10-16,CUST094,Sunrise Traders,42505.45,42505.45,0,1860.68,930.34,13133.35,Invoice
FIN00204,ORD00213,2025-07-10,CUST006,Vertex Enterprises,15116.47,6880.71,8235.76,559.54,279.77,6283.8,Invoice
FIN00205,ORD01545,2025-01-11,CUST001,Prime Industries,70759.28,70759.28,0,2737.9,1368.95,27539.55,Invoice
FIN00206,ORD01044,2025-09-17,CUST044,Apex Industries,25684.01,25684.01,0,976.86,488.43,10263.61,Invoice
FIN00207,ORD01728,2025-07-02,CUST012,Shree Pvt Ltd,185961.9,114550.03,71411.87,8791.22,4395.61,47186.22,Invoice
FIN00208,ORD00481,2025-04-14,CUST116,United Manufacturing,107979.53,107979.53,0,4767.27,2383.63,32724.8,Invoice
FIN00209,ORD01594,2025-03-05,CUST026,Prime Manufacturing,608090.42,608090.42,0,27936.6,13968.3,167091.2,Invoice
FIN00210,ORD01441,2025-08-14,CUST073,Vertex Industries,103087.09,47952.54,55134.55,3979.75,1989.88,40263.82,Invoice
FIN00211,ORD01747,2025-09-03,CUST061,Apex Industries,1128.83,137.77,991.06,47.85,23.93,373.43,Invoice
FIN00212,ORD00033,2025-04-07,CUST078,Shree Industries,20407.13,20407.13,0,803.56,401.78,7722.38,Invoice
FIN00213,ORD00918,2025-04-29,CUST079,Shree Manufacturing,5117.57,5117.57,0,209.27,104.63,1814.14,Invoice
FIN00214,ORD01164,2025-06-22,CUST032,Vertex Industries,3544.36,304.98,3239.38,147.01,73.5,1223.74,Invoice
FIN00215,ORD00421,2025-09-14,CUST056,National Enterprises,9217.52,9217.52,0,373.95,186.98,3314.38,Invoice
FIN00216,ORD01443,2025-11-17,CUST029,Prime Pvt Ltd,199528.75,199528.75,0,10062.12,5031.06,40691.01,Invoice
FIN00217,ORD01188,2025-04-13,CUST020,Shree Industries,29785.68,1109.04,28676.64,1243.16,621.58,10161.53,Invoice
FIN00218,ORD01305,2025-09-04,CUST022,United Manufacturing,5801.73,5801.73,0,217.55,108.77,2367.59,Invoice
FIN00219,ORD00904,2025-01-18,CUST028,United Logistics,297.32,297.32,0,11.79,5.89,111.23,Invoice
FIN00220,ORD00186,2025-06-02,CUST075,Global Traders,422073.72,422073.72,0,20131.39,10065.69,104285.37,Invoice
FIN00221,ORD00963,2025-02-07,CUST062,Global Industries,21552.8,21552.8,0,962.06,481.03,6366.01,Invoice
FIN00222,ORD01541,2025-11-02,CUST088,United Manufacturing,7176.1,7176.1,0,313.88,156.94,2221.21,Invoice
FIN00223,ORD00271,2025-04-03,CUST046,Shree Pvt Ltd,10917.68,10917.68,0,502.05,251.03,2992.44,Invoice
FIN00224,ORD00045,2025-08-28,CUST088,United Manufacturing,306178.89,306178.89,0,15390.85,7695.42,63223.36,Invoice
FIN00225,ORD00372,2025-07-22,CUST060,Om Pvt Ltd,170062.26,170062.26,0,7930.88,3965.44,44867.73,Invoice
FIN00226,ORD00584,2025-08-15,CUST042,National Manufacturing,52387.11,20296.4,32090.71,2592.71,1296.35,11459.38,Invoice
FIN00227,ORD00942,2025-10-31,CUST055,National Manufacturing,31415.21,14731.83,16683.38,1164.37,582.18,13034.87,Invoice
FIN00228,ORD00819,2025-02-15,CUST075,Global Traders,2410.49,1780.56,629.93,100.69,50.35,820.98,Invoice
FIN00229,ORD00197,2025-08-21,CUST009,Prime Industries,13949.63,13949.63,0,664.47,332.24,3460.47,Invoice
FIN00230,ORD00899,2025-09-05,CUST015,Metro Manufacturing,9686.3,6093.72,3592.58,444.91,222.46,2663.06,Invoice
FIN00231,ORD01008,2025-02-12,CUST095,Vertex Industries,17100.41,17100.41,0,811.44,405.72,4291.27,Invoice
FIN00232,ORD00238,2025-12-29,CUST073,Vertex Industries,6133,6133,0,250.89,125.44,2172.53,Invoice
FIN00233,ORD00060,2025-10-15,CUST070,National Logistics,17925.36,10578.9,7346.46,733.19,366.59,6351.48,Invoice
FIN00234,ORD01227,2025-12-01,CUST031,United Industries,107243.24,11482.98,95760.26,4481.27,2240.63,36503.24,Invoice
FIN00235,ORD00399,2025-04-24,CUST098,Prime Pvt Ltd,14941.57,5738.03,9203.54,633.72,316.86,4937.89,Invoice
FIN00236,ORD00989,2025-05-17,CUST076,Metro Manufacturing,44278.42,44278.42,0,1777.93,888.96,16212.55,Invoice
FIN00237,ORD01470,2025-04-27,CUST043,Om Logistics,9288.4,9288.4,0,374.9,187.45,3370.32,Invoice
FIN00238,ORD00366,2025-07-23,CUST001,Prime Industries,82813.03,82813.03,0,3533.54,1766.77,27033.5,Invoice
FIN00239,ORD01561,2025-04-02,CUST086,Apex Manufacturing,550.18,400.97,149.21,21.2,10.6,215.5,Invoice
FIN00240,ORD00308,2025-09-01,CUST015,Metro Manufacturing,372.02,38.09,333.93,14.17,7.09,148.27,Invoice
FIN00241,ORD01453,2025-08-28,CUST050,Prime Industries,15191.87,15191.87,0,582.65,291.32,5994.35,Invoice
FIN00242,ORD01273,2025-03-05,CUST114,United Pvt Ltd,82297.95,61678.84,20619.11,3093.92,1546.96,33458.18,Invoice
FIN00243,ORD00124,2025-10-07,CUST004,Prime Manufacturing,86407.48,86407.48,0,4205.53,2102.76,20020.21,Invoice
FIN00244,ORD00772,2025-02-12,CUST098,Prime Pvt Ltd,15797.32,15797.32,0,688.35,344.17,4931.24,Invoice
FIN00245,ORD00255,2025-01-20,CUST067,Metro Manufacturing,180.35,180.35,0,7.2,3.6,66.69,Invoice
FIN00246,ORD00306,2025-11-12,CUST053,United Manufacturing,6577.66,6577.66,0,257.88,128.94,2506.92,Invoice
FIN00247,ORD01023,2025-06-11,CUST022,United Manufacturing,9636.39,9636.39,0,382.98,191.49,3590.8,Invoice
FIN00248,ORD00683,2025-10-11,CUST049,Metro Enterprises,10640.01,464.6,10175.41,445.92,222.96,3600.92,Invoice
FIN00249,ORD01117,2025-02-03,CUST026,Prime Manufacturing,6435.77,3956.2,2479.57,255.39,127.69,2404.29,Invoice
FIN00250,ORD01552,2025-07-08,CUST089,Shree Manufacturing,31296.93,1365.11,29931.82,1303.42,651.71,10721.5,Invoice
FIN00251,ORD01637,2025-09-02,CUST108,National Manufacturing,8068.21,1152.48,6915.73,317.8,158.9,3051.45,Invoice
FIN00252,ORD01369,2025-03-05,CUST006,Vertex Enterprises,8277.94,4238.29,4039.65,328.35,164.18,3094.68,Invoice
FIN00253,ORD01475,2025-02-16,CUST062,Global Industries,3289.79,1292.76,1997.03,139.21,69.6,1092.29,Invoice
FIN00254,ORD01180,2025-04-27,CUST072,United Logistics,38539.78,38539.78,0,1612.6,806.3,13083.73,Invoice
FIN00255,ORD01780,2025-05-20,CUST113,Vertex Manufacturing,3785.48,3785.48,0,152.92,76.46,1371.54,Invoice
FIN00256,ORD00298,2025-06-10,CUST066,Om Logistics,16853.2,10281.03,6572.17,722.43,361.21,5449.19,Invoice
FIN00257,ORD01014,2025-07-22,CUST083,Metro Industries,164650.41,164650.41,0,8685.06,4342.53,27550.58,Invoice
FIN00258,ORD00367,2025-05-26,CUST001,Prime Industries,7199.13,7199.13,0,334.84,167.42,1913.41,Invoice
FIN00259,ORD01437,2025-03-02,CUST003,Prime Logistics,10615.82,10615.82,0,454.83,227.42,3435.93,Invoice
FIN00260,ORD01548,2025-07-13,CUST034,Vertex Logistics,5450.41,5450.41,0,223.42,111.71,1923.59,Invoice
FIN00261,ORD01760,2025-03-06,CUST117,National Pvt Ltd,4379.08,4379.08,0,183.13,91.57,1488.22,Invoice
FIN00262,ORD00352,2025-02-10,CUST012,Shree Pvt Ltd,5164.06,5164.06,0,208.09,104.04,1879.25,Invoice
FIN00263,ORD00068,2025-10-14,CUST090,Sunrise Traders,535.63,535.63,0,20.65,10.33,209.62,Invoice
FIN00264,ORD01081,2025-02-19,CUST092,Metro Industries,200270.22,2847.52,197422.7,9294.7,4647.35,53546.68,Invoice
FIN00265,ORD01612,2025-02-21,CUST033,Om Manufacturing,543.69,50.79,492.9,21.07,10.53,211.1,Invoice
FIN00266,ORD00746,2025-03-02,CUST053,United Manufacturing,396.72,396.72,0,15.43,7.71,153.21,Invoice
FIN00267,ORD01269,2025-08-27,CUST001,Prime Industries,8665.32,486.17,8179.15,383.04,191.52,2618.76,Invoice
FIN00268,ORD01736,2025-03-27,CUST016,Shree Pvt Ltd,259672.2,30347.87,229324.33,12233.57,6116.78,66556.59,Invoice
FIN00269,ORD00395,2025-03-12,CUST105,United Pvt Ltd,6965.64,6965.64,0,299.03,149.51,2245.27,Invoice
FIN00270,ORD00734,2025-12-15,CUST110,Om Manufacturing,7079.78,3384.53,3695.25,290.47,145.24,2494.44,Invoice
FIN00271,ORD00814,2025-02-19,CUST097,Vertex Pvt Ltd,13802.16,13802.16,0,590.33,295.17,4483.34,Invoice
FIN00272,ORD01351,2025-08-13,CUST117,National Pvt Ltd,5586.37,5586.37,0,236.74,118.37,1849.23,Invoice
FIN00273,ORD00304,2025-04-10,CUST074,Global Traders,6872.88,6872.88,0,323.53,161.77,1765.72,Invoice
FIN00274,ORD00594,2025-09-25,CUST088,United Manufacturing,640.5,640.5,0,29.65,14.83,172.42,Invoice
FIN00275,ORD01380,2025-04-19,CUST002,Global Pvt Ltd,2959.99,1552.5,1407.49,124.34,62.17,997.24,Invoice
FIN00276,ORD01425,2025-12-17,CUST021,National Pvt Ltd,724557.26,724557.26,0,35827.26,17913.63,158998.37,Invoice
FIN00277,ORD01498,2025-07-13,CUST042,National Manufacturing,298078.35,180635.32,117443.03,14035.34,7017.67,76520.53,Invoice
FIN00278,ORD00317,2025-06-26,CUST097,Vertex Pvt Ltd,19018.88,11761.11,7257.77,747.97,373.99,7211.59,Invoice
FIN00279,ORD01532,2025-07-22,CUST092,Metro Industries,249.69,249.69,0,9.97,4.99,92.26,Invoice
FIN00280,ORD00755,2025-09-28,CUST088,United Manufacturing,13040.7,762.03,12278.67,508.73,254.37,5009.97,Invoice
FIN00281,ORD00644,2025-02-11,CUST040,National Pvt Ltd,9568.7,4027.22,5541.48,371.61,185.8,3702.59,Invoice
FIN00282,ORD00535,2025-01-15,CUST005,Apex Logistics,36439.88,36439.88,0,1896.7,948.35,6499.09,Invoice
FIN00283,ORD00756,2025-12-14,CUST091,Metro Pvt Ltd,1102199.02,1102199.02,0,56108.32,28054.16,216489.12,Invoice
FIN00284,ORD00262,2025-04-26,CUST079,Shree Manufacturing,24134.33,24134.33,0,1098.82,549.41,6788.69,Invoice
FIN00285,ORD01085,2025-07-27,CUST048,Sunrise Manufacturing,29052.49,14087.61,14964.88,1580.05,790.02,4110.3,Invoice
FIN00286,ORD00241,2025-04-18,CUST104,Om Logistics,9153.28,9153.28,0,440.37,220.19,2201.69,Invoice
FIN00287,ORD00671,2025-12-31,CUST032,Vertex Industries,14642.09,14642.09,0,591.32,295.66,5307.72,Invoice
FIN00288,ORD00299,2025-10-05,CUST095,Vertex Industries,21919.39,2458.92,19460.47,882.02,441.01,7996.12,Invoice
FIN00289,ORD01111,2025-12-22,CUST063,Prime Logistics,66149.44,66149.44,0,2737.64,1368.82,22933.86,Invoice
FIN00290,ORD00967,2025-10-16,CUST023,Vertex Logistics,5106.56,5106.56,0,193.56,96.78,2051.08,Invoice
FIN00291,ORD00847,2025-04-21,CUST095,Vertex Industries,10569.36,5735.25,4834.11,453.39,226.69,3412.34,Invoice
FIN00292,ORD00433,2025-08-27,CUST094,Sunrise Traders,8066.72,8066.72,0,319.84,159.92,3017.86,Invoice
FIN00293,ORD00072,2025-04-12,CUST110,Om Manufacturing,18560.7,18560.7,0,797.71,398.85,5968.3,Invoice
FIN00294,ORD00382,2025-12-19,CUST037,Prime Pvt Ltd,463.48,463.48,0,20.15,10.08,145.35,Invoice
FIN00295,ORD00260,2025-07-23,CUST056,National Enterprises,2102.5,2102.5,0,91.82,45.91,653.04,Invoice
FIN00296,ORD00052,2025-10-28,CUST120,Prime Manufacturing,24447.48,24447.48,0,1102.4,551.2,7045.32,Invoice
FIN00297,ORD00375,2025-04-30,CUST110,Om Manufacturing,19478.16,12247.36,7230.8,814.86,407.43,6614.97,Invoice
FIN00298,ORD00340,2025-06-07,CUST060,Om Pvt Ltd,3418.07,1489.54,1928.53,137.18,68.59,1252.6,Invoice
FIN00299,ORD00533,2025-01-10,CUST002,Global Pvt Ltd,33404.71,33404.71,0,1354.95,677.47,12015.9,Invoice
FIN00300,ORD01222,2025-06-29,CUST053,United Manufacturing,23736.36,23736.36,0,951.83,475.92,8711.03,Invoice
FIN00301,ORD01315,2025-12-31,CUST044,Apex Industries,16608.69,16608.69,0,745.34,372.67,4843.03,Invoice
FIN00302,ORD01064,2025-05-25,CUST033,Om Manufacturing,31082.82,17263.4,13819.42,1361.67,680.83,9587.94,Invoice
FIN00303,ORD01738,2025-12-12,CUST086,Apex Manufacturing,7298.68,7298.68,0,289.06,144.53,2735.7,Invoice
FIN00304,ORD01743,2025-02-05,CUST002,Global Pvt Ltd,1111031.7,1111031.7,0,62369.36,31184.68,126486.8,Invoice
FIN00305,ORD01056,2025-05-12,CUST114,United Pvt Ltd,21496.33,21496.33,0,982.35,491.17,5989.29,Invoice
FIN00306,ORD01231,2025-04-11,CUST021,National Pvt Ltd,306.54,19,287.54,12.19,6.09,114.14,Invoice
FIN00307,ORD00939,2025-12-20,CUST042,National Manufacturing,978.28,102.27,876.01,42.61,21.31,305.62,Invoice
FIN00308,ORD01492,2025-10-01,CUST106,Global Pvt Ltd,9028.54,9028.54,0,379.27,189.64,3041.45,Invoice
FIN00309,ORD00426,2025-12-04,CUST054,Prime Industries,7633.79,944.97,6688.82,314.52,157.26,2668.82,Invoice
FIN00310,ORD00463,2025-08-21,CUST073,Vertex Industries,1511705.13,949381.76,562323.37,84847.67,42423.83,172324.06,Invoice
FIN00311,ORD00495,2025-06-16,CUST092,Metro Industries,3283.78,3283.78,0,119.02,59.51,1404.95,Invoice
FIN00312,ORD00844,2025-07-05,CUST020,Shree Industries,1085.98,1085.98,0,46.61,23.31,350.19,Invoice
FIN00313,ORD01540,2025-01-08,CUST028,United Logistics,12722.5,12722.5,0,606.78,303.39,3144.02,Invoice
FIN00314,ORD00527,2025-05-20,CUST040,National Pvt Ltd,27174.95,2560,24614.95,1051.73,525.87,10572.63,Invoice
FIN00315,ORD00142,2025-10-04,CUST100,Sunrise Traders,7255.31,7255.31,0,324.33,162.17,2135.46,Invoice
FIN00316,ORD01477,2025-06-20,CUST030,Metro Industries,25607.29,25607.29,0,958.53,479.27,10476.2,Invoice
FIN00317,ORD00618,2025-02-17,CUST016,Shree Pvt Ltd,26655.96,26655.96,0,1082.58,541.29,9566.67,Invoice
FIN00318,ORD01682,2025-10-02,CUST008,Metro Traders,36077.06,36077.06,0,1399.67,699.83,13982.31,Invoice
FIN00319,ORD00858,2025-02-10,CUST100,Sunrise Traders,5421.13,3287.58,2133.55,225.25,112.63,1865.34,Invoice
FIN00320,ORD00434,2025-12-20,CUST010,Metro Logistics,20980.62,10666.96,10313.66,759.06,379.53,8998.3,Invoice
FIN00321,ORD00999,2025-07-11,CUST108,National Manufacturing,6956.21,439.27,6516.94,288.31,144.16,2405.01,Invoice
FIN00322,ORD00272,2025-02-15,CUST107,Om Traders,23727,23727,0,927.44,463.72,9086.7,Invoice
FIN00323,ORD00185,2025-09-28,CUST027,Om Industries,35225.24,35225.24,0,1690.28,845.14,8543.04,Invoice
FIN00324,ORD00773,2025-08-08,CUST064,Sunrise Industries,17364.89,6914.43,10450.46,713.97,356.99,6094.34,Invoice
FIN00325,ORD00245,2025-12-23,CUST069,United Logistics,8315.38,8315.38,0,290.87,145.43,3723.84,Invoice
FIN00326,ORD01464,2025-04-01,CUST108,National Manufacturing,20071.98,20071.98,0,887.72,443.86,6058.71,Invoice
FIN00327,ORD01069,2025-02-21,CUST042,National Manufacturing,227696.77,22479.38,205217.39,11263.15,5631.57,49899.92,Invoice
FIN00328,ORD01461,2025-08-24,CUST024,Sunrise Logistics,23740.97,23740.97,0,870.06,435.03,10006.51,Invoice
FIN00329,ORD01400,2025-02-17,CUST093,Om Traders,5098.78,5098.78,0,235.16,117.58,1386.6,Invoice
FIN00330,ORD01488,2025-12-31,CUST009,Prime Industries,387014.99,387014.99,0,18614.62,9307.31,93169.89,Invoice
FIN00331,ORD01482,2025-08-17,CUST036,National Industries,712985.67,468651.95,244333.72,33303.91,16651.96,187259.62,Invoice
FIN00332,ORD00908,2025-09-14,CUST084,Prime Traders,26991.55,26991.55,0,1108.23,554.12,9497.32,Invoice
FIN00333,ORD00603,2025-11-10,CUST004,Prime Manufacturing,435774.81,435774.81,0,22397.73,11198.87,82210.61,Invoice
FIN00334,ORD01767,2025-11-01,CUST072,United Logistics,14483.13,14483.13,0,704.8,352.4,3357.38,Invoice
FIN00335,ORD01309,2025-12-07,CUST001,Prime Industries,25759.96,25759.96,0,1240.55,620.27,6177.03,Invoice
FIN00336,ORD00251,2025-10-20,CUST088,United Manufacturing,33070.54,211.7,32858.84,1393.56,696.78,11072.18,Invoice
FIN00337,ORD00498,2025-06-25,CUST082,Global Enterprises,7962.58,7962.58,0,374.1,187.05,2057.15,Invoice
FIN00338,ORD01178,2025-06-12,CUST120,Prime Manufacturing,7228.38,4244.32,2984.06,323.92,161.96,2115.03,Invoice
FIN00339,ORD01291,2025-11-26,CUST110,Om Manufacturing,2529612.78,2529612.78,0,138298.05,69149.03,346479.22,Invoice
FIN00340,ORD01377,2025-05-31,CUST117,National Pvt Ltd,4782.27,4782.27,0,224.1,112.05,1244.65,Invoice
FIN00341,ORD00355,2025-07-14,CUST032,Vertex Industries,1175382.34,1175382.34,0,57709.98,28854.99,264389.09,Invoice
FIN00342,ORD01054,2025-08-30,CUST047,Global Pvt Ltd,29407.74,16918.7,12489.04,1332.82,666.41,8368.15,Invoice
FIN00343,ORD00619,2025-06-05,CUST066,Om Logistics,1462542.09,1462542.09,0,65994.17,32997.09,420776.92,Invoice
FIN00344,ORD00629,2025-02-15,CUST083,Metro Industries,10786.11,10786.11,0,443.1,221.55,3791.53,Invoice
FIN00345,ORD01027,2025-04-01,CUST013,Prime Industries,19820.11,19820.11,0,844.33,422.17,6491.75,Invoice
FIN00346,ORD01304,2025-05-03,CUST049,Metro Enterprises,2849.04,2849.04,0,103,51.5,1223.14,Invoice
FIN00347,ORD00416,2025-03-25,CUST108,National Manufacturing,49433.79,49433.79,0,2398.9,1199.45,11565.38,Invoice
FIN00348,ORD00998,2025-08-28,CUST099,Prime Pvt Ltd,13126.71,13126.71,0,562.68,281.34,4244.34,Invoice
FIN00349,ORD00171,2025-08-11,CUST101,Vertex Manufacturing,22205.23,2053.99,20151.24,1023.69,511.85,6045.54,Invoice
FIN00350,ORD01567,2025-04-20,CUST110,Om Manufacturing,24941.47,24941.47,0,1000.33,500.17,9150.53,Invoice
FIN00351,ORD00414,2025-05-21,CUST115,Metro Enterprises,9706.63,9706.63,0,381.32,190.66,3687.28,Invoice
FIN00352,ORD01422,2025-11-14,CUST047,Global Pvt Ltd,5900.46,331.48,5568.98,243.45,121.73,2057.42,Invoice
FIN00353,ORD00301,2025-03-16,CUST037,Prime Pvt Ltd,92713.02,40768.04,51944.98,4631.29,2315.65,19604.76,Invoice
FIN00354,ORD01782,2025-07-19,CUST099,Prime Pvt Ltd,118259.72,118259.72,0,5378.42,2689.21,33357.49,Invoice
FIN00355,ORD00412,2025-12-19,CUST094,Sunrise Traders,218.89,218.89,0,10.05,5.02,60.32,Invoice
FIN00356,ORD00766,2025-04-06,CUST016,Shree Pvt Ltd,12320.01,12320.01,0,546,273,3701.01,Invoice
FIN00357,ORD01466,2025-07-14,CUST057,Apex Enterprises,17501.43,17501.43,0,786.59,393.29,5084.57,Invoice
FIN00358,ORD01735,2025-03-29,CUST028,United Logistics,23787.86,15259,8528.86,930.06,465.03,9106.14,Invoice
FIN00359,ORD01270,2025-07-17,CUST113,Vertex Manufacturing,1043.22,1043.22,0,44.57,22.29,339.64,Invoice
FIN00360,ORD01275,2025-01-23,CUST089,Shree Manufacturing,19702.39,11207.16,8495.23,854.21,427.1,6218.09,Invoice
FIN00361,ORD00833,2025-08-08,CUST073,Vertex Industries,2239.52,2239.52,0,89.73,44.87,823.02,Invoice
FIN00362,ORD00837,2025-05-04,CUST071,Prime Manufacturing,1183.52,1183.52,0,45.97,22.99,457.81,Invoice
FIN00363,ORD01104,2025-06-30,CUST082,Global Enterprises,36799.75,36799.75,0,1467.91,733.95,13627.8,Invoice
FIN00364,ORD00860,2025-07-08,CUST037,Prime Pvt Ltd,1685.92,1685.92,0,75.53,37.76,493.68,Invoice
FIN00365,ORD00568,2025-06-02,CUST037,Prime Pvt Ltd,6095.6,4246.06,1849.54,251.45,125.72,2126.3,Invoice
FIN00366,ORD00176,2025-05-04,CUST077,Shree Industries,49525.66,3763.55,45762.11,2027.89,1013.95,17513.94,Invoice
FIN00367,ORD01462,2025-11-13,CUST014,National Industries,5101.31,3309.27,1792.04,191.01,95.51,2086.04,Invoice
FIN00368,ORD00678,2025-04-27,CUST003,Prime Logistics,20638.59,20638.59,0,814.05,407.03,7788.18,Invoice
FIN00369,ORD01395,2025-01-01,CUST087,Shree Manufacturing,187.11,187.11,0,7.5,3.75,68.79,Invoice
FIN00370,ORD00335,2025-03-02,CUST002,Global Pvt Ltd,33679.81,2125.28,31554.53,1617.58,808.79,8145.13,Invoice
FIN00371,ORD00760,2025-02-13,CUST087,Shree Manufacturing,17417.44,17417.44,0,679.98,339.99,6683.44,Invoice
FIN00372,ORD00638,2025-03-06,CUST042,National Manufacturing,28681.05,3364.39,25316.66,1402.52,701.26,6541.2,Invoice
FIN00373,ORD00894,2025-03-16,CUST056,National Enterprises,8086.69,8086.69,0,346.84,173.42,2611.51,Invoice
FIN00374,ORD01206,2025-08-05,CUST077,Shree Industries,351.9,351.9,0,15.41,7.7,108.67,Invoice
FIN00375,ORD00199,2025-12-16,CUST021,National Pvt Ltd,363294.7,363294.7,0,19435.78,9717.89,56487,Invoice
FIN00376,ORD00016,2025-09-26,CUST047,Global Pvt Ltd,13330.43,13330.43,0,599.1,299.55,3873.24,Invoice
FIN00377,ORD00266,2025-01-14,CUST101,Vertex Manufacturing,74405.48,74405.48,0,3547.1,1773.55,18411.96,Invoice
FIN00378,ORD00558,2025-11-11,CUST100,Sunrise Traders,16100.19,16100.19,0,702.7,351.35,5007.54,Invoice
FIN00379,ORD01034,2025-05-30,CUST021,National Pvt Ltd,37864.84,37864.84,0,1764.54,882.27,10010.24,Invoice
FIN00380,ORD00817,2025-12-31,CUST065,Apex Logistics,28897.22,28897.22,0,1055.52,527.76,12235.04,Invoice
FIN00381,ORD01508,2025-10-05,CUST053,United Manufacturing,1793.78,1793.78,0,78.76,39.38,550.45,Invoice
FIN00382,ORD00742,2025-02-15,CUST083,Metro Industries,13324.61,13324.61,0,627.44,313.72,3420.05,Invoice
FIN00383,ORD01393,2025-12-11,CUST017,Global Logistics,93092.28,2681.63,90410.65,3924.85,1962.43,31135.66,Invoice
FIN00384,ORD00479,2025-08-12,CUST002,Global Pvt Ltd,18919.83,10914.8,8005.03,773.56,386.78,6708.57,Invoice
FIN00385,ORD01006,2025-02-09,CUST064,Sunrise Industries,32786.2,32786.2,0,1388.31,694.16,10870.67,Invoice
FIN00386,ORD00417,2025-04-15,CUST044,Apex Industries,2077.24,2077.24,0,82.85,41.42,769.43,Invoice
FIN00387,ORD00200,2025-06-04,CUST015,Metro Manufacturing,20547.19,20547.19,0,1022.41,511.2,4407.74,Invoice
FIN00388,ORD00728,2025-12-04,CUST114,United Pvt Ltd,40013.13,4316.47,35696.66,1528.35,764.17,15887.1,Invoice
FIN00389,ORD00994,2025-03-29,CUST091,Metro Pvt Ltd,25730.85,3129.8,22601.05,903.91,451.96,11461.93,Invoice
FIN00390,ORD01723,2025-07-21,CUST116,United Manufacturing,34669.47,34669.47,0,1289.74,644.87,14309.93,Invoice
FIN00391,ORD01152,2025-11-13,CUST117,National Pvt Ltd,12683.36,12683.36,0,494.77,247.38,4873.13,Invoice
FIN00392,ORD01493,2025-07-11,CUST086,Apex Manufacturing,7841.67,7841.67,0,359.35,179.67,2169.15,Invoice
FIN00393,ORD01450,2025-04-15,CUST038,Global Manufacturing,35279.92,35279.92,0,1459.08,729.54,12247.33,Invoice
FIN00394,ORD01173,2025-08-07,CUST049,Metro Enterprises,8965.31,216.87,8748.44,402.74,201.37,2607.73,Invoice
FIN00395,ORD01118,2025-12-23,CUST092,Metro Industries,61257.53,61257.53,0,3230.72,1615.36,10258.35,Invoice
FIN00396,ORD01569,2025-04-10,CUST116,United Manufacturing,5703.14,782.76,4920.38,222.75,111.38,2186.82,Invoice
FIN00397,ORD00600,2025-05-04,CUST030,Metro Industries,69312.77,69312.77,0,2755.74,1377.87,25811.41,Invoice
FIN00398,ORD01386,2025-12-13,CUST087,Shree Manufacturing,35982.79,35982.79,0,1408.19,704.1,13753.43,Invoice
FIN00399,ORD00931,2025-01-16,CUST071,Prime Manufacturing,4623.29,4623.29,0,228.08,114.04,1022.84,Invoice
FIN00400,ORD00311,2025-11-19,CUST022,United Manufacturing,65981.85,8083.64,57898.21,3072.9,1536.45,17473.85,Invoice
FIN00401,ORD00057,2025-08-21,CUST120,Prime Manufacturing,68229.26,68229.26,0,3879.84,1939.92,6983.24,Invoice
FIN00402,ORD00549,2025-10-15,CUST016,Shree Pvt Ltd,7980.09,7980.09,0,347.76,173.88,2490.41,Invoice
FIN00403,ORD00423,2025-03-23,CUST055,National Manufacturing,5975.18,5975.18,0,257.71,128.85,1907.12,Invoice
FIN00404,ORD00597,2025-04-05,CUST038,Global Manufacturing,35948.72,35948.72,0,1384.88,692.44,14087.32,Invoice
FIN00405,ORD00044,2025-04-13,CUST007,Shree Industries,40036.1,18739.16,21296.94,1850.58,925.29,10823.45,Invoice
FIN00406,ORD00101,2025-05-23,CUST084,Prime Traders,25579.41,25579.41,0,1135.86,567.93,7648.97,Invoice
FIN00407,ORD00275,2025-08-11,CUST032,Vertex Industries,40561.05,1389.73,39171.32,1821.93,910.97,11800.54,Invoice
FIN00408,ORD01259,2025-02-17,CUST095,Vertex Industries,510.14,510.14,0,19.94,9.97,195.31,Invoice
FIN00409,ORD00354,2025-06-27,CUST106,Global Pvt Ltd,190047.14,190047.14,0,8102.23,4051.11,62147.71,Invoice
FIN00410,ORD00102,2025-11-10,CUST091,Metro Pvt Ltd,17007.28,1739.66,15267.62,726.84,363.42,5533.56,Invoice
FIN00411,ORD00975,2025-01-03,CUST119,National Traders,653.62,653.62,0,28,14,211.64,Invoice
FIN00412,ORD00108,2025-10-10,CUST037,Prime Pvt Ltd,34535.43,34535.43,0,1385.05,692.52,12671.49,Invoice
FIN00413,ORD01731,2025-11-04,CUST061,Apex Industries,54588.27,54588.27,0,2147.07,1073.54,20695.17,Invoice
FIN00414,ORD01781,2025-11-12,CUST063,Prime Logistics,11148.32,11148.32,0,510.21,255.11,3094.23,Invoice
FIN00415,ORD00839,2025-03-30,CUST002,Global Pvt Ltd,1298.99,754.42,544.57,53.1,26.55,460.75,Invoice
FIN00416,ORD01245,2025-10-18,CUST045,Apex Traders,3315.53,3315.53,0,138.05,69.02,1136.34,Invoice
FIN00417,ORD00694,2025-03-20,CUST091,Metro Pvt Ltd,10399.14,10399.14,0,377.08,188.54,4446.63,Invoice
FIN00418,ORD00586,2025-08-02,CUST016,Shree Pvt Ltd,120341.34,60101.27,60240.07,5426.34,2713.17,34682.66,Invoice
FIN00419,ORD01629,2025-04-10,CUST111,National Manufacturing,67076.44,34155.22,32921.22,2765.33,1382.67,23423.66,Invoice
FIN00420,ORD00979,2025-04-29,CUST105,United Pvt Ltd,20231.16,20231.16,0,902.01,451,5992.33,Invoice
FIN00421,ORD01170,2025-11-17,CUST086,Apex Manufacturing,11324.1,7026.19,4297.91,585.41,292.71,2082.94,Invoice
FIN00422,ORD00129,2025-11-30,CUST064,Sunrise Industries,51401.33,33178.25,18223.08,2373.35,1186.67,13936.38,Invoice
FIN00423,ORD01271,2025-04-10,CUST097,Vertex Pvt Ltd,30920.72,17123.98,13796.74,1376.7,688.35,9188.6,Invoice
FIN00424,ORD00454,2025-03-17,CUST097,Vertex Pvt Ltd,10686.68,10686.68,0,425.88,212.94,3963.79,Invoice
FIN00425,ORD00428,2025-02-25,CUST019,Apex Manufacturing,522.26,522.26,0,21.78,10.89,178.41,Invoice
FIN00426,ORD01684,2025-11-18,CUST018,Sunrise Traders,65384.56,65384.56,0,3227.88,1613.94,14430.09,Invoice
FIN00427,ORD01059,2025-05-26,CUST032,Vertex Industries,3756.74,3756.74,0,164.1,82.05,1166.23,Invoice
FIN00428,ORD00866,2025-02-05,CUST069,United Logistics,9115.16,9115.16,0,391.72,195.86,2931.51,Invoice
FIN00429,ORD01387,2025-02-22,CUST080,Vertex Industries,3128.2,1326.3,1801.9,116.72,58.36,1285.77,Invoice
FIN00430,ORD00941,2025-08-12,CUST083,Metro Industries,3446.74,3446.74,0,153.7,76.85,1020.43,Invoice
FIN00431,ORD01232,2025-04-29,CUST052,United Manufacturing,25500.96,25500.96,0,1077.77,538.88,8487.61,Invoice
FIN00432,ORD01121,2025-12-17,CUST031,United Industries,26952.49,26952.49,0,997.7,498.85,11203.15,Invoice
FIN00433,ORD00610,2025-02-22,CUST073,Vertex Industries,2068.42,2068.42,0,80.7,40.35,794.55,Invoice
FIN00434,ORD01404,2025-06-26,CUST067,Metro Manufacturing,18863.85,18863.85,0,781.57,390.79,6526.14,Invoice
FIN00435,ORD01382,2025-09-28,CUST053,United Manufacturing,41172.66,21120.87,20051.79,1789.04,894.52,12931.42,Invoice
FIN00436,ORD01058,2025-12-19,CUST003,Prime Logistics,16750.58,16750.58,0,740.31,370.15,5064.32,Invoice
FIN00437,ORD00708,2025-09-04,CUST104,Om Logistics,15801.21,15801.21,0,732.26,366.13,4242.04,Invoice
FIN00438,ORD00917,2025-10-05,CUST053,United Manufacturing,995.14,995.14,0,43.76,21.88,304.36,Invoice
FIN00439,ORD00995,2025-06-25,CUST119,National Traders,7483.13,7483.13,0,306.6,153.3,2643.22,Invoice
FIN00440,ORD00406,2025-01-31,CUST101,Vertex Manufacturing,675.06,265.4,409.66,26.2,13.1,261.47,Invoice
FIN00441,ORD01392,2025-07-15,CUST054,Prime Industries,463241.26,463241.26,0,22265.55,11132.78,111763.63,Invoice
FIN00442,ORD01491,2025-01-12,CUST033,Om Manufacturing,23026.81,16607.63,6419.18,992.34,496.17,7361.94,Invoice
FIN00443,ORD01795,2025-02-16,CUST102,Global Logistics,18602.36,8410.49,10191.87,746.02,373.01,6825.97,Invoice
FIN00444,ORD00576,2025-08-09,CUST108,National Manufacturing,202704.8,202704.8,0,10034.37,5017.19,44305.07,Invoice
FIN00445,ORD00480,2025-12-16,CUST031,United Industries,27689.7,27689.7,0,1137.47,568.73,9733.97,Invoice
FIN00446,ORD00465,2025-03-06,CUST112,National Manufacturing,11973.22,11973.22,0,449.65,224.82,4875.22,Invoice
FIN00447,ORD00227,2025-11-27,CUST058,Sunrise Pvt Ltd,698.03,13.49,684.54,32.27,16.13,188.68,Invoice
FIN00448,ORD00232,2025-01-16,CUST004,Prime Manufacturing,15331.7,15331.7,0,586.84,293.42,6068.04,Invoice
FIN00449,ORD00744,2025-07-16,CUST087,Shree Manufacturing,16434.24,16434.24,0,633.18,316.59,6439.1,Invoice
FIN00450,ORD01572,2025-11-19,CUST005,Apex Logistics,2709.67,2709.67,0,115.77,57.88,882.18,Invoice
FIN00451,ORD00585,2025-03-28,CUST028,United Logistics,1279.26,1279.26,0,57.89,28.94,365.5,Invoice
FIN00452,ORD00164,2025-06-03,CUST105,United Pvt Ltd,58076.05,6444.22,51631.83,2628.57,1314.28,16582.23,Invoice
FIN00453,ORD00680,2025-09-13,CUST078,Shree Industries,38121.73,18314.89,19806.84,1572.47,786.23,13299.18,Invoice
FIN00454,ORD00800,2025-03-16,CUST042,National Manufacturing,217980.37,217980.37,0,10388.12,5194.06,53996.52,Invoice
FIN00455,ORD00267,2025-04-24,CUST030,Metro Industries,49506.39,23144.91,26361.48,2484.49,1242.25,10286.87,Invoice
FIN00456,ORD00149,2025-06-03,CUST094,Sunrise Traders,64157.14,64157.14,0,2849.43,1424.71,19176.92,Invoice
FIN00457,ORD01378,2025-08-08,CUST103,Apex Traders,48926.16,48926.16,0,1991.51,995.76,17488.71,Invoice
FIN00458,ORD00985,2025-05-21,CUST109,National Enterprises,21504.33,21504.33,0,943.62,471.81,6608.64,Invoice
FIN00459,ORD00589,2025-11-05,CUST059,Global Manufacturing,9015.64,281.59,8734.05,366.12,183.06,3236.25,Invoice
FIN00460,ORD01582,2025-07-05,CUST085,Global Manufacturing,23507.57,2014.1,21493.47,1028.45,514.22,7272.81,Invoice
FIN00461,ORD01419,2025-11-11,CUST089,Shree Manufacturing,1501.14,1501.14,0,62.13,31.07,520.36,Invoice
FIN00462,ORD00307,2025-03-23,CUST072,United Logistics,44988.41,19676.95,25311.46,1795.78,897.89,16640.68,Invoice
FIN00463,ORD00193,2025-06-29,CUST020,Shree Industries,643152.68,315354.6,327798.08,30407.86,15203.93,163142.97,Invoice
FIN00464,ORD00953,2025-10-26,CUST096,Shree Industries,24288.99,2433.67,21855.32,945.16,472.58,9369.03,Invoice
FIN00465,ORD00310,2025-06-01,CUST102,Global Logistics,67623.49,6359.31,61264.18,3055.41,1527.71,19391.6,Invoice
FIN00466,ORD01799,2025-11-08,CUST080,Vertex Industries,1091595.6,1091595.6,0,53481.56,26740.78,247350.9,Invoice
FIN00467,ORD00064,2025-08-21,CUST060,Om Pvt Ltd,54250.98,54250.98,0,2313.52,1156.76,17730.41,Invoice
FIN00468,ORD01649,2025-06-23,CUST095,Vertex Industries,34689.76,34689.76,0,1413.96,706.98,12369.4,Invoice
FIN00469,ORD01791,2025-03-15,CUST112,National Manufacturing,1848.52,75.31,1773.21,66.94,33.47,791.82,Invoice
FIN00470,ORD01365,2025-05-29,CUST044,Apex Industries,65159.9,65159.9,0,2648.16,1324.08,23356.74,Invoice
FIN00471,ORD00487,2025-10-07,CUST119,National Traders,14222.01,14222.01,0,520.88,260.44,5999.52,Invoice
FIN00472,ORD00753,2025-09-30,CUST023,Vertex Logistics,61488.61,61488.61,0,3004.38,1502.19,14062.33,Invoice
FIN00473,ORD01019,2025-03-08,CUST104,Om Logistics,5845.6,5845.6,0,233.4,116.7,2161.26,Invoice
FIN00474,ORD01138,2025-11-04,CUST119,National Traders,20553.24,8133.99,12419.25,891.36,445.68,6482.42,Invoice
FIN00475,ORD01344,2025-11-09,CUST079,Shree Manufacturing,1447.89,741.79,706.1,65.56,32.78,413.05,Invoice
FIN00476,ORD01211,2025-01-25,CUST095,Vertex Industries,3340.22,3340.22,0,129.33,64.67,1298.64,Invoice
FIN00477,ORD01517,2025-04-09,CUST047,Global Pvt Ltd,125.47,83.23,42.24,4.76,2.38,50.25,Invoice
FIN00478,ORD01313,2025-01-12,CUST074,Global Traders,1254.4,21.33,1233.07,57.98,28.99,339.15,Invoice
FIN00479,ORD01053,2025-04-09,CUST028,United Logistics,15791.89,1720.85,14071.04,747.88,373.94,3986.13,Invoice
FIN00480,ORD01588,2025-08-04,CUST037,Prime Pvt Ltd,12656.98,12656.98,0,557.62,278.81,3854.62,Invoice
FIN00481,ORD00809,2025-11-13,CUST020,Shree Industries,252134.19,252134.19,0,10995.25,5497.63,78566.28,Invoice
FIN00482,ORD00219,2025-10-07,CUST009,Prime Industries,3094.7,1084.95,2009.75,129.08,64.54,1057.07,Invoice
FIN00483,ORD01658,2025-06-21,CUST031,United Industries,74323.06,74323.06,0,3325.26,1662.63,21831.44,Invoice
FIN00484,ORD00287,2025-12-19,CUST056,National Enterprises,3472.63,3472.63,0,180,90,631.13,Invoice
FIN00485,ORD01362,2025-03-08,CUST107,Om Traders,10362.88,3796.04,6566.84,453.05,226.53,3211.11,Invoice
FIN00486,ORD01447,2025-04-04,CUST062,Global Industries,234151.9,143338.06,90813.84,10989.75,5494.88,60670.81,Invoice
FIN00487,ORD01289,2025-08-03,CUST013,Prime Industries,13079.56,7652.5,5427.06,557.28,278.64,4282.51,Invoice
FIN00488,ORD01537,2025-07-12,CUST110,Om Manufacturing,506.06,360.23,145.83,20.03,10.01,189.89,Invoice
FIN00489,ORD00362,2025-02-10,CUST038,Global Manufacturing,9828.94,9828.94,0,443.36,221.68,2830.23,Invoice
FIN00490,ORD01336,2025-05-02,CUST107,Om Traders,9344.27,9344.27,0,381.08,190.54,3328.61,Invoice
FIN00491,ORD00577,2025-05-01,CUST012,Shree Pvt Ltd,44659.24,44659.24,0,2004,1002,13024.69,Invoice
FIN00492,ORD01314,2025-06-12,CUST054,Prime Industries,10911.5,10911.5,0,516.38,258.19,2760.05,Invoice
FIN00493,ORD01186,2025-05-17,CUST021,National Pvt Ltd,12152.35,12152.35,0,437.01,218.51,5253.84,Invoice
FIN00494,ORD00486,2025-09-12,CUST096,Shree Industries,520.73,207.42,313.31,24.34,12.17,136.51,Invoice
FIN00495,ORD01478,2025-04-11,CUST113,Vertex Manufacturing,4201.46,4201.46,0,179.05,89.52,1375.1,Invoice
FIN00496,ORD00553,2025-07-13,CUST027,Om Industries,1398.11,943.14,454.97,61.94,30.97,420.34,Invoice
FIN00497,ORD01433,2025-11-12,CUST035,United Industries,17914.85,8217.05,9697.8,914.27,457.14,3482.43,Invoice
FIN00498,ORD00875,2025-01-09,CUST063,Prime Logistics,31713.73,31713.73,0,1379.78,689.89,9932.98,Invoice
FIN00499,ORD00905,2025-10-20,CUST007,Shree Industries,1411.38,1411.38,0,67.77,33.88,341.64,Invoice
FIN00500,ORD01114,2025-12-26,CUST047,Global Pvt Ltd,13160.42,13160.42,0,546.92,273.46,4526.82,Invoice
FIN00501,ORD00842,2025-04-24,CUST120,Prime Manufacturing,35447.8,35447.8,0,1427.33,713.66,12916.45,Invoice
FIN00502,ORD01640,2025-07-19,CUST020,Shree Industries,1098.14,1098.14,0,46.15,23.07,369.65,Invoice
FIN00503,ORD01290,2025-02-25,CUST077,Shree Industries,8259.21,8259.21,0,370.44,185.22,2411.49,Invoice
FIN00504,ORD00888,2025-03-13,CUST018,Sunrise Traders,9185.61,9185.61,0,366.96,183.48,3392.92,Invoice
FIN00505,ORD00880,2025-01-22,CUST069,United Logistics,11882.91,8767.07,3115.84,453.91,226.96,4717.59,Invoice
FIN00506,ORD01727,2025-03-18,CUST039,Shree Logistics,21721.01,21721.01,0,790.12,395.06,9248.36,Invoice
FIN00507,ORD00901,2025-02-23,CUST048,Sunrise Manufacturing,890.25,890.25,0,35.19,17.6,334.72,Invoice
FIN00508,ORD00293,2025-07-01,CUST051,Prime Manufacturing,38949.66,38949.66,0,1521.47,760.74,14932.11,Invoice
FIN00509,ORD00632,2025-01-10,CUST051,Prime Manufacturing,4781.64,4781.64,0,177.96,88.98,1972.34,Invoice
FIN00510,ORD01129,2025-12-29,CUST044,Apex Industries,33176.5,33176.5,0,1200.62,600.31,14223.88,Invoice
FIN00511,ORD01432,2025-01-09,CUST102,Global Logistics,12400.61,12400.61,0,563.31,281.65,3508.39,Invoice
FIN00512,ORD01132,2025-01-22,CUST026,Prime Manufacturing,13977.65,13977.65,0,542.19,271.09,5418.87,Invoice
FIN00513,ORD01279,2025-06-18,CUST018,Sunrise Traders,340685.03,11427.86,329257.17,17385.28,8692.64,66245.94,Invoice
FIN00514,ORD01086,2025-06-24,CUST101,Vertex Manufacturing,73379.09,73379.09,0,2885.14,1442.57,27835.07,Invoice
FIN00515,ORD00494,2025-03-22,CUST072,United Logistics,101077.35,101077.35,0,3753.26,1876.63,41829.45,Invoice
FIN00516,ORD01189,2025-12-25,CUST110,Om Manufacturing,395.71,395.71,0,15.2,7.6,155.8,Invoice
FIN00517,ORD00278,2025-04-16,CUST065,Apex Logistics,7458.43,7458.43,0,319.87,159.93,2409.07,Invoice
FIN00518,ORD01662,2025-12-09,CUST094,Sunrise Traders,15151.09,15151.09,0,711.1,355.55,3925.83,Invoice
FIN00519,ORD00359,2025-05-09,CUST061,Apex Industries,441.27,441.27,0,20.65,10.33,115.3,Invoice
FIN00520,ORD00987,2025-03-03,CUST087,Shree Manufacturing,104670.12,71689.55,32980.57,4850.33,2425.16,28104.26,Invoice
FIN00521,ORD00237,2025-12-27,CUST053,United Manufacturing,1291.23,1291.23,0,53,26.5,454.55,Invoice
FIN00522,ORD01681,2025-05-14,CUST066,Om Logistics,12083.81,12083.81,0,530.66,265.33,3707.01,Invoice
FIN00523,ORD00209,2025-01-31,CUST074,Global Traders,35754.28,35754.28,0,1479.5,739.75,12399.24,Invoice
FIN00524,ORD01281,2025-11-16,CUST111,National Manufacturing,129074.78,129074.78,0,6099.95,3049.98,32782.66,Invoice
FIN00525,ORD01406,2025-01-28,CUST056,National Enterprises,117809.62,117809.62,0,5015.29,2507.64,38639.7,Invoice
FIN00526,ORD00059,2025-08-31,CUST017,Global Logistics,11145.5,11145.5,0,452.4,226.2,4004,Invoice
FIN00527,ORD01430,2025-07-21,CUST101,Vertex Manufacturing,11649.32,11649.32,0,471.3,235.65,4209.54,Invoice
FIN00528,ORD01423,2025-09-26,CUST095,Vertex Industries,10966.13,4919.95,6046.18,421.76,210.88,4308.38,Invoice
FIN00529,ORD00364,2025-05-19,CUST035,United Industries,38572.89,38572.89,0,1633.34,816.67,12789.45,Invoice
FIN00530,ORD00907,2025-05-29,CUST052,United Manufacturing,21332.55,21332.55,0,776,388,9082.88,Invoice
FIN00531,ORD00723,2025-01-30,CUST068,Shree Enterprises,948550.18,17485.75,931064.43,49617.63,24808.81,165300.48,Invoice
FIN00532,ORD01010,2025-07-10,CUST112,National Manufacturing,29352.63,29352.63,0,1182.22,591.11,10690.47,Invoice
FIN00533,ORD01633,2025-05-28,CUST056,National Enterprises,1419.48,1419.48,0,61.52,30.76,448.33,Invoice
FIN00534,ORD01102,2025-06-27,CUST098,Prime Pvt Ltd,19674.1,19674.1,0,765.72,382.86,7586.7,Invoice
FIN00535,ORD00693,2025-03-24,CUST044,Apex Industries,92367.84,60541.17,31826.67,4326.11,2163.06,24077.04,Invoice
FIN00536,ORD00906,2025-02-06,CUST034,Vertex Logistics,243214,243214,0,12453.46,6226.73,46627.2,Invoice
FIN00537,ORD01570,2025-06-19,CUST022,United Manufacturing,62469.91,62469.91,0,2730.84,1365.42,19361.68,Invoice
FIN00538,ORD00119,2025-06-13,CUST088,United Manufacturing,3444.73,3444.73,0,159.83,79.91,921.74,Invoice
FIN00539,ORD01796,2025-09-21,CUST080,Vertex Industries,340621.36,340621.36,0,17103.92,8551.96,70623.74,Invoice
FIN00540,ORD00630,2025-02-15,CUST036,National Industries,858.33,858.33,0,37.65,18.82,264.06,Invoice
FIN00541,ORD00523,2025-05-29,CUST056,National Enterprises,55773.69,55773.69,0,2775.3,1387.65,11963.61,Invoice
FIN00542,ORD00514,2025-10-22,CUST054,Prime Industries,3971.49,3971.49,0,175.43,87.72,1202.15,Invoice
FIN00543,ORD00082,2025-11-02,CUST035,United Industries,14713.15,7567.61,7145.54,564.07,282.03,5808.92,Invoice
FIN00544,ORD00705,2025-12-18,CUST072,United Logistics,407921.21,407921.21,0,19042.96,9521.48,107314.53,Invoice
FIN00545,ORD00381,2025-10-02,CUST015,Metro Manufacturing,40795.95,40795.95,0,1591.22,795.61,15677.42,Invoice
FIN00546,ORD01525,2025-06-29,CUST071,Prime Manufacturing,1260.31,604.6,655.71,52.74,26.37,427.77,Invoice
FIN00547,ORD00085,2025-11-25,CUST105,United Pvt Ltd,736.96,736.96,0,32.67,16.33,221.25,Invoice
FIN00548,ORD01515,2025-12-16,CUST052,United Manufacturing,11607.66,11607.66,0,440.51,220.25,4653.94,Invoice
FIN00549,ORD01666,2025-03-11,CUST041,Metro Enterprises,815.38,815.38,0,32.73,16.36,298.74,Invoice
FIN00550,ORD00915,2025-11-05,CUST012,Shree Pvt Ltd,8282.22,8282.22,0,311.13,155.56,3370.85,Invoice
FIN00551,ORD00614,2025-09-22,CUST018,Sunrise Traders,1762.9,1762.9,0,64.95,32.48,737.57,Invoice
FIN00552,ORD00983,2025-06-27,CUST103,Apex Traders,2805.79,2805.79,0,118.49,59.24,935.35,Invoice
FIN00553,ORD00757,2025-07-13,CUST015,Metro Manufacturing,1308.48,1308.48,0,57.23,28.62,405.05,Invoice
FIN00554,ORD00721,2025-02-01,CUST042,National Manufacturing,390166.22,390166.22,0,19274.24,9637.12,85908.53,Invoice
FIN00555,ORD00452,2025-12-06,CUST105,United Pvt Ltd,6176.55,6176.55,0,274.73,137.37,1839.69,Invoice
FIN00556,ORD00491,2025-06-04,CUST101,Vertex Manufacturing,22747.17,22747.17,0,926.38,463.19,8123.63,Invoice
FIN00557,ORD01779,2025-01-18,CUST078,Shree Industries,92477.51,92477.51,0,3583.94,1791.97,35902.46,Invoice
FIN00558,ORD00288,2025-11-26,CUST064,Sunrise Industries,25082.27,25082.27,0,1052.11,526.05,8473.99,Invoice
FIN00559,ORD01158,2025-02-21,CUST040,National Pvt Ltd,1571.28,1571.28,0,64.68,32.34,550.3,Invoice
FIN00560,ORD01786,2025-06-10,CUST102,Global Logistics,36798.82,19671.1,17127.72,1542.53,771.26,12448.91,Invoice
FIN00561,ORD01230,2025-05-15,CUST019,Apex Manufacturing,338817.28,4389.93,334427.35,16905.28,8452.64,71955.35,Invoice
FIN00562,ORD01084,2025-04-04,CUST039,Shree Logistics,11510.6,11510.6,0,468.3,234.15,4118.08,Invoice
FIN00563,ORD01499,2025-12-26,CUST088,United Manufacturing,30856.87,30856.87,0,1378.34,689.17,9098.73,Invoice
FIN00564,ORD01334,2025-07-30,CUST022,United Manufacturing,3932.73,3932.73,0,167.41,83.7,1290.12,Invoice
FIN00565,ORD01000,2025-07-25,CUST093,Om Traders,8983.69,8983.69,0,360.33,180.16,3295.66,Invoice
FIN00566,ORD01201,2025-04-05,CUST003,Prime Logistics,22265.67,22265.67,0,847.3,423.65,8890.41,Invoice
FIN00567,ORD01490,2025-07-09,CUST117,National Pvt Ltd,17936.82,17936.82,0,667.8,333.9,7395.14,Invoice
FIN00568,ORD00328,2025-04-25,CUST115,Metro Enterprises,2522.2,2522.2,0,100.03,50.02,943.08,Invoice
FIN00569,ORD01310,2025-09-24,CUST021,National Pvt Ltd,10069.19,10069.19,0,403.47,201.73,3700.15,Invoice
FIN00570,ORD01113,2025-07-06,CUST017,Global Logistics,290552.82,290552.82,0,14167.89,7083.94,66902.59,Invoice
FIN00571,ORD00937,2025-10-27,CUST020,Shree Industries,11675.58,11675.58,0,424.75,212.38,4970.54,Invoice
FIN00572,ORD01408,2025-05-14,CUST020,Shree Industries,74448.62,74448.62,0,3815.98,1907.99,14210.65,Invoice
FIN00573,ORD00758,2025-12-28,CUST082,Global Enterprises,76180.45,76180.45,0,3423.85,1711.92,22132.59,Invoice
FIN00574,ORD00178,2025-01-23,CUST024,Sunrise Logistics,272.31,272.31,0,12.37,6.19,76.99,Invoice
FIN00575,ORD00608,2025-08-09,CUST118,National Traders,13379.15,93.67,13285.48,541.25,270.63,4835.06,Invoice
FIN00576,ORD00775,2025-04-29,CUST075,Global Traders,2790.47,2790.47,0,115.58,57.79,965.98,Invoice
FIN00577,ORD00087,2025-09-15,CUST108,National Manufacturing,6110.77,133.87,5976.9,246.43,123.21,2220.75,Invoice
FIN00578,ORD01266,2025-07-27,CUST118,National Traders,8317.48,6220.53,2096.95,310.83,155.41,3410.88,Invoice
FIN00579,ORD01758,2025-10-27,CUST040,National Pvt Ltd,16492.99,10535.14,5957.85,729.75,364.87,4973.44,Invoice
FIN00580,ORD00458,2025-03-20,CUST013,Prime Industries,46962.9,596.41,46366.49,2056.8,1028.4,14494.92,Invoice
FIN00581,ORD00055,2025-12-04,CUST044,Apex Industries,50440.62,50440.62,0,2128.94,1064.47,16833.86,Invoice
FIN00582,ORD01353,2025-10-04,CUST110,Om Manufacturing,108635.95,108635.95,0,4596.45,2298.22,36077.71,Invoice
FIN00583,ORD00222,2025-05-02,CUST045,Apex Traders,18094.61,18094.61,0,745.46,372.73,6326.96,Invoice
FIN00584,ORD00114,2025-09-21,CUST120,Prime Manufacturing,503349.12,3815.92,499533.2,23067.98,11533.99,139204.66,Invoice
FIN00585,ORD01654,2025-12-20,CUST069,United Logistics,234.1,137.08,97.02,9.43,4.71,85.31,Invoice
FIN00586,ORD01112,2025-08-13,CUST006,Vertex Enterprises,120745.31,120745.31,0,5680.04,2840.02,31081.86,Invoice
FIN00587,ORD00820,2025-07-06,CUST089,Shree Manufacturing,26290.18,26290.18,0,991.88,495.94,10632.66,Invoice
FIN00588,ORD00175,2025-12-16,CUST061,Apex Industries,3823.04,2101.61,1721.43,155.72,77.86,1364.87,Invoice
FIN00589,ORD01646,2025-05-10,CUST015,Metro Manufacturing,10217.71,3875.75,6341.96,434.01,217.01,3366.48,Invoice
FIN00590,ORD01405,2025-03-28,CUST042,National Manufacturing,8303.91,8303.91,0,330.95,165.47,3079.65,Invoice
FIN00591,ORD00019,2025-05-08,CUST037,Prime Pvt Ltd,57187.18,26817.43,30369.75,2280.78,1140.39,21183.46,Invoice
FIN00592,ORD00424,2025-12-31,CUST077,Shree Industries,8962.61,8962.61,0,352.9,176.45,3391.82,Invoice
FIN00593,ORD01207,2025-04-15,CUST099,Prime Pvt Ltd,278231.31,127437.38,150793.93,12739.25,6369.62,77133.19,Invoice
FIN00594,ORD00286,2025-07-30,CUST041,Metro Enterprises,27729.43,3631.77,24097.66,1145.15,572.57,9652.48,Invoice
FIN00595,ORD01429,2025-11-03,CUST026,Prime Manufacturing,51147.73,51147.73,0,1996.67,998.33,19628.88,Invoice
FIN00596,ORD00429,2025-10-24,CUST110,Om Manufacturing,83875.96,47825.1,36050.86,3547.87,1773.94,27870.25,Invoice
FIN00597,ORD01361,2025-11-13,CUST107,Om Traders,1628.59,583.5,1045.09,68.73,34.37,543.62,Invoice
FIN00598,ORD01246,2025-04-07,CUST096,Shree Industries,212255.74,212255.74,0,10511.35,5255.68,46326.55,Invoice
FIN00599,ORD00032,2025-06-02,CUST019,Apex Manufacturing,2861.09,2861.09,0,128.8,64.4,827.87,Invoice
FIN00600,ORD01011,2025-02-10,CUST116,United Manufacturing,8278.88,8278.88,0,350.05,175.02,2753.12,Invoice
FIN00601,ORD01775,2025-06-06,CUST066,Om Logistics,875.29,875.29,0,37.95,18.97,276.23,Invoice
FIN00602,ORD00215,2025-03-01,CUST012,Shree Pvt Ltd,29745.36,29745.36,0,1120.78,560.39,12053.09,Invoice
FIN00603,ORD00670,2025-11-11,CUST024,Sunrise Logistics,29577.5,29577.5,0,1332.14,666.07,8548.71,Invoice
FIN00604,ORD00327,2025-11-21,CUST015,Metro Manufacturing,7022.64,7022.64,0,276.44,138.22,2658.77,Invoice
FIN00605,ORD00561,2025-03-11,CUST102,Global Logistics,42984.57,5542.33,37442.24,1737.96,868.98,15549.71,Invoice
FIN00606,ORD01050,2025-12-14,CUST034,Vertex Logistics,118102.63,118102.63,0,5488.85,2744.43,31457.15,Invoice
FIN00607,ORD01236,2025-04-26,CUST052,United Manufacturing,28215.66,28215.66,0,1054.54,527.27,11568.98,Invoice
FIN00608,ORD01352,2025-12-11,CUST093,Om Traders,20656.65,20656.65,0,909.46,454.73,6300.11,Invoice
FIN00609,ORD00342,2025-02-02,CUST080,Vertex Industries,18583.48,1983.62,16599.86,874.29,437.14,4782.24,Invoice
FIN00610,ORD00148,2025-12-10,CUST002,Global Pvt Ltd,24251.13,24251.13,0,1023.35,511.67,8096.85,Invoice
FIN00611,ORD00361,2025-11-07,CUST008,Metro Traders,2229.79,2229.79,0,99.2,49.6,663.88,Invoice
FIN00612,ORD00084,2025-08-14,CUST008,Metro Traders,107510.3,107510.3,0,4785.33,2392.67,31970.44,Invoice
FIN00613,ORD00049,2025-08-01,CUST063,Prime Logistics,630.94,630.94,0,23.79,11.9,255.38,Invoice
FIN00614,ORD00469,2025-12-28,CUST089,Shree Manufacturing,32110.82,32110.82,0,1264.67,632.34,12147.04,Invoice
FIN00615,ORD00156,2025-03-28,CUST063,Prime Logistics,47076.62,47076.62,0,1731.66,865.83,19741.14,Invoice
FIN00616,ORD01676,2025-08-14,CUST051,Prime Manufacturing,10702.4,7067.46,3634.94,398.34,199.17,4414.34,Invoice
FIN00617,ORD01317,2025-05-16,CUST083,Metro Industries,9075.76,1105.77,7969.99,406.31,203.16,2661.84,Invoice
FIN00618,ORD01092,2025-06-03,CUST028,United Logistics,2884.03,1880.58,1003.45,125.49,62.75,903.07,Invoice
FIN00619,ORD01471,2025-11-25,CUST036,National Industries,74322.88,74322.88,0,3235.9,1617.95,23241.88,Invoice
FIN00620,ORD00501,2025-07-21,CUST069,United Logistics,85711.28,34548.91,51162.37,3877.82,1938.91,24497.06,Invoice
FIN00621,ORD00180,2025-02-23,CUST026,Prime Manufacturing,10059.42,10059.42,0,399.98,199.99,3745.52,Invoice
FIN00622,ORD01481,2025-05-17,CUST116,United Manufacturing,8843.93,8843.93,0,401.56,200.78,2505.05,Invoice
FIN00623,ORD01600,2025-03-09,CUST001,Prime Industries,19699.37,19699.37,0,846.42,423.21,6338.02,Invoice
FIN00624,ORD00808,2025-10-20,CUST045,Apex Traders,12496.29,12496.29,0,497.74,248.87,4639.03,Invoice
FIN00625,ORD00529,2025-03-12,CUST001,Prime Industries,15975.1,15975.1,0,607.26,303.63,6389.13,Invoice
FIN00626,ORD00347,2025-09-15,CUST097,Vertex Pvt Ltd,1414.38,745.53,668.85,57.04,28.52,514.01,Invoice
FIN00627,ORD01248,2025-02-25,CUST001,Prime Industries,43039.46,24817.71,18221.75,1725.15,862.58,15806.67,Invoice
FIN00628,ORD01761,2025-12-20,CUST027,Om Industries,8021.9,8021.9,0,325.69,162.84,2880.7,Invoice
FIN00629,ORD01282,2025-06-20,CUST039,Shree Logistics,731.38,47.19,684.19,28.27,14.14,285.09,Invoice
FIN00630,ORD00922,2025-01-30,CUST073,Vertex Industries,8892.42,8892.42,0,336.61,168.3,3578.86,Invoice
FIN00631,ORD01384,2025-12-29,CUST109,National Enterprises,4245.99,2857.25,1388.74,160.19,80.09,1717.34,Invoice
FIN00632,ORD00602,2025-02-22,CUST064,Sunrise Industries,123213.46,123213.46,0,6068.07,3034.03,27424.67,Invoice
FIN00633,ORD00890,2025-05-29,CUST030,Metro Industries,5991.29,2442.41,3548.88,247,123.5,2092.29,Invoice
FIN00634,ORD00244,2025-11-11,CUST109,National Enterprises,157879.85,7840.97,150038.88,7467.72,3733.86,39996.49,Invoice
FIN00635,ORD00737,2025-06-22,CUST052,United Manufacturing,20426.81,20426.81,0,1079.89,539.95,3379.96,Invoice
FIN00636,ORD01329,2025-05-20,CUST117,National Pvt Ltd,1255681.18,1255681.18,0,56441.54,28220.77,364711.19,Invoice
FIN00637,ORD00313,2025-07-18,CUST070,National Logistics,1256.76,1256.76,0,52.79,26.4,423.38,Invoice
FIN00638,ORD00436,2025-08-24,CUST005,Apex Logistics,666171.41,666171.41,0,37734.96,18867.48,70498.11,Invoice
FIN00639,ORD01705,2025-02-19,CUST030,Metro Industries,3478.01,3478.01,0,157.07,78.54,998.51,Invoice
FIN00640,ORD01288,2025-04-25,CUST022,United Manufacturing,8365.62,3910.6,4455.02,371.71,185.86,2497.86,Invoice
FIN00641,ORD00309,2025-02-28,CUST109,National Enterprises,17631.17,17631.17,0,758.69,379.34,5654.74,Invoice
FIN00642,ORD00431,2025-02-14,CUST025,Global Logistics,49272.29,49272.29,0,2560.17,1280.09,8858.12,Invoice
FIN00643,ORD00371,2025-09-09,CUST003,Prime Logistics,8194.11,4217.46,3976.65,380.53,190.26,2187.21,Invoice
FIN00644,ORD00567,2025-12-25,CUST073,Vertex Industries,74405.52,74405.52,0,2861.26,1430.63,29238.51,Invoice
FIN00645,ORD01749,2025-01-25,CUST039,Shree Logistics,6702.61,6702.61,0,246.88,123.44,2805.37,Invoice
FIN00646,ORD00182,2025-02-25,CUST043,Om Logistics,34528.34,34528.34,0,1402.78,701.39,12384.38,Invoice
FIN00647,ORD01730,2025-01-18,CUST015,Metro Manufacturing,10253.96,10253.96,0,479.55,239.78,2683.86,Invoice
FIN00648,ORD00622,2025-02-20,CUST098,Prime Pvt Ltd,51150.77,51150.77,0,2261.6,1130.8,15449.78,Invoice
FIN00649,ORD00675,2025-09-14,CUST033,Om Manufacturing,14394.77,14394.77,0,631.11,315.56,4432.18,Invoice
FIN00650,ORD01126,2025-11-15,CUST064,Sunrise Industries,1497.29,1063.21,434.08,62.38,31.19,512.54,Invoice
FIN00651,ORD00782,2025-03-08,CUST042,National Manufacturing,36635.34,20625.25,16010.09,1554.48,777.24,12096.81,Invoice
FIN00652,ORD01656,2025-07-14,CUST117,National Pvt Ltd,34072.19,13426.11,20646.08,1521.96,760.98,10046.99,Invoice
FIN00653,ORD00297,2025-05-21,CUST013,Prime Industries,23135.25,23135.25,0,1086.67,543.34,5981.32,Invoice
FIN00654,ORD00745,2025-01-11,CUST078,Shree Industries,2760.57,2760.57,0,107.05,53.53,1070.65,Invoice
FIN00655,ORD00462,2025-02-15,CUST117,National Pvt Ltd,377.69,377.69,0,16.64,8.32,115.08,Invoice
FIN00656,ORD01174,2025-09-10,CUST019,Apex Manufacturing,3482.22,2579.86,902.36,146.17,73.08,1174.87,Invoice
FIN00657,ORD00977,2025-07-26,CUST009,Prime Industries,21841.02,21841.02,0,1044.68,522.34,5350.03,Invoice
FIN00658,ORD00378,2025-06-15,CUST098,Prime Pvt Ltd,4598.96,4598.96,0,184.31,92.16,1689.44,Invoice
FIN00659,ORD01284,2025-01-05,CUST058,Sunrise Pvt Ltd,3353.5,1176.52,2176.98,155.31,77.65,901.87,Invoice
FIN00660,ORD00106,2025-08-27,CUST025,Global Logistics,48414.09,402.41,48011.68,1980.82,990.41,17145.46,Invoice
FIN00661,ORD00127,2025-05-19,CUST034,Vertex Logistics,39278.92,39278.92,0,1542.75,771.37,14925.56,Invoice
FIN00662,ORD01024,2025-10-12,CUST032,Vertex Industries,17093.07,17093.07,0,735.87,367.93,5476.91,Invoice
FIN00663,ORD00793,2025-03-15,CUST024,Sunrise Logistics,421.13,228.32,192.81,16.87,8.44,154.81,Invoice
FIN00664,ORD00356,2025-07-07,CUST038,Global Manufacturing,9186.96,9186.96,0,387.82,193.91,3064.88,Invoice
FIN00665,ORD01459,2025-09-02,CUST055,National Manufacturing,43214.97,43214.97,0,1954.66,977.33,12359.31,Invoice
FIN00666,ORD01210,2025-05-01,CUST026,Prime Manufacturing,18506.06,18506.06,0,714.36,357.18,7229.39,Invoice
FIN00667,ORD00932,2025-09-18,CUST091,Metro Pvt Ltd,35611.93,35611.93,0,1331.82,665.91,14588.14,Invoice
FIN00668,ORD00210,2025-05-23,CUST099,Prime Pvt Ltd,4236.45,4236.45,0,178.12,89.06,1424.68,Invoice
FIN00669,ORD00731,2025-02-15,CUST050,Prime Industries,10577.26,10577.26,0,437.86,218.93,3665.28,Invoice
FIN00670,ORD00141,2025-07-29,CUST024,Sunrise Logistics,21916.78,21916.78,0,987.43,493.72,6329.43,Invoice
FIN00671,ORD01293,2025-12-29,CUST020,Shree Industries,31588.78,441.69,31147.09,1284.11,642.06,11318.16,Invoice
FIN00672,ORD01203,2025-06-08,CUST065,Apex Logistics,3390.52,3390.52,0,150.11,75.06,1020.92,Invoice
FIN00673,ORD00911,2025-05-19,CUST105,United Pvt Ltd,5876.18,5876.18,0,261.05,130.53,1755.3,Invoice
FIN00674,ORD01420,2025-03-20,CUST023,Vertex Logistics,3254.71,3254.71,0,130.93,65.46,1187.95,Invoice
FIN00675,ORD01558,2025-05-23,CUST075,Global Traders,22580.96,197.85,22383.11,840.52,420.26,9312.71,Invoice
FIN00676,ORD00862,2025-03-04,CUST032,Vertex Industries,6635.56,6635.56,0,263.49,131.74,2476.24,Invoice
FIN00677,ORD01143,2025-06-24,CUST110,Om Manufacturing,8545.32,8545.32,0,392.66,196.33,2346.87,Invoice
FIN00678,ORD00712,2025-10-17,CUST101,Vertex Manufacturing,6035.79,6035.79,0,245.85,122.93,2154.83,Invoice
FIN00679,ORD00707,2025-06-09,CUST007,Shree Industries,30129.08,30129.08,0,1141.28,570.64,12113.13,Invoice
FIN00680,ORD00011,2025-05-18,CUST028,United Logistics,68266.19,24676.86,43589.33,3500.48,1750.24,13008.61,Invoice
FIN00681,ORD01603,2025-06-21,CUST011,Vertex Industries,15821.68,8322.02,7499.66,558.67,279.34,7002.61,Invoice
FIN00682,ORD01326,2025-05-26,CUST006,Vertex Enterprises,25497.66,25497.66,0,975.09,487.54,10105.22,Invoice
FIN00683,ORD00283,2025-03-12,CUST100,Sunrise Traders,22410.13,8863.94,13546.19,1024.28,512.14,6241.12,Invoice
FIN00684,ORD00292,2025-06-19,CUST054,Prime Industries,11266.25,6912.57,4353.68,496.88,248.44,3422.71,Invoice
FIN00685,ORD00627,2025-04-21,CUST029,Prime Pvt Ltd,11223.38,11223.38,0,488.22,244.11,3516.42,Invoice
FIN00686,ORD01223,2025-11-20,CUST067,Metro Manufacturing,4171.21,4171.21,0,179.86,89.93,1331.96,Invoice
FIN00687,ORD01076,2025-08-29,CUST076,Metro Manufacturing,24304.42,24304.42,0,993.16,496.58,8626.62,Invoice
FIN00688,ORD00130,2025-08-02,CUST052,United Manufacturing,10265.99,459.49,9806.5,385.67,192.83,4177.92,Invoice
FIN00689,ORD01194,2025-06-23,CUST009,Prime Industries,55931.34,55931.34,0,2454.5,1227.25,17185.27,Invoice
FIN00690,ORD00324,2025-09-19,CUST064,Sunrise Industries,29185.48,16217.05,12968.43,1194.52,597.26,10329.15,Invoice
FIN00691,ORD00951,2025-04-11,CUST045,Apex Traders,14068.08,14068.08,0,603.71,301.85,4538.15,Invoice
FIN00692,ORD00695,2025-11-25,CUST067,Metro Manufacturing,4006.59,4006.59,0,175.04,87.52,1243.49,Invoice
FIN00693,ORD01504,2025-11-24,CUST050,Prime Industries,40726.9,40726.9,0,1883.42,941.71,10995.71,Invoice
FIN00694,ORD01678,2025-10-12,CUST025,Global Logistics,34255.26,13730.27,20524.99,1417.09,708.55,11885.44,Invoice
FIN00695,ORD00713,2025-12-23,CUST052,United Manufacturing,1348.06,1348.06,0,60.41,30.2,394.52,Invoice
FIN00696,ORD01695,2025-10-30,CUST047,Global Pvt Ltd,12862.76,6604.28,6258.48,578.89,289.44,3724.63,Invoice
FIN00697,ORD00988,2025-03-28,CUST024,Sunrise Logistics,1218.79,828.8,389.99,54.64,27.32,356.18,Invoice
FIN00698,ORD01458,2025-10-20,CUST053,United Manufacturing,2146.86,7.74,2139.12,85.14,42.57,802.85,Invoice
FIN00699,ORD01476,2025-02-25,CUST106,Global Pvt Ltd,28955.63,28955.63,0,1321.38,660.69,8096.73,Invoice
FIN00700,ORD00159,2025-09-15,CUST005,Apex Logistics,1099.07,1099.07,0,47.73,23.86,345.69,Invoice
FIN00701,ORD00810,2025-11-25,CUST060,Om Pvt Ltd,96141.05,96141.05,0,3484.85,1742.42,41130.22,Invoice
FIN00702,ORD00635,2025-01-14,CUST075,Global Traders,1294.34,1294.34,0,50.22,25.11,501.55,Invoice
FIN00703,ORD00517,2025-12-19,CUST021,National Pvt Ltd,3687.21,3687.21,0,152.2,76.1,1284.69,Invoice
FIN00704,ORD01285,2025-03-10,CUST060,Om Pvt Ltd,725.44,725.44,0,30.54,15.27,243.37,Invoice
FIN00705,ORD00598,2025-12-02,CUST118,National Traders,33726.59,20894.34,12832.25,1606.25,803.13,8370.72,Invoice
FIN00706,ORD00196,2025-11-20,CUST046,Shree Pvt Ltd,11685.79,1314.3,10371.49,493.63,246.82,3893.47,Invoice
FIN00707,ORD01787,2025-02-15,CUST029,Prime Pvt Ltd,14996.45,14996.45,0,646.36,323.18,4793.19,Invoice
FIN00708,ORD01685,2025-01-22,CUST111,National Manufacturing,157814.4,157814.4,0,7466.63,3733.32,39948.24,Invoice
FIN00709,ORD00411,2025-08-07,CUST076,Metro Manufacturing,26054.37,26054.37,0,1019.98,509.99,9953.32,Invoice
FIN00710,ORD00097,2025-04-03,CUST012,Shree Pvt Ltd,55922.02,55922.02,0,2617.98,1308.99,14595.38,Invoice
FIN00711,ORD00821,2025-07-31,CUST025,Global Logistics,9910.17,4081.25,5828.92,405.27,202.64,3512.68,Invoice
FIN00712,ORD00779,2025-11-05,CUST058,Sunrise Pvt Ltd,62675.37,62675.37,0,2595.19,1297.6,21708.42,Invoice
FIN00713,ORD00157,2025-12-09,CUST107,Om Traders,973.66,973.66,0,43.63,21.82,284.91,Invoice
FIN00714,ORD00420,2025-06-05,CUST028,United Logistics,13943.03,9508.55,4434.48,614.91,307.45,4236.3,Invoice
FIN00715,ORD01679,2025-02-04,CUST053,United Manufacturing,1180.19,1180.19,0,48.23,24.12,418.78,Invoice
FIN00716,ORD00478,2025-11-24,CUST081,Vertex Industries,32524.01,32524.01,0,1457.4,728.7,9517.87,Invoice
FIN00717,ORD01763,2025-08-14,CUST078,Shree Industries,58096.37,58096.37,0,2588.26,1294.13,17238.77,Invoice
FIN00718,ORD00669,2025-03-18,CUST010,Metro Logistics,84036.62,9167.96,74868.66,4037.42,2018.71,20302.99,Invoice
FIN00719,ORD00874,2025-04-01,CUST034,Vertex Logistics,6282.16,6282.16,0,255.26,127.63,2252.78,Invoice
FIN00720,ORD01590,2025-06-21,CUST104,Om Logistics,37270.57,37270.57,0,1592.36,796.18,12133.96,Invoice
FIN00721,ORD01524,2025-05-09,CUST009,Prime Industries,8369.3,8369.3,0,339.04,169.52,3017.39,Invoice
FIN00722,ORD00448,2025-03-15,CUST104,Om Logistics,12518.96,12518.96,0,483.1,241.55,4892.96,Invoice
FIN00723,ORD01115,2025-12-26,CUST080,Vertex Industries,29888.9,29888.9,0,1123.64,561.82,12151.5,Invoice
FIN00724,ORD00179,2025-10-13,CUST016,Shree Pvt Ltd,20621.11,10062.83,10558.28,865.19,432.6,6963.42,Invoice
FIN00725,ORD00391,2025-08-23,CUST032,Vertex Industries,3930.02,3930.02,0,182.83,91.41,1043.94,Invoice
FIN00726,ORD00579,2025-07-01,CUST001,Prime Industries,1052.63,1052.63,0,42.34,21.17,384.34,Invoice
FIN00727,ORD01303,2025-03-25,CUST064,Sunrise Industries,9932.93,9932.93,0,490.74,245.37,2186.25,Invoice
FIN00728,ORD01542,2025-02-01,CUST102,Global Logistics,24309.82,24309.82,0,1051.72,525.86,7707.73,Invoice
FIN00729,ORD01316,2025-12-03,CUST045,Apex Traders,134647.7,7293.76,127353.94,6264.29,3132.15,35761.39,Invoice
FIN00730,ORD01484,2025-11-08,CUST033,Om Manufacturing,2176.88,2176.88,0,90.81,45.4,743.4,Invoice
FIN00731,ORD01630,2025-02-14,CUST115,Metro Enterprises,25576.93,25576.93,0,1108.19,554.09,8083.4,Invoice
FIN00732,ORD01549,2025-08-10,CUST016,Shree Pvt Ltd,19855.11,7192.59,12662.52,931.73,465.86,5147.15,Invoice
FIN00733,ORD00807,2025-01-17,CUST037,Prime Pvt Ltd,1859.5,1859.5,0,70.93,35.46,739.83,Invoice
FIN00734,ORD00889,2025-07-26,CUST037,Prime Pvt Ltd,31624.65,31624.65,0,1251.63,625.82,11866.77,Invoice
FIN00735,ORD00665,2025-04-12,CUST119,National Traders,9575.25,9575.25,0,433.15,216.58,2737.65,Invoice
FIN00736,ORD00143,2025-06-02,CUST081,Vertex Industries,22558.68,22558.68,0,1194.04,597.02,3709.91,Invoice
FIN00737,ORD01367,2025-01-20,CUST101,Vertex Manufacturing,2200.92,2200.92,0,88.8,44.4,799.16,Invoice
FIN00738,ORD01286,2025-02-12,CUST067,Metro Manufacturing,6721.54,3947.88,2773.66,256.68,128.34,2669.64,Invoice
FIN00739,ORD00422,2025-06-15,CUST040,National Pvt Ltd,10755.09,10755.09,0,413.29,206.65,4230.96,Invoice
FIN00740,ORD00637,2025-02-03,CUST078,Shree Industries,8949.6,8949.6,0,380,190,2950.95,Invoice
FIN00741,ORD01264,2025-05-06,CUST107,Om Traders,14818.62,14818.62,0,578.2,289.1,5691.35,Invoice
FIN00742,ORD01793,2025-08-29,CUST116,United Manufacturing,7103.3,7103.3,0,332.12,166.06,1860.49,Invoice
FIN00743,ORD00616,2025-05-24,CUST114,United Pvt Ltd,32259.26,32259.26,0,1370.29,685.14,10628.27,Invoice
FIN00744,ORD00295,2025-03-05,CUST066,Om Logistics,14532.35,8487.59,6044.76,646.64,323.32,4324.66,Invoice
FIN00745,ORD00765,2025-08-26,CUST003,Prime Logistics,14985.91,14985.91,0,652.55,326.28,4684.9,Invoice
FIN00746,ORD01709,2025-08-10,CUST024,Sunrise Logistics,6067.19,6067.19,0,247.23,123.62,2164.46,Invoice
FIN00747,ORD00089,2025-09-28,CUST112,National Manufacturing,6127.11,6127.11,0,245.26,122.63,2255.44,Invoice
FIN00748,ORD00042,2025-05-27,CUST115,Metro Enterprises,19522.25,7591.53,11930.72,872.95,436.47,5742.13,Invoice
FIN00749,ORD01622,2025-01-29,CUST086,Apex Manufacturing,64304.99,64304.99,0,2472.83,1236.41,25269.62,Invoice
FIN00750,ORD01737,2025-03-15,CUST073,Vertex Industries,1663.14,1663.14,0,68.58,34.29,580.52,Invoice
FIN00751,ORD00132,2025-08-23,CUST080,Vertex Industries,28815.41,28815.41,0,1277.92,638.96,8642.56,Invoice
FIN00752,ORD01474,2025-09-21,CUST049,Metro Enterprises,4562.7,4562.7,0,201.35,100.67,1384.3,Invoice
FIN00753,ORD00811,2025-06-21,CUST031,United Industries,4119.39,4119.39,0,162.59,81.29,1552.83,Invoice
FIN00754,ORD00924,2025-07-22,CUST065,Apex Logistics,1826.63,1826.63,0,80.05,40.02,563.01,Invoice
FIN00755,ORD01669,2025-06-01,CUST047,Global Pvt Ltd,7726.1,7726.1,0,328.72,164.36,2537,Invoice
FIN00756,ORD00974,2025-04-18,CUST117,National Pvt Ltd,27328.52,27328.52,0,1118.8,559.4,9667.4,Invoice
FIN00757,ORD00165,2025-02-10,CUST110,Om Manufacturing,17348.11,17348.11,0,678.09,339.04,6644.01,Invoice
FIN00758,ORD00725,2025-01-09,CUST088,United Manufacturing,865.12,865.12,0,40.75,20.37,221.89,Invoice
FIN00759,ORD00291,2025-11-23,CUST051,Prime Manufacturing,52791.92,52791.92,0,2480.06,1240.03,13642.41,Invoice
FIN00760,ORD01703,2025-12-20,CUST031,United Industries,7088.35,3857.76,3230.59,330.31,165.16,1874.14,Invoice
FIN00761,ORD00835,2025-09-15,CUST015,Metro Manufacturing,31023.05,13284.82,17738.23,1210.91,605.45,11908.02,Invoice
FIN00762,ORD00349,2025-12-13,CUST049,Metro Enterprises,4118.43,4118.43,0,147.95,73.97,1782.95,Invoice
FIN00763,ORD00572,2025-08-20,CUST083,Metro Industries,33583.01,33583.01,0,1548.37,774.19,9140.82,Invoice
FIN00764,ORD00799,2025-01-02,CUST110,Om Manufacturing,1208.6,702.36,506.24,50.09,25.04,417.94,Invoice
FIN00765,ORD01696,2025-06-01,CUST077,Shree Industries,19684.13,19684.13,0,851.52,425.76,6242.35,Invoice
FIN00766,ORD00966,2025-07-21,CUST053,United Manufacturing,1317.32,1317.32,0,50.12,25.06,526.17,Invoice
FIN00767,ORD01436,2025-12-09,CUST050,Prime Industries,8543.97,643.4,7900.57,343.55,171.78,3120.74,Invoice
FIN00768,ORD01757,2025-11-13,CUST072,United Logistics,14205.09,14205.09,0,645.7,322.85,4012.19,Invoice
FIN00769,ORD00840,2025-05-14,CUST056,National Enterprises,10717.33,10717.33,0,413.62,206.81,4188.06,Invoice
FIN00770,ORD00459,2025-08-22,CUST109,National Enterprises,12087.07,5128.74,6958.33,480.76,240.38,4497.94,Invoice
FIN00771,ORD00376,2025-02-11,CUST116,United Manufacturing,5799.89,10.98,5788.91,259.85,129.92,1698.02,Invoice
FIN00772,ORD00334,2025-01-09,CUST037,Prime Pvt Ltd,65608.34,65608.34,0,3368.13,1684.07,12439.98,Invoice
FIN00773,ORD01607,2025-01-08,CUST001,Prime Industries,49332.4,36092.51,13239.89,2772.34,1386.17,5569.08,Invoice
FIN00774,ORD01762,2025-08-25,CUST012,Shree Pvt Ltd,1340.12,1340.12,0,51.5,25.75,527.14,Invoice
FIN00775,ORD01456,2025-12-27,CUST025,Global Logistics,23450.66,23450.66,0,1131.99,566,5581.38,Invoice
FIN00776,ORD01704,2025-12-25,CUST045,Apex Traders,2444.43,2444.43,0,120.12,60.06,548.32,Invoice
FIN00777,ORD01182,2025-06-23,CUST008,Metro Traders,31933.2,31933.2,0,1686.56,843.28,5309.57,Invoice
FIN00778,ORD01671,2025-10-04,CUST040,National Pvt Ltd,9489.36,9489.36,0,341.55,170.77,4097.82,Invoice
FIN00779,ORD01035,2025-03-16,CUST004,Prime Manufacturing,168898.21,168898.21,0,7935.99,3967.99,43623.01,Invoice
FIN00780,ORD01733,2025-04-05,CUST093,Om Traders,8976.83,8976.83,0,366.59,183.3,3189.87,Invoice
FIN00781,ORD00329,2025-02-09,CUST075,Global Traders,9591.34,9591.34,0,386.79,193.4,3485.52,Invoice
FIN00782,ORD01193,2025-09-19,CUST060,Om Pvt Ltd,8606.57,8606.57,0,379.44,189.72,2616.85,Invoice
FIN00783,ORD00319,2025-12-10,CUST063,Prime Logistics,12786.57,12786.57,0,495.24,247.62,4968.84,Invoice
FIN00784,ORD01379,2025-09-24,CUST016,Shree Pvt Ltd,116746.88,11994.13,104752.75,5387.64,2693.82,31699.12,Invoice
FIN00785,ORD01221,2025-06-13,CUST036,National Industries,5958.22,5958.22,0,249.93,124.97,2012.83,Invoice
FIN00786,ORD01563,2025-12-25,CUST028,United Logistics,6853.47,6853.47,0,276.12,138.06,2494.79,Invoice
FIN00787,ORD00168,2025-01-03,CUST076,Metro Manufacturing,11912.11,11912.11,0,605.61,302.8,2352.14,Invoice
FIN00788,ORD00013,2025-07-28,CUST051,Prime Manufacturing,126380.54,64676.56,61703.98,6128.9,3064.45,29631.49,Invoice
FIN00789,ORD00172,2025-03-11,CUST118,National Traders,1751.35,214.23,1537.12,73.5,36.75,591.04,Invoice
FIN00790,ORD00650,2025-09-22,CUST035,United Industries,2998.99,2998.99,0,134.85,67.43,870.26,Invoice
FIN00791,ORD00261,2025-06-26,CUST052,United Manufacturing,25581.19,25581.19,0,1005.75,502.88,9704.64,Invoice
FIN00792,ORD01243,2025-12-19,CUST100,Sunrise Traders,2611.08,2611.08,0,105.25,52.62,949.67,Invoice
FIN00793,ORD01616,2025-12-20,CUST090,Sunrise Traders,22669.51,22669.51,0,910.79,455.39,8292.05,Invoice
FIN00794,ORD00673,2025-03-10,CUST048,Sunrise Manufacturing,6863.78,6863.78,0,243.92,121.96,3013.39,Invoice
FIN00795,ORD00259,2025-01-15,CUST040,National Pvt Ltd,370.13,20.45,349.68,14.69,7.34,138.27,Invoice
FIN00796,ORD01190,2025-03-17,CUST076,Metro Manufacturing,334.48,334.48,0,14.67,7.33,102.98,Invoice
FIN00797,ORD00139,2025-01-29,CUST020,Shree Industries,41073.04,41073.04,0,1641.13,820.57,15166.57,Invoice
FIN00798,ORD00550,2025-02-01,CUST023,Vertex Logistics,4437.95,1726.1,2711.85,162.52,81.26,1872.38,Invoice
FIN00799,ORD00863,2025-06-01,CUST110,Om Manufacturing,1555.14,1555.14,0,65.83,32.91,515.99,Invoice
FIN00800,ORD01376,2025-04-21,CUST067,Metro Manufacturing,24592.83,24592.83,0,1042.27,521.14,8139.79,Invoice
FIN00801,ORD01119,2025-01-04,CUST020,Shree Industries,2447.84,2447.84,0,109.59,54.79,717.91,Invoice
FIN00802,ORD01068,2025-12-07,CUST090,Sunrise Traders,139490.25,139490.25,0,6735.61,3367.81,33163.8,Invoice
FIN00803,ORD00559,2025-06-13,CUST022,United Manufacturing,61413.43,61413.43,0,3081.18,1540.59,12774.74,Invoice
FIN00804,ORD00140,2025-05-11,CUST027,Om Industries,4983.84,4983.84,0,216.78,108.39,1561.89,Invoice
FIN00805,ORD01565,2025-07-31,CUST032,Vertex Industries,39588.24,39588.24,0,1674.86,837.43,13149.41,Invoice
FIN00806,ORD00532,2025-01-15,CUST025,Global Logistics,11794.15,11794.15,0,504.88,252.44,3824.33,Invoice
FIN00807,ORD00225,2025-05-08,CUST017,Global Logistics,25289.73,1715.41,23574.32,1124.99,562.49,7530.98,Invoice
FIN00808,ORD00724,2025-12-25,CUST107,Om Traders,8903.92,8903.92,0,369.64,184.82,3068.83,Invoice
FIN00809,ORD00787,2025-03-10,CUST043,Om Logistics,893.71,893.71,0,36.2,18.1,322.34,Invoice
FIN00810,ORD00825,2025-07-14,CUST057,Apex Enterprises,20030.75,20030.75,0,827.79,413.89,6963.52,Invoice
FIN00811,ORD00410,2025-12-03,CUST020,Shree Industries,807.23,807.23,0,37.09,18.55,221.72,Invoice
FIN00812,ORD00326,2025-04-16,CUST092,Metro Industries,9714.36,9714.36,0,412.59,206.29,3201.39,Invoice
FIN00813,ORD00965,2025-02-17,CUST011,Vertex Industries,14382.86,14382.86,0,609.28,304.64,4764.92,Invoice
FIN00814,ORD00300,2025-08-05,CUST105,United Pvt Ltd,17705.44,17705.44,0,725.34,362.67,6255.43,Invoice
FIN00815,ORD01139,2025-02-04,CUST058,Sunrise Pvt Ltd,9345.24,5275.43,4069.81,420.78,210.39,2702.89,Invoice
FIN00816,ORD01183,2025-07-09,CUST080,Vertex Industries,8875.13,8875.13,0,369.77,184.88,3038.09,Invoice
FIN00817,ORD00940,2025-05-31,CUST030,Metro Industries,73276.66,52339.3,20937.36,3416.68,1708.34,19341.94,Invoice
FIN00818,ORD01672,2025-03-20,CUST039,Shree Logistics,12149.27,12149.27,0,480.16,240.08,4569.53,Invoice
FIN00819,ORD00715,2025-11-26,CUST002,Global Pvt Ltd,97611.09,97611.09,0,5109.1,2554.55,16960.31,Invoice
FIN00820,ORD00194,2025-10-03,CUST075,Global Traders,7933.5,7933.5,0,325.25,162.62,2799.25,Invoice
FIN00821,ORD00441,2025-12-13,CUST012,Shree Pvt Ltd,16304.12,16304.12,0,643.33,321.67,6148.64,Invoice
FIN00822,ORD00574,2025-05-15,CUST074,Global Traders,15050.41,15050.41,0,588.06,294.03,5767.45,Invoice
FIN00823,ORD00504,2025-08-07,CUST080,Vertex Industries,715.66,517.35,198.31,33.03,16.51,194.27,Invoice
FIN00824,ORD00606,2025-11-15,CUST048,Sunrise Manufacturing,2498.92,2498.92,0,100.15,50.07,918.04,Invoice
FIN00825,ORD01055,2025-07-26,CUST081,Vertex Industries,1027.34,1027.34,0,41.83,20.92,366.96,Invoice
FIN00826,ORD01609,2025-12-02,CUST081,Vertex Industries,36554.93,36554.93,0,1877.41,938.71,6918.65,Invoice
FIN00827,ORD00004,2025-05-14,CUST079,Shree Manufacturing,3955.01,3955.01,0,171.79,85.9,1243.11,Invoice
FIN00828,ORD01042,2025-07-14,CUST079,Shree Manufacturing,1504.12,1504.12,0,57.65,28.82,594.08,Invoice
FIN00829,ORD01108,2025-04-08,CUST112,National Manufacturing,40360.12,40360.12,0,1587.66,793.83,15297.76,Invoice
FIN00830,ORD00468,2025-06-26,CUST033,Om Manufacturing,9607.9,9607.9,0,433.56,216.78,2763.84,Invoice
FIN00831,ORD00322,2025-10-03,CUST063,Prime Logistics,192880.72,192880.72,0,9107.31,4553.66,49115.31,Invoice
FIN00832,ORD00006,2025-11-15,CUST004,Prime Manufacturing,57443.5,57443.5,0,2467.7,1233.85,18489.17,Invoice
FIN00833,ORD00223,2025-10-27,CUST026,Prime Manufacturing,10391.29,10391.29,0,372.9,186.45,4504.75,Invoice
FIN00834,ORD00548,2025-08-09,CUST075,Global Traders,180365.16,180365.16,0,8434,4217,47228.46,Invoice
FIN00835,ORD00229,2025-04-06,CUST007,Shree Industries,11630.36,11630.36,0,451.82,225.91,4498.13,Invoice
FIN00836,ORD00040,2025-08-15,CUST107,Om Traders,2250.9,2250.9,0,103.36,51.68,619.22,Invoice
FIN00837,ORD00543,2025-10-31,CUST044,Apex Industries,14807.18,14807.18,0,569.34,284.67,5819.8,Invoice
FIN00838,ORD00243,2025-01-11,CUST039,Shree Logistics,4533.31,4533.31,0,186.43,93.21,1590.4,Invoice
FIN00839,ORD01716,2025-06-29,CUST011,Vertex Industries,13267.29,6683.91,6583.38,599.59,299.8,3802.29,Invoice
FIN00840,ORD00137,2025-04-22,CUST019,Apex Manufacturing,166991.65,166991.65,0,8695.68,4347.84,29724.05,Invoice
FIN00841,ORD01079,2025-09-26,CUST025,Global Logistics,22402.3,22402.3,0,975.75,487.88,6999.33,Invoice
FIN00842,ORD01581,2025-04-24,CUST038,Global Manufacturing,12040.59,6945.41,5095.18,576.85,288.43,2934.59,Invoice
FIN00843,ORD01418,2025-10-06,CUST017,Global Logistics,43721.66,43721.66,0,1768.77,884.38,15800.41,Invoice
FIN00844,ORD01434,2025-09-21,CUST043,Om Logistics,6307.7,6307.7,0,284.68,142.34,1813.84,Invoice
FIN00845,ORD00830,2025-01-02,CUST109,National Enterprises,38765.99,38765.99,0,1382.41,691.21,16943.59,Invoice
FIN00846,ORD00446,2025-02-14,CUST103,Apex Traders,5013.76,2421.31,2592.45,195.79,97.9,1923.01,Invoice
FIN00847,ORD00843,2025-11-18,CUST024,Sunrise Logistics,851.17,851.17,0,34.34,17.17,309.03,Invoice
FIN00848,ORD00980,2025-08-06,CUST062,Global Industries,11476.85,11476.85,0,464.43,232.22,4145.46,Invoice
FIN00849,ORD01698,2025-03-19,CUST050,Prime Industries,25446.67,12697.78,12748.89,985.81,492.91,9884.91,Invoice
FIN00850,ORD01074,2025-07-04,CUST104,Om Logistics,1021.02,1021.02,0,47.95,23.98,264.06,Invoice
FIN00851,ORD01643,2025-02-02,CUST010,Metro Logistics,394377.27,394377.27,0,21546.37,10773.18,54252.46,Invoice
FIN00852,ORD00582,2025-05-16,CUST019,Apex Manufacturing,24406.68,17551.85,6854.83,1187.94,593.97,5654.23,Invoice
FIN00853,ORD01589,2025-03-19,CUST084,Prime Traders,937.81,937.81,0,40.09,20.05,304.92,Invoice
FIN00854,ORD01770,2025-08-03,CUST050,Prime Industries,52894.58,52894.58,0,2078.24,1039.12,20088.03,Invoice
FIN00855,ORD00662,2025-06-03,CUST115,Metro Enterprises,7572.34,7572.34,0,327.92,163.96,2395.88,Invoice
FIN00856,ORD00437,2025-04-17,CUST111,National Manufacturing,42116.09,42116.09,0,2018.53,1009.26,10252.16,Invoice
FIN00857,ORD01670,2025-04-04,CUST016,Shree Pvt Ltd,17994.82,11287.41,6707.41,686.49,343.25,7158.06,Invoice
FIN00858,ORD00377,2025-07-17,CUST031,United Industries,53939.51,53939.51,0,2256.57,1128.29,18317.87,Invoice
FIN00859,ORD01330,2025-10-12,CUST093,Om Traders,6991.99,6991.99,0,300.33,150.16,2251.12,Invoice
FIN00860,ORD00315,2025-01-16,CUST110,Om Manufacturing,354090.62,219860.4,134230.22,15564.05,7782.03,108400.92,Invoice
FIN00861,ORD00443,2025-04-13,CUST061,Apex Industries,62949.29,62949.29,0,2873.46,1436.73,17589.6,Invoice
FIN00862,ORD01038,2025-10-16,CUST115,Metro Enterprises,5614.47,5614.47,0,261.51,130.76,1486.34,Invoice
FIN00863,ORD00320,2025-10-17,CUST071,Prime Manufacturing,843617.44,578758.7,264858.74,39898.74,19949.37,213787.32,Invoice
FIN00864,ORD00282,2025-01-26,CUST093,Om Traders,8593.66,5933.91,2659.75,326.44,163.22,3440.51,Invoice
FIN00865,ORD00933,2025-02-09,CUST059,Global Manufacturing,53907.11,53907.11,0,2853.27,1426.64,8866.15,Invoice
FIN00866,ORD01358,2025-09-27,CUST034,Vertex Logistics,56127.45,56127.45,0,2259.57,1129.78,20458.57,Invoice
FIN00867,ORD01604,2025-07-23,CUST079,Shree Manufacturing,67141.18,25907.33,41233.85,3029.03,1514.51,19325.81,Invoice
FIN00868,ORD00425,2025-11-15,CUST105,United Pvt Ltd,10352.92,10352.92,0,468.84,234.42,2951.97,Invoice
FIN00869,ORD00554,2025-03-27,CUST101,Vertex Manufacturing,10967.48,472.73,10494.75,418.61,209.3,4359.46,Invoice
FIN00870,ORD00595,2025-12-05,CUST083,Metro Industries,24312.84,24312.84,0,1067.29,533.65,7464.86,Invoice
FIN00871,ORD01764,2025-12-27,CUST069,United Logistics,23982.7,14465.11,9517.59,1019.06,509.53,7896.13,Invoice
FIN00872,ORD00369,2025-10-16,CUST020,Shree Industries,1885.81,1885.81,0,81.01,40.5,607.07,Invoice
FIN00873,ORD01252,2025-01-02,CUST106,Global Pvt Ltd,21061.71,21061.71,0,828.46,414.23,7983.84,Invoice
FIN00874,ORD01179,2025-02-18,CUST058,Sunrise Pvt Ltd,20887.35,20887.35,0,836.09,418.05,7689.01,Invoice
FIN00875,ORD01424,2025-09-30,CUST046,Shree Pvt Ltd,68849.04,4181.56,64667.48,2875.08,1437.54,23463.81,Invoice
FIN00876,ORD01457,2025-06-04,CUST098,Prime Pvt Ltd,90246.89,90246.89,0,4340.24,2170.12,21733.12,Invoice
FIN00877,ORD01442,2025-04-22,CUST027,Om Industries,516834.37,516834.37,0,24807.46,12403.73,125230.86,Invoice
FIN00878,ORD00228,2025-01-22,CUST020,Shree Industries,5151616.66,5151616.66,0,265160.16,132580.08,965874.11,Invoice
FIN00879,ORD01001,2025-03-08,CUST096,Shree Industries,10642.56,5685.63,4956.93,473.55,236.78,3167.17,Invoice
FIN00880,ORD01091,2025-04-14,CUST028,United Logistics,597.18,597.18,0,27.13,13.57,168.86,Invoice
FIN00881,ORD01621,2025-03-04,CUST033,Om Manufacturing,1241.25,144.62,1096.63,51.74,25.87,424.54,Invoice
FIN00882,ORD00964,2025-06-15,CUST004,Prime Manufacturing,11171.08,11171.08,0,431.25,215.63,4363.44,Invoice
FIN00883,ORD00067,2025-04-19,CUST019,Apex Manufacturing,30607.54,17233.05,13374.49,1355.43,677.71,9211.15,Invoice
FIN00884,ORD00394,2025-04-20,CUST067,Metro Manufacturing,6939.31,6939.31,0,289.84,144.92,2363.9,Invoice
FIN00885,ORD00580,2025-10-25,CUST069,United Logistics,74947.25,74947.25,0,2989.28,1494.64,27759.27,Invoice
FIN00886,ORD00025,2025-12-12,CUST091,Metro Pvt Ltd,14346.43,14346.43,0,613.56,306.78,4660.96,Invoice
FIN00887,ORD00212,2025-12-03,CUST096,Shree Industries,6825.68,842.13,5983.55,257.06,128.53,2767.83,Invoice
FIN00888,ORD01385,2025-12-28,CUST102,Global Logistics,3031.77,1794.4,1237.37,131.74,65.87,952.2,Invoice
FIN00889,ORD00145,2025-08-17,CUST002,Global Pvt Ltd,9774.09,9774.09,0,372.75,186.37,3890.03,Invoice
FIN00890,ORD00537,2025-04-20,CUST093,Om Traders,384232.53,189015.1,195217.43,16329.79,8164.89,126455.19,Invoice
FIN00891,ORD00812,2025-11-23,CUST091,Metro Pvt Ltd,32503.48,32503.48,0,1535.02,767.51,8272.14,Invoice
FIN00892,ORD01007,2025-06-09,CUST052,United Manufacturing,50354.24,50354.24,0,2115.92,1057.96,16952.95,Invoice
FIN00893,ORD00926,2025-04-22,CUST066,Om Logistics,74275.83,74275.83,0,3267.17,1633.59,22701.19,Invoice
FIN00894,ORD00086,2025-08-19,CUST110,Om Manufacturing,32746.77,32746.77,0,1512.48,756.24,8871.13,Invoice
FIN00895,ORD01623,2025-12-18,CUST076,Metro Manufacturing,14300.48,14300.48,0,594.99,297.5,4908.09,Invoice
FIN00896,ORD00273,2025-01-08,CUST033,Om Manufacturing,3965.64,3965.64,0,149.04,74.52,1612.92,Invoice
FIN00897,ORD01162,2025-06-14,CUST064,Sunrise Industries,19974.2,19974.2,0,879.7,439.85,6087.44,Invoice
FIN00898,ORD01445,2025-04-03,CUST031,United Industries,60321.56,60321.56,0,2735.81,1367.91,17134.79,Invoice
FIN00899,ORD01106,2025-04-27,CUST098,Prime Pvt Ltd,49342.49,49342.49,0,1970.29,985.14,18240.1,Invoice
FIN00900,ORD01625,2025-12-15,CUST085,Global Manufacturing,24031.55,1907.04,22124.51,1180.05,590.02,5403.68,Invoice
FIN00901,ORD00631,2025-04-09,CUST070,National Logistics,486.38,298.3,188.08,21.59,10.79,145.62,Invoice
FIN00902,ORD01235,2025-09-19,CUST120,Prime Manufacturing,44465.41,44465.41,0,1839.15,919.58,15433.05,Invoice
FIN00903,ORD01683,2025-12-19,CUST109,National Enterprises,20720.31,20720.31,0,1029.13,514.57,4474.72,Invoice
FIN00904,ORD00916,2025-12-28,CUST014,National Industries,59048.59,41758.65,17289.94,2772.41,1386.21,15284.08,Invoice
FIN00905,ORD01234,2025-09-02,CUST109,National Enterprises,36914.25,36914.25,0,1640.21,820.1,11022.43,Invoice
FIN00906,ORD01037,2025-06-19,CUST043,Om Logistics,1978114.36,1978114.36,0,99691.38,49845.69,404414.64,Invoice
FIN00907,ORD00506,2025-12-30,CUST032,Vertex Industries,257059.28,166576.13,90483.15,12249.76,6124.88,63688.05,Invoice
FIN00908,ORD00274,2025-07-16,CUST096,Shree Industries,9620.64,9620.64,0,398.72,199.36,3326.58,Invoice
FIN00909,ORD01198,2025-04-28,CUST065,Apex Logistics,17964.68,17964.68,0,889.34,444.67,3925.79,Invoice
FIN00910,ORD01597,2025-04-21,CUST027,Om Industries,6137.03,6137.03,0,264.62,132.31,1959.82,Invoice
FIN00911,ORD00363,2025-10-20,CUST075,Global Traders,55414.49,55414.49,0,2190.21,1095.11,20840.4,Invoice
FIN00912,ORD01454,2025-03-18,CUST054,Prime Industries,56321.67,23957.9,32363.77,2637.18,1318.59,14691.96,Invoice
FIN00913,ORD00623,2025-09-27,CUST082,Global Enterprises,2062.76,2062.76,0,89.53,44.76,649.51,Invoice
FIN00914,ORD00003,2025-03-26,CUST112,National Manufacturing,10837.6,7551,3286.6,454.74,227.37,3659.13,Invoice
FIN00915,ORD00007,2025-11-07,CUST087,Shree Manufacturing,23434.53,23434.53,0,1081.47,540.74,6362.71,Invoice
FIN00916,ORD01002,2025-04-13,CUST016,Shree Pvt Ltd,41074.8,41074.8,0,1655.9,827.95,14935.24,Invoice
FIN00917,ORD00312,2025-12-18,CUST079,Shree Manufacturing,20971.38,14232.18,6739.2,856.13,428.06,7456.78,Invoice
FIN00918,ORD01218,2025-02-25,CUST015,Metro Manufacturing,5783.45,2466.08,3317.37,251.11,125.56,1819.48,Invoice
FIN00919,ORD00927,2025-05-13,CUST019,Apex Manufacturing,297280.13,297280.13,0,14030.8,7015.4,75793.86,Invoice
FIN00920,ORD00666,2025-02-21,CUST083,Metro Industries,17597.97,17597.97,0,763.36,381.68,5547.85,Invoice
FIN00921,ORD00365,2025-12-05,CUST021,National Pvt Ltd,75653.11,75653.11,0,3512.28,1756.14,20209.24,Invoice
FIN00922,ORD01773,2025-06-29,CUST110,Om Manufacturing,7113.17,7113.17,0,300.81,150.4,2364.72,Invoice
FIN00923,ORD00216,2025-12-02,CUST096,Shree Industries,20549.26,20549.26,0,869.93,434.96,6816.84,Invoice
FIN00924,ORD01739,2025-02-21,CUST039,Shree Logistics,3408.22,3408.22,0,122.69,61.34,1471.51,Invoice
FIN00925,ORD00028,2025-12-03,CUST114,United Pvt Ltd,24886.2,9223.94,15662.26,1018.34,509.17,8811.05,Invoice
FIN00926,ORD01573,2025-02-18,CUST028,United Logistics,10514.25,1083.08,9431.17,438.53,219.27,3591.69,Invoice
FIN00927,ORD00526,2025-09-20,CUST115,Metro Enterprises,9160.41,9160.41,0,404.15,202.08,2780.58,Invoice
FIN00928,ORD01651,2025-03-16,CUST120,Prime Manufacturing,89499.91,89499.91,0,3229.32,1614.66,38522.82,Invoice
FIN00929,ORD00947,2025-10-20,CUST085,Global Manufacturing,15983.35,15983.35,0,676.18,338.09,5309.41,Invoice
FIN00930,ORD00639,2025-10-12,CUST107,Om Traders,564.34,564.34,0,22.64,11.32,207.01,Invoice
FIN00931,ORD00303,2025-04-14,CUST054,Prime Industries,13428.77,13428.77,0,596.58,298.29,4011.36,Invoice
FIN00932,ORD00719,2025-04-06,CUST031,United Industries,92371.89,92371.89,0,4331.54,2165.77,23995.44,Invoice
FIN00933,ORD00692,2025-03-11,CUST102,Global Logistics,2865.17,2865.17,0,125.84,62.92,878.77,Invoice
FIN00934,ORD01717,2025-07-01,CUST069,United Logistics,119194.41,119194.41,0,4348.59,2174.29,50548.84,Invoice
FIN00935,ORD01224,2025-04-21,CUST010,Metro Logistics,2646.91,999.58,1647.33,124.1,62.05,687.98,Invoice
FIN00936,ORD00625,2025-01-17,CUST118,National Traders,165249.44,165249.44,0,8566.1,4283.05,30027.45,Invoice
FIN00937,ORD00008,2025-02-08,CUST016,Shree Pvt Ltd,1663.8,1237.1,426.7,72.7,36.35,516.2,Invoice
FIN00938,ORD00257,2025-06-03,CUST045,Apex Traders,493.64,493.64,0,19.37,9.68,187.88,Invoice
FIN00939,ORD00804,2025-03-12,CUST059,Global Manufacturing,28717.54,28717.54,0,1186.21,593.1,9992.4,Invoice
FIN00940,ORD00026,2025-08-12,CUST066,Om Logistics,27474.58,27474.58,0,1354.76,677.38,6088.77,Invoice
FIN00941,ORD00337,2025-02-12,CUST118,National Traders,40442.92,22563.3,17879.62,1538.53,769.26,16156.18,Invoice
FIN00942,ORD00573,2025-04-04,CUST027,Om Industries,15162.3,15162.3,0,632.12,316.06,5183.88,Invoice
FIN00943,ORD00048,2025-09-10,CUST105,United Pvt Ltd,42145.79,3713.09,38432.7,1728.7,864.35,14856.96,Invoice
FIN00944,ORD01332,2025-10-28,CUST016,Shree Pvt Ltd,101855.99,101855.99,0,5177.12,2588.56,20131.46,Invoice
FIN00945,ORD00107,2025-03-20,CUST040,National Pvt Ltd,20172.49,238.62,19933.87,940.9,470.45,5319.71,Invoice
FIN00946,ORD00350,2025-07-24,CUST013,Prime Industries,48599.15,4979.77,43619.38,1801.29,900.65,20164.44,Invoice
FIN00947,ORD00056,2025-02-11,CUST103,Apex Traders,22256.84,22256.84,0,990.31,495.15,6624.12,Invoice
FIN00948,ORD00239,2025-01-01,CUST050,Prime Industries,1057.22,609.19,448.03,46.38,23.19,325.08,Invoice
FIN00949,ORD00214,2025-02-09,CUST074,Global Traders,15132.43,15132.43,0,607.14,303.57,5548.31,Invoice
FIN00950,ORD00121,2025-04-27,CUST063,Prime Logistics,75866.08,47210.76,28655.32,3178.46,1589.23,25691.86,Invoice
FIN00951,ORD01133,2025-06-05,CUST108,National Manufacturing,73709.53,73709.53,0,4026.87,2013.44,10142.47,Invoice
FIN00952,ORD01031,2025-10-23,CUST116,United Manufacturing,67740.97,67740.97,0,2767.62,1383.81,24052.17,Invoice
FIN00953,ORD00794,2025-03-25,CUST092,Metro Industries,87084.06,87084.06,0,4792.9,2396.45,11424.78,Invoice
FIN00954,ORD00073,2025-11-22,CUST082,Global Enterprises,47663.13,47663.13,0,2071.81,1035.9,14958.16,Invoice
FIN00955,ORD00923,2025-08-28,CUST114,United Pvt Ltd,1071.15,1071.15,0,48.67,24.33,302.92,Invoice
FIN00956,ORD00813,2025-02-17,CUST096,Shree Industries,6240.22,6240.22,0,262.07,131.04,2103.25,Invoice
FIN00957,ORD01555,2025-08-19,CUST007,Shree Industries,5999.25,3266.25,2733,255.47,127.73,1966.5,Invoice
FIN00958,ORD00078,2025-10-13,CUST045,Apex Traders,13439.47,13439.47,0,563.62,281.81,4542.35,Invoice
FIN00959,ORD00945,2025-08-13,CUST073,Vertex Industries,98848.84,1423.07,97425.77,4592.2,2296.1,26357.72,Invoice
FIN00960,ORD01297,2025-10-08,CUST063,Prime Logistics,19664.7,19664.7,0,811.4,405.7,6856.23,Invoice
FIN00961,ORD00046,2025-03-05,CUST071,Prime Manufacturing,15531.17,15531.17,0,670.97,335.48,4939.47,Invoice
FIN00962,ORD01510,2025-10-25,CUST055,National Manufacturing,530550.81,530550.81,0,26375.01,13187.5,114202.48,Invoice
FIN00963,ORD00524,2025-05-15,CUST068,Shree Enterprises,9050.92,9050.92,0,390.31,195.16,2889.53,Invoice
FIN00964,ORD00233,2025-05-17,CUST046,Shree Pvt Ltd,6206.3,6206.3,0,257.15,128.57,2147.04,Invoice
FIN00965,ORD00645,2025-03-05,CUST025,Global Logistics,34312.64,13244.22,21068.42,1489.74,744.87,10796,Invoice
FIN00966,ORD01323,2025-03-15,CUST008,Metro Traders,2289.42,2289.42,0,93.12,46.56,819.52,Invoice
FIN00967,ORD01359,2025-10-12,CUST077,Shree Industries,1801.03,989.45,811.58,69.37,34.69,705.95,Invoice
FIN00968,ORD01080,2025-10-02,CUST092,Metro Industries,5872.09,475.63,5396.46,263.59,131.79,1711.15,Invoice
FIN00969,ORD00534,2025-01-23,CUST038,Global Manufacturing,40164.93,40164.93,0,1868.22,934.11,10673.72,Invoice
FIN00970,ORD01557,2025-01-26,CUST004,Prime Manufacturing,18354.42,18354.42,0,888.47,444.23,4329.33,Invoice
FIN00971,ORD01360,2025-04-10,CUST025,Global Logistics,18027.27,18027.27,0,744.11,372.05,6280.98,Invoice
FIN00972,ORD00604,2025-11-15,CUST047,Global Pvt Ltd,35810.84,35810.84,0,1528.6,764.3,11680.77,Invoice
FIN00973,ORD00466,2025-03-19,CUST076,Metro Manufacturing,3346.52,3346.52,0,127.83,63.91,1328.65,Invoice
FIN00974,ORD01533,2025-07-04,CUST042,National Manufacturing,1280.76,1280.76,0,51.89,25.95,461.58,Invoice
FIN00975,ORD00789,2025-05-18,CUST082,Global Enterprises,67958.47,67958.47,0,2856.77,1428.39,22862.24,Invoice
FIN00976,ORD01527,2025-02-27,CUST070,National Logistics,10276.65,7461.2,2815.45,373.48,186.74,4381.06,Invoice
FIN00977,ORD01262,2025-07-08,CUST075,Global Traders,71609.83,48359.72,23250.11,3677.81,1838.91,13552.96,Invoice
FIN00978,ORD01199,2025-10-02,CUST050,Prime Industries,182793.55,182793.55,0,9152.33,4576.16,38317.49,Invoice
FIN00979,ORD00061,2025-10-23,CUST012,Shree Pvt Ltd,144288.04,66578.44,77709.6,6230.09,3115.05,45941.61,Invoice
FIN00980,ORD01177,2025-07-29,CUST107,Om Traders,667.94,667.94,0,25.36,12.68,267.6,Invoice
FIN00981,ORD01714,2025-07-09,CUST074,Global Traders,5315.15,2131.24,3183.91,252.72,126.36,1325.82,Invoice
FIN00982,ORD00093,2025-06-20,CUST117,National Pvt Ltd,58314.06,31571.96,26742.1,2903.3,1451.65,12483.46,Invoice
FIN00983,ORD00667,2025-07-10,CUST019,Apex Manufacturing,943.79,943.79,0,45.36,22.68,227.69,Invoice
FIN00984,ORD00986,2025-09-09,CUST054,Prime Industries,14734.86,10172.61,4562.25,541.66,270.83,6184.4,Invoice
FIN00985,ORD01674,2025-08-18,CUST104,Om Logistics,76760.74,76760.74,0,3122.96,1561.48,27462.55,Invoice
FIN00986,ORD00195,2025-05-22,CUST114,United Pvt Ltd,506.3,506.3,0,18.41,9.21,215.64,Invoice
FIN00987,ORD00281,2025-09-10,CUST065,Apex Logistics,137689.76,137689.76,0,5966.47,2983.24,43504.76,Invoice
FIN00988,ORD00696,2025-02-16,CUST113,Vertex Manufacturing,307900.85,210651.61,97249.24,13754.56,6877.28,90775.33,Invoice
FIN00989,ORD00991,2025-06-12,CUST071,Prime Manufacturing,10667.55,10667.55,0,477.81,238.91,3124.94,Invoice
FIN00990,ORD00360,2025-08-19,CUST049,Metro Enterprises,11101.27,11101.27,0,489.51,244.76,3373.99,Invoice
FIN00991,ORD01560,2025-01-04,CUST116,United Manufacturing,10856.43,6293.95,4562.48,484.6,242.3,3206.61,Invoice
FIN00992,ORD00520,2025-08-07,CUST093,Om Traders,34574.53,1118.63,33455.9,1393.03,696.51,12584.63,Invoice
FIN00993,ORD01294,2025-01-22,CUST029,Prime Pvt Ltd,70484.11,70484.11,0,3993.6,1996.8,7442.35,Invoice
FIN00994,ORD01205,2025-01-06,CUST088,United Manufacturing,1461.34,1461.34,0,62.68,31.34,471.9,Invoice
FIN00995,ORD01357,2025-01-28,CUST114,United Pvt Ltd,59955.8,59955.8,0,2642.01,1321,18249.85,Invoice
FIN00996,ORD01619,2025-09-18,CUST098,Prime Pvt Ltd,10891.64,10891.64,0,424.45,212.22,4191.44,Invoice
FIN00997,ORD00848,2025-12-29,CUST094,Sunrise Traders,10221.04,10221.04,0,394.5,197.25,3993.55,Invoice
FIN00998,ORD00183,2025-04-05,CUST066,Om Logistics,18744.32,18744.32,0,795.99,398,6179.03,Invoice
FIN00999,ORD01229,2025-12-22,CUST095,Vertex Industries,1590.13,1590.13,0,59.04,29.52,658.13,Invoice
FIN01000,ORD01789,2025-07-28,CUST107,Om Traders,3718.89,143.27,3575.62,161.72,80.86,1166.05,Invoice
