Order_ID,Order_Date,Customer_ID,Customer_Name,Industry,City,State,Region,Customer_Size,Product_ID,Category,Product_Name,UOM,Quantity,Unit_Price_INR,Discount,Sales_INR,Cost_INR,Gross_Profit_INR,Ship_Mode,Planned_Production_Date,Production_Completion_Date,Dispatch_Date,Promised_Date,Production_Status,Dispatch_Status,Payment_Status,Amount_Paid_INR,Outstanding_INR,Salesperson_ID,Gross_Margin_%,Production_Days,Dispatch_Delay_Days,On_Time_Dispatch
ORD00001,2025-08-04,CUST045,Apex Traders,FMCG,Ahmedabad,Gujarat,West,Large,P004,Protective Packaging,EPE Foam Roll,Roll,5,1424.18,0,7120.92,4416.71,2704.21,Express,2025-08-09,2025-08-16,2025-08-20,2025-08-09,Completed,Dispatched,Paid,7120.92,0,SP07,0.379755706,7,11,No
ORD00002,2025-10-03,CUST025,Global Logistics,Logistics,Noida,Uttar Pradesh,North,Small,P013,Material Handling,Platform Trolley,Nos,51,7923.81,0.03,404114.54,290116.15,113998.39,Scheduled,2025-10-09,2025-10-16,2025-10-20,2025-10-11,Completed,Dispatched,Paid,404114.54,0,SP07,0.282094255,7,9,No
ORD00003,2025-03-26,CUST112,National Manufacturing,Chemicals,Chennai,Tamil Nadu,South,Medium,P007,Pallet Solutions,Wooden Pallet,Nos,11,985.24,0.02,10837.6,6496.35,4341.25,Standard,2025-03-31,2025-04-02,2025-04-11,2025-04-08,Completed,Dispatched,Partially Paid,7551,3286.6,SP01,0.400573005,2,3,No
ORD00004,2025-05-14,CUST079,Shree Manufacturing,Logistics,Indore,Madhya Pradesh,Central,Large,P007,Pallet Solutions,Wooden Pallet,Nos,4,988.75,0.03,3955.01,2454.21,1500.8,Standard,2025-05-19,2025-05-22,2025-05-23,2025-05-26,Completed,Dispatched,Paid,3955.01,0,SP08,0.379468067,3,0,Yes
ORD00005,2025-01-10,CUST032,Vertex Industries,Textiles,Bhopal,Madhya Pradesh,Central,Large,P001,Strapping Solutions,PP Strapping Roll,Meter,260,103.84,0.03,26997.38,13887.01,13110.37,Standard,2025-01-16,2025-01-17,2025-01-19,2025-01-18,In Production,Dispatched,Paid,26997.38,0,SP01,0.485616382,1,1,No
ORD00006,2025-11-15,CUST004,Prime Manufacturing,Electronics,Mumbai,Maharashtra,West,Large,P003,Protective Packaging,Bubble Wrap Roll,Roll,70,820.62,0.02,57443.5,35252.79,22190.71,Express,2025-11-18,2025-11-20,2025-11-21,2025-11-27,Completed,Dispatched,Paid,57443.5,0,SP03,0.386304978,2,0,Yes
ORD00007,2025-11-07,CUST087,Shree Manufacturing,FMCG,Noida,Uttar Pradesh,North,Medium,P002,Strapping Solutions,PET Strapping Roll,Kg,205,114.31,0.05,23434.53,15449.61,7984.92,Scheduled,2025-11-13,2025-11-19,2025-11-19,2025-11-14,Completed,Dispatched,Paid,23434.53,0,SP04,0.340733098,6,5,No
ORD00008,2025-02-08,CUST016,Shree Pvt Ltd,FMCG,Delhi,Delhi,North,Large,P011,Customized Carton Boxes,5-Ply Corrugated Box,Nos,29,57.37,0.05,1663.8,1038.55,625.25,Standard,2025-02-14,2025-02-20,2025-02-21,2025-02-14,Completed,Dispatched,Partially Paid,1237.1,426.7,SP06,0.37579637,6,7,No
ORD00009,2025-09-30,CUST020,Shree Industries,Electronics,Bengaluru,Karnataka,South,Large,P001,Strapping Solutions,PP Strapping Roll,Meter,120,88.87,0,10664.29,6404.8,4259.49,Express,2025-10-05,2025-10-11,2025-10-13,2025-10-06,Completed,Dispatched,Partially Paid,5581.79,5082.5,SP11,0.399416182,6,7,No
ORD00010,2025-08-24,CUST066,Om Logistics,Engineering,Kolkata,West Bengal,East,Medium,P002,Strapping Solutions,PET Strapping Roll,Kg,300,117.07,0.08,35122.3,22145.93,12976.37,Scheduled,2025-08-27,2025-08-31,2025-09-01,2025-09-06,Completed,Dispatched,Partially Paid,18412.16,16710.14,SP10,0.369462421,4,0,Yes
ORD00011,2025-05-18,CUST028,United Logistics,Textiles,Bhubaneswar,Odisha,East,Large,P013,Material Handling,Platform Trolley,Nos,9,7585.13,0,68266.19,50006.86,18259.33,Express,2025-05-22,2025-05-29,2025-05-30,2025-05-24,Completed,Dispatched,Partially Paid,24676.86,43589.33,SP03,0.267472522,7,6,No
ORD00012,2025-09-07,CUST083,Metro Industries,Engineering,Jaipur,Rajasthan,North,Small,P005,Stretch / Film Solutions,Stretch Film Roll,Roll,36,643.35,0.03,23160.57,13573.89,9586.68,Standard,2025-09-10,2025-09-13,2025-09-15,2025-09-17,Completed,Dispatched,Outstanding,3293.65,19866.92,SP04,0.413922455,3,0,Yes
ORD00013,2025-07-28,CUST051,Prime Manufacturing,Electronics,Ludhiana,Punjab,North,Small,P008,Pallet Solutions,Plastic Pallet,Nos,51,2478.05,0.05,126380.54,87555.7,38824.84,Standard,2025-08-02,2025-08-07,2025-08-08,2025-08-09,Completed,Dispatched,Partially Paid,64676.56,61703.98,SP05,0.30720584,5,0,Yes
ORD00014,2025-12-06,CUST061,Apex Industries,Logistics,Ludhiana,Punjab,North,Large,P012,Customized Carton Boxes,7-Ply Corrugated Box,Nos,22,88.12,0.02,1938.6,1186.56,752.04,Express,2025-12-12,2025-12-15,2025-12-18,2025-12-19,Completed,Dispatched,Partially Paid,1030.36,908.24,SP05,0.387929434,3,0,Yes
ORD00015,2025-04-29,CUST056,National Enterprises,Automotive,Vijayawada,Andhra Pradesh,South,Small,P012,Customized Carton Boxes,7-Ply Corrugated Box,Nos,61,95.76,0.03,5841.25,3459.18,2382.07,Scheduled,2025-05-01,2025-05-07,2025-05-14,2025-05-09,Pending,Dispatched,Partially Paid,3175.77,2665.48,SP10,0.407801412,6,5,No
ORD00016,2025-09-26,CUST047,Global Pvt Ltd,Logistics,Coimbatore,Tamil Nadu,South,Small,P002,Strapping Solutions,PET Strapping Roll,Kg,115,115.92,0,13330.43,8558.54,4771.89,Express,2025-10-02,2025-10-05,2025-10-05,2025-10-04,Completed,Dispatched,Paid,13330.43,0,SP01,0.357969698,3,1,No
ORD00017,2025-01-28,CUST096,Shree Industries,Retail,Delhi,Delhi,North,Small,P004,Protective Packaging,EPE Foam Roll,Roll,77,1453.14,0.03,111891.8,67416.69,44475.11,Standard,2025-02-03,2025-02-06,2025-02-09,2025-02-09,Completed,Dispatched,Paid,111891.8,0,SP05,0.397483194,3,0,Yes
ORD00018,2025-09-02,CUST014,National Industries,Retail,Ahmedabad,Gujarat,West,Medium,P003,Protective Packaging,Bubble Wrap Roll,Roll,9,786.02,0,7074.17,4701.06,2373.11,Express,2025-09-04,2025-09-11,2025-09-11,2025-09-13,Completed,Dispatched,Partially Paid,4068.61,3005.56,SP02,0.335461263,7,0,Yes
ORD00019,2025-05-08,CUST037,Prime Pvt Ltd,Logistics,Ahmedabad,Gujarat,West,Small,P003,Protective Packaging,Bubble Wrap Roll,Roll,61,937.49,0.02,57187.18,32582.55,24604.63,Scheduled,2025-05-10,2025-05-15,2025-05-18,2025-05-22,Completed,Dispatched,Partially Paid,26817.43,30369.75,SP07,0.430247304,5,0,Yes
ORD00020,2025-06-06,CUST118,National Traders,Logistics,Vijayawada,Andhra Pradesh,South,Small,P003,Protective Packaging,Bubble Wrap Roll,Roll,20,846.01,0.03,16920.18,10636.09,6284.09,Standard,2025-06-12,2025-06-17,2025-06-17,2025-06-20,Completed,Dispatched,Partially Paid,10391.89,6528.29,SP04,0.371396167,5,0,Yes
ORD00021,2025-03-30,CUST114,United Pvt Ltd,Chemicals,Indore,Madhya Pradesh,Central,Large,P002,Strapping Solutions,PET Strapping Roll,Kg,310,126.65,0.05,39262.84,21520.84,17742,Scheduled,2025-04-05,2025-04-06,2025-04-07,2025-04-04,Completed,Dispatched,Paid,39262.84,0,SP05,0.451877653,1,3,No
ORD00022,2025-12-26,CUST063,Prime Logistics,FMCG,Bhopal,Madhya Pradesh,Central,Large,P005,Stretch / Film Solutions,Stretch Film Roll,Roll,32,658.83,0.05,21082.56,11309.42,9773.14,Scheduled,2025-12-31,2026-01-01,2026-01-02,2026-01-04,Completed,Pending,Partially Paid,11971.2,9111.36,SP03,0.463565146,1,0,Yes
ORD00023,2025-05-17,CUST025,Global Logistics,Logistics,Noida,Uttar Pradesh,North,Small,P012,Customized Carton Boxes,7-Ply Corrugated Box,Nos,9,91.75,0.05,825.78,522.99,302.79,Express,2025-05-20,2025-05-21,2025-05-21,2025-05-24,Completed,Dispatched,Partially Paid,443.84,381.94,SP12,0.366671511,1,0,Yes
ORD00024,2025-07-26,CUST036,National Industries,Electronics,Jaipur,Rajasthan,North,Large,P011,Customized Carton Boxes,5-Ply Corrugated Box,Nos,9,54.33,0.1,488.98,309.77,179.21,Standard,2025-07-30,2025-08-04,2025-08-08,2025-08-07,Completed,Dispatched,Outstanding,18.36,470.62,SP04,0.366497607,5,1,No
ORD00025,2025-12-12,CUST091,Metro Pvt Ltd,Chemicals,Gurugram,Haryana,North,Medium,P001,Strapping Solutions,PP Strapping Roll,Meter,160,89.67,0.08,14346.43,8765.13,5581.3,Standard,2025-12-18,2025-12-23,2025-12-23,2025-12-21,Completed,Dispatched,Paid,14346.43,0,SP10,0.389037552,5,2,No
ORD00026,2025-08-12,CUST066,Om Logistics,Engineering,Kolkata,West Bengal,East,Medium,P008,Pallet Solutions,Plastic Pallet,Nos,12,2289.55,0.05,27474.58,19353.67,8120.91,Scheduled,2025-08-17,2025-08-18,2025-08-21,2025-08-22,Completed,Dispatched,Paid,27474.58,0,SP08,0.295579041,1,0,Yes
ORD00027,2025-05-28,CUST016,Shree Pvt Ltd,FMCG,Delhi,Delhi,North,Large,P012,Customized Carton Boxes,7-Ply Corrugated Box,Nos,45,85.77,0.05,3859.76,2646.62,1213.14,Scheduled,2025-06-02,2025-06-09,2025-06-13,2025-06-02,Completed,Dispatched,Paid,3859.76,0,SP01,0.314304516,7,11,No
ORD00028,2025-12-03,CUST114,United Pvt Ltd,Chemicals,Indore,Madhya Pradesh,Central,Large,P001,Strapping Solutions,PP Strapping Roll,Meter,250,99.54,0.1,24886.2,14547.65,10338.55,Express,2025-12-09,2025-12-13,2025-12-16,2025-12-08,Completed,Dispatched,Partially Paid,9223.94,15662.26,SP09,0.415433051,4,8,No
ORD00029,2025-03-09,CUST069,United Logistics,FMCG,Mumbai,Maharashtra,West,Small,P014,Material Handling,Hand Pallet Truck,Nos,18,17059.47,0.05,307070.4,228230.62,78839.78,Standard,2025-03-13,2025-03-17,2025-03-26,2025-03-15,In Production,Dispatched,Partially Paid,175306.66,131763.74,SP04,0.256748225,4,11,No
ORD00030,2025-02-28,CUST041,Metro Enterprises,Chemicals,Patna,Bihar,East,Medium,P013,Material Handling,Platform Trolley,Nos,14,7706.37,0.03,107889.25,80392.13,27497.12,Scheduled,2025-03-05,2025-03-06,2025-03-07,2025-03-12,Completed,Dispatched,Partially Paid,48279.62,59609.63,SP03,0.254864317,1,0,Yes
ORD00031,2025-07-16,CUST062,Global Industries,Chemicals,Kochi,Kerala,South,Small,P006,Stretch / Film Solutions,Shrink Film Roll,Roll,7,764.37,0,5350.58,3263.5,2087.08,Standard,2025-07-19,2025-07-24,2025-07-28,2025-07-23,Completed,Dispatched,Partially Paid,2959.38,2391.2,SP05,0.390066124,5,5,No
ORD00032,2025-06-02,CUST019,Apex Manufacturing,Automotive,Ludhiana,Punjab,North,Medium,P005,Stretch / Film Solutions,Stretch Film Roll,Roll,5,572.22,0.05,2861.09,1840.02,1021.07,Express,2025-06-08,2025-06-13,2025-06-16,2025-06-09,Completed,Dispatched,Paid,2861.09,0,SP06,0.356881468,5,7,No
ORD00033,2025-04-07,CUST078,Shree Industries,Automotive,Chennai,Tamil Nadu,South,Medium,P001,Strapping Solutions,PP Strapping Roll,Meter,200,102.04,0.03,20407.13,11479.41,8927.72,Scheduled,2025-04-10,2025-04-15,2025-04-18,2025-04-15,Completed,Dispatched,Paid,20407.13,0,SP11,0.43748043,5,3,No
ORD00034,2025-03-19,CUST005,Apex Logistics,Electronics,Bhubaneswar,Odisha,East,Large,P002,Strapping Solutions,PET Strapping Roll,Kg,180,127.79,0.08,23002.17,13534.49,9467.68,Scheduled,2025-03-24,2025-03-25,2025-03-26,2025-04-01,Completed,Dispatched,Paid,23002.17,0,SP08,0.411599427,1,0,Yes
ORD00035,2025-01-08,CUST001,Prime Industries,Textiles,Patna,Bihar,East,Small,P004,Protective Packaging,EPE Foam Roll,Roll,23,1503.04,0.05,34569.93,20198.57,14371.36,Standard,2025-01-11,2025-01-15,2025-01-16,2025-01-14,Pending,Dispatched,Paid,34569.93,0,SP06,0.415718516,4,2,No
ORD00036,2025-12-12,CUST057,Apex Enterprises,Textiles,Bengaluru,Karnataka,South,Medium,P008,Pallet Solutions,Plastic Pallet,Nos,10,2445.67,0.05,24456.71,16777.61,7679.1,Scheduled,2025-12-18,2025-12-22,2025-12-24,2025-12-24,Completed,Dispatched,Paid,24456.71,0,SP02,0.31398745,4,0,Yes
ORD00037,2025-08-11,CUST101,Vertex Manufacturing,Electronics,Jaipur,Rajasthan,North,Medium,P008,Pallet Solutions,Plastic Pallet,Nos,8,2394.36,0.02,19154.87,12814.21,6340.66,Express,2025-08-13,2025-08-20,2025-08-20,2025-08-23,Completed,Dispatched,Paid,19154.87,0,SP06,0.33102078,7,0,Yes
ORD00038,2025-08-09,CUST036,National Industries,Electronics,Jaipur,Rajasthan,North,Large,P012,Customized Carton Boxes,7-Ply Corrugated Box,Nos,23,99.19,0.03,2281.32,1344.97,936.35,Scheduled,2025-08-12,2025-08-14,2025-08-18,2025-08-20,In Production,Dispatched,Paid,2281.32,0,SP04,0.4104422,2,0,Yes
ORD00039,2025-09-12,CUST115,Metro Enterprises,Chemicals,Bhubaneswar,Odisha,East,Medium,P011,Customized Carton Boxes,5-Ply Corrugated Box,Nos,33,61.38,0.1,2025.39,1178.45,846.94,Standard,2025-09-18,2025-09-20,2025-09-21,2025-09-24,Completed,Dispatched,Partially Paid,1257.86,767.53,SP02,0.418161441,2,0,Yes
ORD00040,2025-08-15,CUST107,Om Traders,FMCG,Kochi,Kerala,South,Small,P011,Customized Carton Boxes,5-Ply Corrugated Box,Nos,42,53.59,0.05,2250.9,1476.63,774.27,Standard,2025-08-19,2025-08-24,2025-08-26,2025-08-26,Completed,Dispatched,Paid,2250.9,0,SP07,0.343982407,5,0,Yes
ORD00041,2025-10-20,CUST094,Sunrise Traders,Engineering,Bhubaneswar,Odisha,East,Medium,P003,Protective Packaging,Bubble Wrap Roll,Roll,72,765.07,0.1,55085.23,37170.78,17914.45,Scheduled,2025-10-24,2025-10-29,2025-11-05,2025-10-29,Completed,Dispatched,Paid,55085.23,0,SP08,0.32521331,5,7,No
ORD00042,2025-05-27,CUST115,Metro Enterprises,Chemicals,Bhubaneswar,Odisha,East,Medium,P006,Stretch / Film Solutions,Shrink Film Roll,Roll,27,723.05,0,19522.25,12470.7,7051.55,Scheduled,2025-05-30,2025-06-04,2025-06-06,2025-06-04,Completed,Dispatched,Partially Paid,7591.53,11930.72,SP11,0.361205804,5,2,No
ORD00043,2025-01-21,CUST029,Prime Pvt Ltd,Chemicals,Mumbai,Maharashtra,West,Medium,P004,Protective Packaging,EPE Foam Roll,Roll,7,1380.61,0.02,9664.24,6193.93,3470.31,Express,2025-01-25,2025-02-01,2025-02-04,2025-01-26,Completed,Dispatched,Paid,9664.24,0,SP03,0.35908773,7,9,No
ORD00044,2025-04-13,CUST007,Shree Industries,Pharmaceuticals,Kolkata,West Bengal,East,Large,P007,Pallet Solutions,Wooden Pallet,Nos,44,909.91,0.1,40036.1,26436.79,13599.31,Express,2025-04-16,2025-04-23,2025-04-27,2025-04-23,In Production,Dispatched,Partially Paid,18739.16,21296.94,SP02,0.339676192,7,4,No
ORD00045,2025-08-28,CUST088,United Manufacturing,Electronics,Pune,Maharashtra,West,Medium,P014,Material Handling,Hand Pallet Truck,Nos,17,18010.52,0.03,306178.89,219869.26,86309.63,Express,2025-08-30,2025-09-01,2025-09-02,2025-09-08,In Production,Dispatched,Paid,306178.89,0,SP09,0.281892818,2,0,Yes
ORD00046,2025-03-05,CUST071,Prime Manufacturing,Engineering,Chandigarh,Chandigarh,North,Medium,P008,Pallet Solutions,Plastic Pallet,Nos,6,2588.53,0.08,15531.17,9585.25,5945.92,Standard,2025-03-10,2025-03-13,2025-03-15,2025-03-19,Completed,Dispatched,Paid,15531.17,0,SP10,0.382837867,3,0,Yes
ORD00047,2025-10-15,CUST018,Sunrise Traders,Chemicals,Hyderabad,Telangana,South,Small,P006,Stretch / Film Solutions,Shrink Film Roll,Roll,5,761.5,0.1,3807.51,2216.6,1590.91,Standard,2025-10-19,2025-10-24,2025-10-25,2025-10-21,Completed,Dispatched,Partially Paid,1545.51,2262,SP05,0.417834753,5,4,No
ORD00048,2025-09-10,CUST105,United Pvt Ltd,Electronics,Hyderabad,Telangana,South,Large,P003,Protective Packaging,Bubble Wrap Roll,Roll,49,860.12,0.05,42145.79,24695.77,17450.02,Scheduled,2025-09-12,2025-09-13,2025-09-19,2025-09-23,Completed,Dispatched,Outstanding,3713.09,38432.7,SP03,0.414039457,1,0,Yes
ORD00049,2025-08-01,CUST063,Prime Logistics,FMCG,Bhopal,Madhya Pradesh,Central,Large,P011,Customized Carton Boxes,5-Ply Corrugated Box,Nos,10,63.09,0.05,630.94,339.87,291.07,Express,2025-08-03,2025-08-10,2025-08-13,2025-08-15,Pending,Dispatched,Paid,630.94,0,SP04,0.461327543,7,0,Yes
ORD00050,2025-07-05,CUST056,National Enterprises,Automotive,Vijayawada,Andhra Pradesh,South,Small,P001,Strapping Solutions,PP Strapping Roll,Meter,210,96.93,0.05,20354.76,12102.13,8252.63,Express,2025-07-07,2025-07-13,2025-07-15,2025-07-18,Completed,Dispatched,Paid,20354.76,0,SP02,0.405439809,6,0,Yes
ORD00051,2025-12-06,CUST040,National Pvt Ltd,Textiles,Coimbatore,Tamil Nadu,South,Medium,P012,Customized Carton Boxes,7-Ply Corrugated Box,Nos,12,92.37,0.05,1108.47,673.24,435.23,Scheduled,2025-12-09,2025-12-15,2025-12-23,2025-12-11,Completed,Dispatched,Paid,1108.47,0,SP04,0.392640306,6,12,No
ORD00052,2025-10-28,CUST120,Prime Manufacturing,Pharmaceuticals,Coimbatore,Tamil Nadu,South,Small,P009,Packaging Tools & Equipment,Manual Strapping Tool,Nos,7,3492.5,0.1,24447.48,15748.56,8698.92,Scheduled,2025-10-31,2025-11-07,2025-11-08,2025-11-07,In Production,Dispatched,Paid,24447.48,0,SP05,0.355820723,7,1,No
ORD00053,2025-03-31,CUST022,United Manufacturing,Textiles,Patna,Bihar,East,Small,P011,Customized Carton Boxes,5-Ply Corrugated Box,Nos,7,54.21,0.08,379.49,229.76,149.73,Scheduled,2025-04-02,2025-04-08,2025-04-11,2025-04-07,Completed,Dispatched,Paid,379.49,0,SP07,0.394555851,6,4,No
ORD00054,2025-09-27,CUST112,National Manufacturing,Chemicals,Chennai,Tamil Nadu,South,Medium,P009,Packaging Tools & Equipment,Manual Strapping Tool,Nos,40,3406.48,0.02,136259.38,91715.57,44543.81,Scheduled,2025-09-29,2025-10-05,2025-10-05,2025-10-09,Completed,Dispatched,Paid,136259.38,0,SP01,0.32690454,6,0,Yes
ORD00055,2025-12-04,CUST044,Apex Industries,Automotive,Noida,Uttar Pradesh,North,Small,P005,Stretch / Film Solutions,Stretch Film Roll,Roll,81,622.72,0.02,50440.62,30413.36,20027.26,Express,2025-12-10,2025-12-13,2025-12-21,2025-12-09,In Production,Dispatched,Paid,50440.62,0,SP02,0.397046269,3,12,No
ORD00056,2025-02-11,CUST103,Apex Traders,Textiles,Coimbatore,Tamil Nadu,South,Small,P002,Strapping Solutions,PET Strapping Roll,Kg,190,117.14,0.1,22256.84,14147.26,8109.58,Scheduled,2025-02-15,2025-02-20,2025-02-27,2025-02-17,Completed,Dispatched,Paid,22256.84,0,SP05,0.364363495,5,10,No
ORD00057,2025-08-21,CUST120,Prime Manufacturing,Pharmaceuticals,Coimbatore,Tamil Nadu,South,Small,P014,Material Handling,Hand Pallet Truck,Nos,4,17057.32,0.05,68229.26,55426.26,12803,Standard,2025-08-27,2025-09-01,2025-09-04,2025-08-27,Completed,Dispatched,Paid,68229.26,0,SP07,0.187646766,5,8,No
ORD00058,2025-08-20,CUST063,Prime Logistics,FMCG,Bhopal,Madhya Pradesh,Central,Large,P002,Strapping Solutions,PET Strapping Roll,Kg,205,125.81,0.02,25790.47,14871.27,10919.2,Standard,2025-08-23,2025-08-27,2025-08-29,2025-09-01,Completed,Dispatched,Paid,25790.47,0,SP11,0.423381195,4,0,Yes
ORD00059,2025-08-31,CUST017,Global Logistics,Electronics,Patna,Bihar,East,Small,P003,Protective Packaging,Bubble Wrap Roll,Roll,13,857.35,0.02,11145.5,6462.9,4682.6,Scheduled,2025-09-02,2025-09-03,2025-09-03,2025-09-06,Completed,Dispatched,Paid,11145.5,0,SP09,0.420133686,1,0,Yes
ORD00060,2025-10-15,CUST070,National Logistics,Textiles,Coimbatore,Tamil Nadu,South,Small,P006,Stretch / Film Solutions,Shrink Film Roll,Roll,22,814.79,0.05,17925.36,10474.1,7451.26,Express,2025-10-19,2025-10-25,2025-10-25,2025-10-26,Completed,Dispatched,Partially Paid,10578.9,7346.46,SP02,0.415682586,6,0,Yes
ORD00061,2025-10-23,CUST012,Shree Pvt Ltd,Engineering,Coimbatore,Tamil Nadu,South,Large,P013,Material Handling,Platform Trolley,Nos,17,8487.53,0.05,144288.04,89001.29,55286.75,Standard,2025-10-29,2025-10-31,2025-11-01,2025-11-04,Completed,Dispatched,Partially Paid,66578.44,77709.6,SP07,0.383169319,2,0,Yes
ORD00062,2025-10-15,CUST056,National Enterprises,Automotive,Vijayawada,Andhra Pradesh,South,Small,P011,Customized Carton Boxes,5-Ply Corrugated Box,Nos,28,60.34,0.03,1689.52,988.78,700.74,Express,2025-10-21,2025-10-26,2025-10-30,2025-10-20,Completed,Dispatched,Partially Paid,1066.22,623.3,SP06,0.414756854,5,10,No
ORD00063,2025-06-29,CUST108,National Manufacturing,Pharmaceuticals,Jaipur,Rajasthan,North,Small,P012,Customized Carton Boxes,7-Ply Corrugated Box,Nos,28,98.92,0,2769.65,1631.97,1137.68,Express,2025-07-01,2025-07-03,2025-07-04,2025-07-13,Completed,Dispatched,Partially Paid,1557.08,1212.57,SP07,0.410766703,2,0,Yes
ORD00064,2025-08-21,CUST060,Om Pvt Ltd,Chemicals,Pune,Maharashtra,West,Small,P004,Protective Packaging,EPE Foam Roll,Roll,36,1506.97,0.05,54250.98,33050.29,21200.69,Standard,2025-08-25,2025-08-27,2025-08-29,2025-08-30,Completed,Dispatched,Paid,54250.98,0,SP10,0.39078907,2,0,Yes
ORD00065,2025-01-26,CUST073,Vertex Industries,Chemicals,Patna,Bihar,East,Medium,P003,Protective Packaging,Bubble Wrap Roll,Roll,13,778.61,0.03,10121.88,6975.52,3146.36,Express,2025-01-28,2025-01-31,2025-02-03,2025-02-06,Completed,Dispatched,Paid,10121.88,0,SP07,0.310847392,3,0,Yes
ORD00066,2025-02-26,CUST101,Vertex Manufacturing,Electronics,Jaipur,Rajasthan,North,Medium,P002,Strapping Solutions,PET Strapping Roll,Kg,110,130.77,0.08,14384.38,7803.45,6580.93,Standard,2025-03-02,2025-03-08,2025-03-12,2025-03-10,Completed,Dispatched,Paid,14384.38,0,SP05,0.457505294,6,2,No
ORD00067,2025-04-19,CUST019,Apex Manufacturing,Automotive,Ludhiana,Punjab,North,Medium,P007,Pallet Solutions,Wooden Pallet,Nos,33,927.5,0.05,30607.54,19363.25,11244.29,Standard,2025-04-22,2025-04-29,2025-05-01,2025-04-28,Completed,Dispatched,Partially Paid,17233.05,13374.49,SP09,0.367369936,7,3,No
ORD00068,2025-10-14,CUST090,Sunrise Traders,Textiles,Delhi,Delhi,North,Small,P011,Customized Carton Boxes,5-Ply Corrugated Box,Nos,9,59.51,0.08,535.63,295.03,240.6,Express,2025-10-18,2025-10-19,2025-10-22,2025-10-19,Completed,Dispatched,Paid,535.63,0,SP12,0.449190673,1,3,No
ORD00069,2025-11-24,CUST109,National Enterprises,FMCG,Pune,Maharashtra,West,Medium,P005,Stretch / Film Solutions,Stretch Film Roll,Roll,33,659.68,0,21769.43,11524.98,10244.45,Standard,2025-11-29,2025-12-02,2025-12-06,2025-12-05,Completed,Dispatched,Outstanding,1426.04,20343.39,SP04,0.470588803,3,1,No
ORD00070,2025-08-12,CUST047,Global Pvt Ltd,Logistics,Coimbatore,Tamil Nadu,South,Small,P006,Stretch / Film Solutions,Shrink Film Roll,Roll,14,748.17,0,10474.42,6716.38,3758.04,Scheduled,2025-08-18,2025-08-22,2025-08-26,2025-08-18,Completed,Dispatched,Paid,10474.42,0,SP11,0.358782634,4,8,No
ORD00071,2025-02-28,CUST027,Om Industries,Retail,Chennai,Tamil Nadu,South,Medium,P008,Pallet Solutions,Plastic Pallet,Nos,9,2653.34,0.02,23880.07,14478.54,9401.53,Standard,2025-03-06,2025-03-11,2025-03-12,2025-03-10,Pending,Dispatched,Paid,23880.07,0,SP05,0.393697757,5,2,No
ORD00072,2025-04-12,CUST110,Om Manufacturing,Retail,Chennai,Tamil Nadu,South,Medium,P005,Stretch / Film Solutions,Stretch Film Roll,Roll,30,618.69,0,18560.7,11395.84,7164.86,Scheduled,2025-04-15,2025-04-20,2025-04-21,2025-04-18,Completed,Dispatched,Paid,18560.7,0,SP11,0.386023156,5,3,No
ORD00073,2025-11-22,CUST082,Global Enterprises,Pharmaceuticals,Coimbatore,Tamil Nadu,South,Small,P007,Pallet Solutions,Wooden Pallet,Nos,48,992.98,0.08,47663.13,29597.26,18065.87,Standard,2025-11-28,2025-12-01,2025-12-03,2025-11-29,Completed,Dispatched,Paid,47663.13,0,SP06,0.379032388,3,4,No
ORD00074,2025-09-17,CUST057,Apex Enterprises,Textiles,Bengaluru,Karnataka,South,Medium,P003,Protective Packaging,Bubble Wrap Roll,Roll,63,936.51,0.03,59000.05,32077.34,26922.71,Scheduled,2025-09-19,2025-09-22,2025-09-29,2025-09-29,In Production,Dispatched,Paid,59000.05,0,SP09,0.456316732,3,0,Yes
ORD00075,2025-07-16,CUST086,Apex Manufacturing,Engineering,Chennai,Tamil Nadu,South,Medium,P002,Strapping Solutions,PET Strapping Roll,Kg,320,123.1,0.05,39393.05,23086.66,16306.39,Standard,2025-07-21,2025-07-26,2025-07-30,2025-07-21,In Production,Dispatched,Paid,39393.05,0,SP01,0.413940784,5,9,No
ORD00076,2025-08-19,CUST053,United Manufacturing,FMCG,Gurugram,Haryana,North,Medium,P005,Stretch / Film Solutions,Stretch Film Roll,Roll,8,627.09,0.05,5016.7,2807.94,2208.76,Scheduled,2025-08-21,2025-08-28,2025-08-30,2025-08-25,Completed,Dispatched,Paid,5016.7,0,SP10,0.44028146,7,5,No
ORD00077,2025-03-23,CUST067,Metro Manufacturing,Textiles,Delhi,Delhi,North,Medium,P001,Strapping Solutions,PP Strapping Roll,Meter,190,100.02,0,19004.67,10772.7,8231.97,Express,2025-03-27,2025-03-30,2025-04-01,2025-04-03,Completed,Dispatched,Paid,19004.67,0,SP02,0.433155114,3,0,Yes
ORD00078,2025-10-13,CUST045,Apex Traders,FMCG,Ahmedabad,Gujarat,West,Large,P006,Stretch / Film Solutions,Shrink Film Roll,Roll,17,790.56,0.1,13439.47,8051.69,5387.78,Scheduled,2025-10-18,2025-10-21,2025-10-23,2025-10-27,Completed,Dispatched,Paid,13439.47,0,SP12,0.400892297,3,0,Yes
ORD00079,2025-12-06,CUST062,Global Industries,Chemicals,Kochi,Kerala,South,Small,P012,Customized Carton Boxes,7-Ply Corrugated Box,Nos,61,90.06,0.05,5493.37,3372.99,2120.38,Scheduled,2025-12-11,2025-12-13,2025-12-17,2025-12-12,Completed,Dispatched,Partially Paid,3467.04,2026.33,SP11,0.385988928,2,5,No
ORD00080,2025-09-27,CUST036,National Industries,Electronics,Jaipur,Rajasthan,North,Large,P003,Protective Packaging,Bubble Wrap Roll,Roll,34,939.85,0,31954.77,17651.66,14303.11,Express,2025-09-29,2025-10-05,2025-10-08,2025-10-10,Completed,Dispatched,Paid,31954.77,0,SP04,0.447604849,6,0,Yes
ORD00081,2025-04-26,CUST004,Prime Manufacturing,Electronics,Mumbai,Maharashtra,West,Large,P005,Stretch / Film Solutions,Stretch Film Roll,Roll,11,588.6,0.03,6474.57,4028.89,2445.68,Scheduled,2025-04-29,2025-05-01,2025-05-01,2025-05-05,Completed,Dispatched,Partially Paid,3980.38,2494.19,SP03,0.377736282,2,0,Yes
ORD00082,2025-11-02,CUST035,United Industries,FMCG,Ludhiana,Punjab,North,Medium,P005,Stretch / Film Solutions,Stretch Film Roll,Roll,23,639.7,0.05,14713.15,8058.13,6655.02,Scheduled,2025-11-07,2025-11-09,2025-11-10,2025-11-09,Completed,Dispatched,Partially Paid,7567.61,7145.54,SP12,0.452317825,2,1,No
ORD00083,2025-05-02,CUST032,Vertex Industries,Textiles,Bhopal,Madhya Pradesh,Central,Large,P012,Customized Carton Boxes,7-Ply Corrugated Box,Nos,6,102.2,0.02,613.19,355.59,257.6,Scheduled,2025-05-07,2025-05-12,2025-05-14,2025-05-14,Completed,Dispatched,Outstanding,17.85,595.34,SP10,0.420098175,5,0,Yes
ORD00084,2025-08-14,CUST008,Metro Traders,Pharmaceuticals,Chennai,Tamil Nadu,South,Small,P004,Protective Packaging,EPE Foam Roll,Roll,79,1360.89,0.03,107510.3,68361.86,39148.44,Express,2025-08-19,2025-08-26,2025-08-28,2025-08-25,Completed,Dispatched,Paid,107510.3,0,SP01,0.364136646,7,3,No
ORD00085,2025-11-25,CUST105,United Pvt Ltd,Electronics,Hyderabad,Telangana,South,Large,P012,Customized Carton Boxes,7-Ply Corrugated Box,Nos,8,92.12,0.02,736.96,466.71,270.25,Standard,2025-11-30,2025-12-07,2025-12-09,2025-12-08,Completed,Dispatched,Paid,736.96,0,SP05,0.366709184,7,1,No
ORD00086,2025-08-19,CUST110,Om Manufacturing,Retail,Chennai,Tamil Nadu,South,Medium,P007,Pallet Solutions,Wooden Pallet,Nos,36,909.63,0.08,32746.77,21606.91,11139.86,Standard,2025-08-25,2025-08-27,2025-08-30,2025-08-25,Completed,Dispatched,Paid,32746.77,0,SP07,0.340181948,2,5,No
ORD00087,2025-09-15,CUST108,National Manufacturing,Pharmaceuticals,Jaipur,Rajasthan,North,Small,P002,Strapping Solutions,PET Strapping Roll,Kg,50,122.22,0.02,6110.77,3520.38,2590.39,Standard,2025-09-19,2025-09-21,2025-09-24,2025-09-21,Completed,Dispatched,Outstanding,133.87,5976.9,SP05,0.423905662,2,3,No
ORD00088,2025-08-30,CUST071,Prime Manufacturing,Engineering,Chandigarh,Chandigarh,North,Medium,P003,Protective Packaging,Bubble Wrap Roll,Roll,53,929.36,0.05,49255.82,27781.77,21474.05,Scheduled,2025-09-02,2025-09-09,2025-09-12,2025-09-11,In Production,Dispatched,Paid,49255.82,0,SP10,0.4359698,7,1,No
ORD00089,2025-09-28,CUST112,National Manufacturing,Chemicals,Chennai,Tamil Nadu,South,Medium,P006,Stretch / Film Solutions,Shrink Film Roll,Roll,8,765.89,0.02,6127.11,3503.77,2623.34,Standard,2025-10-03,2025-10-04,2025-10-06,2025-10-06,Completed,Dispatched,Paid,6127.11,0,SP08,0.428152914,1,0,Yes
ORD00090,2025-11-02,CUST096,Shree Industries,Retail,Delhi,Delhi,North,Small,P001,Strapping Solutions,PP Strapping Roll,Meter,400,87.14,0.02,34854.78,22499.97,12354.81,Scheduled,2025-11-08,2025-11-09,2025-11-13,2025-11-16,Completed,Dispatched,Paid,34854.78,0,SP07,0.354465299,1,0,Yes
ORD00091,2025-04-06,CUST098,Prime Pvt Ltd,Engineering,Chennai,Tamil Nadu,South,Large,P009,Packaging Tools & Equipment,Manual Strapping Tool,Nos,32,3419.48,0.1,109423.23,73943.8,35479.43,Express,2025-04-08,2025-04-13,2025-04-15,2025-04-12,Completed,Dispatched,Partially Paid,55388.01,54035.22,SP01,0.324240383,5,3,No
ORD00092,2025-11-22,CUST001,Prime Industries,Textiles,Patna,Bihar,East,Small,P004,Protective Packaging,EPE Foam Roll,Roll,30,1577.67,0.1,47330.1,26348.3,20981.8,Scheduled,2025-11-27,2025-11-30,2025-12-02,2025-11-27,Completed,Dispatched,Paid,47330.1,0,SP12,0.443307747,3,5,No
ORD00093,2025-06-20,CUST117,National Pvt Ltd,Textiles,Gurugram,Haryana,North,Large,P008,Pallet Solutions,Plastic Pallet,Nos,26,2242.85,0.02,58314.06,41475.66,16838.4,Standard,2025-06-23,2025-06-24,2025-06-26,2025-07-03,Completed,Dispatched,Partially Paid,31571.96,26742.1,SP03,0.28875369,1,0,Yes
ORD00094,2025-02-02,CUST020,Shree Industries,Electronics,Bengaluru,Karnataka,South,Large,P006,Stretch / Film Solutions,Shrink Film Roll,Roll,10,756.9,0.05,7569.04,4502.27,3066.77,Scheduled,2025-02-07,2025-02-08,2025-02-13,2025-02-10,In Production,Dispatched,Paid,7569.04,0,SP08,0.405172915,1,3,No
ORD00095,2025-05-10,CUST075,Global Traders,Textiles,Coimbatore,Tamil Nadu,South,Large,P011,Customized Carton Boxes,5-Ply Corrugated Box,Nos,74,62.97,0,4659.85,2613.69,2046.16,Express,2025-05-12,2025-05-19,2025-05-20,2025-05-19,In Production,Dispatched,Outstanding,558.72,4101.13,SP07,0.439104263,7,1,No
ORD00096,2025-08-14,CUST032,Vertex Industries,Textiles,Bhopal,Madhya Pradesh,Central,Large,P006,Stretch / Film Solutions,Shrink Film Roll,Roll,58,750.35,0.1,43520.07,26904.73,16615.34,Express,2025-08-19,2025-08-22,2025-08-23,2025-08-26,Completed,Dispatched,Partially Paid,22621.73,20898.34,SP10,0.381785691,3,0,Yes
ORD00097,2025-04-03,CUST012,Shree Pvt Ltd,Engineering,Coimbatore,Tamil Nadu,South,Large,P008,Pallet Solutions,Plastic Pallet,Nos,22,2541.91,0.1,55922.02,37399.67,18522.35,Express,2025-04-09,2025-04-12,2025-04-18,2025-04-09,Completed,Dispatched,Paid,55922.02,0,SP06,0.33121747,3,9,No
ORD00098,2025-08-17,CUST002,Global Pvt Ltd,FMCG,Noida,Uttar Pradesh,North,Large,P006,Stretch / Film Solutions,Shrink Film Roll,Roll,18,836.54,0.1,15057.65,8229.44,6828.21,Express,2025-08-19,2025-08-25,2025-08-27,2025-08-31,Completed,Dispatched,Outstanding,1439.92,13617.73,SP09,0.453471159,6,0,Yes
ORD00099,2025-12-14,CUST024,Sunrise Logistics,Retail,Kolkata,West Bengal,East,Medium,P010,Packaging Tools & Equipment,Battery Strapping Machine,Nos,11,36895.09,0.03,405845.98,315903.28,89942.7,Express,2025-12-17,2025-12-18,2025-12-19,2025-12-28,Completed,Dispatched,Paid,405845.98,0,SP10,0.221617817,1,0,Yes
ORD00100,2025-01-17,CUST060,Om Pvt Ltd,Chemicals,Pune,Maharashtra,West,Small,P011,Customized Carton Boxes,5-Ply Corrugated Box,Nos,12,60.32,0.05,723.83,400.4,323.43,Express,2025-01-23,2025-01-25,2025-01-28,2025-01-27,Completed,Dispatched,Paid,723.83,0,SP11,0.446831438,2,1,No
ORD00101,2025-05-23,CUST084,Prime Traders,Chemicals,Noida,Uttar Pradesh,North,Medium,P008,Pallet Solutions,Plastic Pallet,Nos,10,2557.94,0,25579.41,16226.64,9352.77,Express,2025-05-26,2025-05-27,2025-05-27,2025-05-30,Completed,Dispatched,Paid,25579.41,0,SP04,0.365636659,1,0,Yes
ORD00102,2025-11-10,CUST091,Metro Pvt Ltd,Chemicals,Gurugram,Haryana,North,Medium,P006,Stretch / Film Solutions,Shrink Film Roll,Roll,23,739.45,0,17007.28,10383.46,6623.82,Express,2025-11-14,2025-11-20,2025-11-25,2025-11-18,Completed,Dispatched,Outstanding,1739.66,15267.62,SP11,0.389469686,6,7,No
ORD00103,2025-06-27,CUST099,Prime Pvt Ltd,Textiles,Ludhiana,Punjab,North,Large,P011,Customized Carton Boxes,5-Ply Corrugated Box,Nos,132,61.04,0.03,8057.45,4683.55,3373.9,Standard,2025-06-29,2025-07-04,2025-07-08,2025-07-06,In Production,Dispatched,Partially Paid,3985.19,4072.26,SP02,0.418730492,5,2,No
ORD00104,2025-04-13,CUST046,Shree Pvt Ltd,Logistics,Noida,Uttar Pradesh,North,Small,P001,Strapping Solutions,PP Strapping Roll,Meter,100,104.25,0,10424.52,5693.42,4731.1,Standard,2025-04-16,2025-04-18,2025-04-21,2025-04-18,Completed,Dispatched,Paid,10424.52,0,SP02,0.453843438,2,3,No
ORD00105,2025-06-08,CUST025,Global Logistics,Logistics,Noida,Uttar Pradesh,North,Small,P002,Strapping Solutions,PET Strapping Roll,Kg,400,136.69,0.03,54676.64,29485.24,25191.4,Standard,2025-06-13,2025-06-19,2025-06-22,2025-06-21,Completed,Dispatched,Paid,54676.64,0,SP08,0.460734237,6,1,No
ORD00106,2025-08-27,CUST025,Global Logistics,Logistics,Noida,Uttar Pradesh,North,Small,P001,Strapping Solutions,PP Strapping Roll,Meter,500,96.83,0,48414.09,28297.4,20116.69,Standard,2025-09-02,2025-09-05,2025-09-06,2025-09-09,Completed,Dispatched,Outstanding,402.41,48011.68,SP09,0.415513129,3,0,Yes
ORD00107,2025-03-20,CUST040,National Pvt Ltd,Textiles,Coimbatore,Tamil Nadu,South,Medium,P003,Protective Packaging,Bubble Wrap Roll,Roll,25,806.9,0.03,20172.49,13441.43,6731.06,Standard,2025-03-24,2025-03-26,2025-03-27,2025-03-30,Completed,Dispatched,Outstanding,238.62,19933.87,SP11,0.333675218,2,0,Yes
ORD00108,2025-10-10,CUST037,Prime Pvt Ltd,Logistics,Ahmedabad,Gujarat,West,Small,P006,Stretch / Film Solutions,Shrink Film Roll,Roll,42,822.27,0,34535.43,19786.37,14749.06,Scheduled,2025-10-14,2025-10-16,2025-10-18,2025-10-24,Completed,Dispatched,Paid,34535.43,0,SP10,0.427070403,2,0,Yes
ORD00109,2025-11-06,CUST024,Sunrise Logistics,Retail,Kolkata,West Bengal,East,Medium,P008,Pallet Solutions,Plastic Pallet,Nos,49,2661.68,0,130422.08,81740.97,48681.11,Standard,2025-11-10,2025-11-17,2025-11-21,2025-11-11,Completed,Dispatched,Paid,130422.08,0,SP10,0.373258194,7,10,No
ORD00110,2025-08-02,CUST046,Shree Pvt Ltd,Logistics,Noida,Uttar Pradesh,North,Small,P003,Protective Packaging,Bubble Wrap Roll,Roll,8,943.99,0,7551.96,4082.2,3469.76,Scheduled,2025-08-08,2025-08-14,2025-08-14,2025-08-14,Completed,Dispatched,Paid,7551.96,0,SP07,0.459451586,6,0,Yes
ORD00111,2025-06-02,CUST053,United Manufacturing,FMCG,Gurugram,Haryana,North,Medium,P003,Protective Packaging,Bubble Wrap Roll,Roll,36,848.66,0.05,30551.82,18907.26,11644.56,Scheduled,2025-06-07,2025-06-08,2025-06-08,2025-06-09,Completed,Dispatched,Paid,30551.82,0,SP06,0.381141287,1,0,Yes
ORD00112,2025-06-26,CUST075,Global Traders,Textiles,Coimbatore,Tamil Nadu,South,Large,P011,Customized Carton Boxes,5-Ply Corrugated Box,Nos,8,56.2,0.02,449.63,267.72,181.91,Standard,2025-07-01,2025-07-03,2025-07-05,2025-07-09,Completed,Dispatched,Paid,449.63,0,SP02,0.404577097,2,0,Yes
ORD00113,2025-01-26,CUST047,Global Pvt Ltd,Logistics,Coimbatore,Tamil Nadu,South,Small,P010,Packaging Tools & Equipment,Battery Strapping Machine,Nos,26,36742,0.1,955292.08,755947.04,199345.04,Standard,2025-01-30,2025-02-03,2025-02-07,2025-02-06,In Production,Dispatched,Paid,955292.08,0,SP08,0.20867444,4,1,No
ORD00114,2025-09-21,CUST120,Prime Manufacturing,Pharmaceuticals,Coimbatore,Tamil Nadu,South,Small,P014,Material Handling,Hand Pallet Truck,Nos,25,20133.96,0.08,503349.12,329542.5,173806.62,Express,2025-09-26,2025-09-30,2025-10-07,2025-10-03,Completed,Dispatched,Outstanding,3815.92,499533.2,SP10,0.345300335,4,4,No
ORD00115,2025-12-01,CUST055,National Manufacturing,Retail,Ahmedabad,Gujarat,West,Medium,P005,Stretch / Film Solutions,Stretch Film Roll,Roll,5,629.18,0.1,3145.88,1862.86,1283.02,Standard,2025-12-06,2025-12-09,2025-12-13,2025-12-06,Completed,Dispatched,Outstanding,190.29,2955.59,SP07,0.407841367,3,7,No
ORD00116,2025-01-27,CUST040,National Pvt Ltd,Textiles,Coimbatore,Tamil Nadu,South,Medium,P006,Stretch / Film Solutions,Shrink Film Roll,Roll,83,744.93,0.03,61829.29,38076.58,23752.71,Scheduled,2025-02-02,2025-02-07,2025-02-08,2025-02-06,Completed,Dispatched,Paid,61829.29,0,SP11,0.384165983,5,2,No
ORD00117,2025-11-09,CUST053,United Manufacturing,FMCG,Gurugram,Haryana,North,Medium,P001,Strapping Solutions,PP Strapping Roll,Meter,100,97.28,0,9728.04,5653.99,4074.05,Scheduled,2025-11-11,2025-11-13,2025-11-13,2025-11-20,Pending,Dispatched,Paid,9728.04,0,SP09,0.418794536,2,0,Yes
ORD00118,2025-07-25,CUST028,United Logistics,Textiles,Bhubaneswar,Odisha,East,Large,P007,Pallet Solutions,Wooden Pallet,Nos,15,923.64,0.08,13854.57,9177.84,4676.73,Express,2025-07-31,2025-08-01,2025-08-05,2025-07-30,In Production,Dispatched,Paid,13854.57,0,SP10,0.337558654,1,6,No
ORD00119,2025-06-13,CUST088,United Manufacturing,Electronics,Pune,Maharashtra,West,Medium,P005,Stretch / Film Solutions,Stretch Film Roll,Roll,6,574.12,0.08,3444.73,2283.25,1161.48,Standard,2025-06-16,2025-06-20,2025-06-24,2025-06-22,Completed,Dispatched,Paid,3444.73,0,SP06,0.337175918,4,2,No
ORD00120,2025-06-19,CUST102,Global Logistics,Textiles,Bengaluru,Karnataka,South,Medium,P002,Strapping Solutions,PET Strapping Roll,Kg,50,117.72,0.05,5885.76,3608.87,2276.89,Scheduled,2025-06-21,2025-06-25,2025-06-29,2025-06-28,Completed,Dispatched,Partially Paid,4336.79,1548.97,SP10,0.386847238,4,1,No
ORD00121,2025-04-27,CUST063,Prime Logistics,FMCG,Bhopal,Madhya Pradesh,Central,Large,P004,Protective Packaging,EPE Foam Roll,Roll,52,1458.96,0.05,75866.08,45406.53,30459.55,Standard,2025-04-29,2025-05-04,2025-05-07,2025-05-04,Completed,Dispatched,Partially Paid,47210.76,28655.32,SP10,0.401491022,5,3,No
ORD00122,2025-12-25,CUST061,Apex Industries,Logistics,Ludhiana,Punjab,North,Large,P011,Customized Carton Boxes,5-Ply Corrugated Box,Nos,6,57.34,0.02,344.07,203.27,140.8,Express,2025-12-27,2025-12-29,2025-12-29,2026-01-06,Completed,Dispatched,Partially Paid,204.58,139.49,SP12,0.409219054,2,0,Yes
ORD00123,2025-02-01,CUST051,Prime Manufacturing,Electronics,Ludhiana,Punjab,North,Small,P003,Protective Packaging,Bubble Wrap Roll,Roll,7,925.93,0.03,6481.52,3674.87,2806.65,Scheduled,2025-02-04,2025-02-09,2025-02-10,2025-02-14,Completed,Dispatched,Paid,6481.52,0,SP06,0.433023427,5,0,Yes
ORD00124,2025-10-07,CUST004,Prime Manufacturing,Electronics,Mumbai,Maharashtra,West,Large,P008,Pallet Solutions,Plastic Pallet,Nos,37,2335.34,0,86407.48,60078.98,26328.5,Express,2025-10-11,2025-10-17,2025-10-19,2025-10-21,Pending,Dispatched,Paid,86407.48,0,SP12,0.30470163,6,0,Yes
ORD00125,2025-04-17,CUST069,United Logistics,FMCG,Mumbai,Maharashtra,West,Small,P003,Protective Packaging,Bubble Wrap Roll,Roll,13,797.89,0.05,10372.58,6408.67,3963.91,Express,2025-04-22,2025-04-25,2025-04-28,2025-04-27,In Production,Dispatched,Partially Paid,6437.73,3934.85,SP07,0.382152753,3,1,No
ORD00126,2025-06-26,CUST024,Sunrise Logistics,Retail,Kolkata,West Bengal,East,Medium,P012,Customized Carton Boxes,7-Ply Corrugated Box,Nos,48,101.09,0,4852.13,2818.05,2034.08,Standard,2025-06-29,2025-07-02,2025-07-02,2025-07-05,Completed,Dispatched,Outstanding,348.68,4503.45,SP09,0.41921383,3,0,Yes
ORD00127,2025-05-19,CUST034,Vertex Logistics,Automotive,Bhopal,Madhya Pradesh,Central,Large,P003,Protective Packaging,Bubble Wrap Roll,Roll,44,892.7,0,39278.92,22039.24,17239.68,Scheduled,2025-05-25,2025-05-31,2025-06-08,2025-05-26,Completed,Dispatched,Paid,39278.92,0,SP04,0.438904125,6,13,No
ORD00128,2025-01-27,CUST043,Om Logistics,Electronics,Mumbai,Maharashtra,West,Large,P001,Strapping Solutions,PP Strapping Roll,Meter,100,89.07,0.05,8907.22,5367.98,3539.24,Express,2025-01-29,2025-02-02,2025-02-07,2025-02-08,Completed,Dispatched,Paid,8907.22,0,SP08,0.397345075,4,0,Yes
ORD00129,2025-11-30,CUST064,Sunrise Industries,Electronics,Noida,Uttar Pradesh,North,Large,P003,Protective Packaging,Bubble Wrap Roll,Roll,65,790.79,0.05,51401.33,33904.93,17496.4,Standard,2025-12-03,2025-12-10,2025-12-12,2025-12-10,Completed,Dispatched,Partially Paid,33178.25,18223.08,SP03,0.340388079,7,2,No
ORD00130,2025-08-02,CUST052,United Manufacturing,Retail,Coimbatore,Tamil Nadu,South,Small,P005,Stretch / Film Solutions,Stretch Film Roll,Roll,15,684.4,0.02,10265.99,5509.57,4756.42,Scheduled,2025-08-05,2025-08-06,2025-08-09,2025-08-14,Completed,Dispatched,Outstanding,459.49,9806.5,SP02,0.463318199,1,0,Yes
ORD00131,2025-06-21,CUST019,Apex Manufacturing,Automotive,Ludhiana,Punjab,North,Medium,P003,Protective Packaging,Bubble Wrap Roll,Roll,38,870.36,0.02,33073.65,18890.22,14183.43,Express,2025-06-25,2025-06-29,2025-07-03,2025-07-04,In Production,Dispatched,Partially Paid,22275.95,10797.7,SP03,0.428843808,4,0,Yes
ORD00132,2025-08-23,CUST080,Vertex Industries,FMCG,Chennai,Tamil Nadu,South,Small,P005,Stretch / Film Solutions,Stretch Film Roll,Roll,50,576.31,0.02,28815.41,18255.97,10559.44,Scheduled,2025-08-27,2025-09-02,2025-09-03,2025-08-28,In Production,Dispatched,Paid,28815.41,0,SP11,0.366451145,6,6,No
ORD00133,2025-07-27,CUST011,Vertex Industries,Retail,Hyderabad,Telangana,South,Small,P011,Customized Carton Boxes,5-Ply Corrugated Box,Nos,8,55.86,0.05,446.84,273.19,173.65,Express,2025-08-01,2025-08-06,2025-08-08,2025-08-02,Completed,Dispatched,Outstanding,0.46,446.38,SP04,0.38861785,5,6,No
ORD00134,2025-08-17,CUST005,Apex Logistics,Electronics,Bhubaneswar,Odisha,East,Large,P004,Protective Packaging,EPE Foam Roll,Roll,19,1338.51,0.05,25431.62,16529.52,8902.1,Scheduled,2025-08-21,2025-08-24,2025-08-26,2025-08-31,Completed,Dispatched,Paid,25431.62,0,SP02,0.350040619,3,0,Yes
ORD00135,2025-08-27,CUST008,Metro Traders,Pharmaceuticals,Chennai,Tamil Nadu,South,Small,P006,Stretch / Film Solutions,Shrink Film Roll,Roll,91,807.9,0.05,73518.83,42705.34,30813.49,Express,2025-08-31,2025-09-02,2025-09-05,2025-09-09,In Production,Dispatched,Partially Paid,52672.72,20846.11,SP06,0.419123781,2,0,Yes
ORD00136,2025-11-11,CUST108,National Manufacturing,Pharmaceuticals,Jaipur,Rajasthan,North,Small,P005,Stretch / Film Solutions,Stretch Film Roll,Roll,13,663.42,0.05,8624.51,4628.75,3995.76,Scheduled,2025-11-14,2025-11-16,2025-11-17,2025-11-23,Completed,Dispatched,Paid,8624.51,0,SP11,0.463302843,2,0,Yes
ORD00137,2025-04-22,CUST019,Apex Manufacturing,Automotive,Ludhiana,Punjab,North,Medium,P014,Material Handling,Hand Pallet Truck,Nos,9,18554.63,0,166991.65,124224.07,42767.58,Scheduled,2025-04-25,2025-05-01,2025-05-05,2025-04-28,Completed,Dispatched,Paid,166991.65,0,SP09,0.256106099,6,7,No
ORD00138,2025-04-14,CUST019,Apex Manufacturing,Automotive,Ludhiana,Punjab,North,Medium,P006,Stretch / Film Solutions,Shrink Film Roll,Roll,37,807.2,0.08,29866.55,17373.7,12492.85,Scheduled,2025-04-20,2025-04-25,2025-04-26,2025-04-21,Completed,Dispatched,Paid,29866.55,0,SP08,0.418289022,5,5,No
ORD00139,2025-01-29,CUST020,Shree Industries,Electronics,Bengaluru,Karnataka,South,Large,P001,Strapping Solutions,PP Strapping Roll,Meter,420,97.79,0.05,41073.04,23444.77,17628.27,Standard,2025-02-03,2025-02-05,2025-02-09,2025-02-09,Completed,Dispatched,Paid,41073.04,0,SP07,0.429193213,2,0,Yes
ORD00140,2025-05-11,CUST027,Om Industries,Retail,Chennai,Tamil Nadu,South,Medium,P007,Pallet Solutions,Wooden Pallet,Nos,5,996.77,0.08,4983.84,3096.79,1887.05,Standard,2025-05-13,2025-05-19,2025-05-25,2025-05-25,Completed,Dispatched,Paid,4983.84,0,SP05,0.378633744,6,0,Yes
ORD00141,2025-07-29,CUST024,Sunrise Logistics,Retail,Kolkata,West Bengal,East,Medium,P005,Stretch / Film Solutions,Stretch Film Roll,Roll,37,592.35,0.1,21916.78,14106.2,7810.58,Scheduled,2025-08-01,2025-08-08,2025-08-09,2025-08-09,In Production,Dispatched,Paid,21916.78,0,SP11,0.356374431,7,0,Yes
ORD00142,2025-10-04,CUST100,Sunrise Traders,Retail,Jaipur,Rajasthan,North,Large,P004,Protective Packaging,EPE Foam Roll,Roll,5,1451.06,0.05,7255.31,4633.35,2621.96,Standard,2025-10-07,2025-10-13,2025-10-15,2025-10-10,Completed,Dispatched,Paid,7255.31,0,SP01,0.361384972,6,5,No
ORD00143,2025-06-02,CUST081,Vertex Industries,Engineering,Indore,Madhya Pradesh,Central,Large,P013,Material Handling,Platform Trolley,Nos,3,7519.56,0.02,22558.68,17057.71,5500.97,Standard,2025-06-07,2025-06-13,2025-06-17,2025-06-13,In Production,Dispatched,Paid,22558.68,0,SP12,0.243851591,6,4,No
ORD00144,2025-02-27,CUST103,Apex Traders,Textiles,Coimbatore,Tamil Nadu,South,Small,P001,Strapping Solutions,PP Strapping Roll,Meter,160,89.79,0.02,14366.08,8958.56,5407.52,Scheduled,2025-03-01,2025-03-08,2025-03-11,2025-03-13,In Production,Dispatched,Paid,14366.08,0,SP01,0.376408874,7,0,Yes
ORD00145,2025-08-17,CUST002,Global Pvt Ltd,FMCG,Noida,Uttar Pradesh,North,Large,P001,Strapping Solutions,PP Strapping Roll,Meter,100,97.74,0.08,9774.09,5324.94,4449.15,Scheduled,2025-08-23,2025-08-29,2025-08-29,2025-08-25,Completed,Dispatched,Paid,9774.09,0,SP05,0.455198387,6,4,No
ORD00146,2025-04-30,CUST005,Apex Logistics,Electronics,Bhubaneswar,Odisha,East,Large,P002,Strapping Solutions,PET Strapping Roll,Kg,50,135.63,0.08,6781.48,3505.31,3276.17,Scheduled,2025-05-06,2025-05-09,2025-05-13,2025-05-14,In Production,Dispatched,Paid,6781.48,0,SP04,0.483105458,3,0,Yes
ORD00147,2025-07-31,CUST073,Vertex Industries,Chemicals,Patna,Bihar,East,Medium,P006,Stretch / Film Solutions,Shrink Film Roll,Roll,35,756.66,0,26483.04,16152.25,10330.79,Express,2025-08-04,2025-08-07,2025-08-07,2025-08-13,In Production,Dispatched,Outstanding,1968.83,24514.21,SP11,0.39009079,3,0,Yes
ORD00148,2025-12-10,CUST002,Global Pvt Ltd,FMCG,Noida,Uttar Pradesh,North,Large,P001,Strapping Solutions,PP Strapping Roll,Meter,260,93.27,0.1,24251.13,14619.26,9631.87,Standard,2025-12-15,2025-12-22,2025-12-26,2025-12-20,Completed,Dispatched,Paid,24251.13,0,SP04,0.397172008,7,6,No
ORD00149,2025-06-03,CUST094,Sunrise Traders,Engineering,Bhubaneswar,Odisha,East,Medium,P003,Protective Packaging,Bubble Wrap Roll,Roll,79,812.12,0.05,64157.14,40706.08,23451.06,Express,2025-06-06,2025-06-13,2025-06-16,2025-06-08,Pending,Dispatched,Paid,64157.14,0,SP04,0.365525334,7,8,No
ORD00150,2025-06-19,CUST102,Global Logistics,Textiles,Bengaluru,Karnataka,South,Medium,P004,Protective Packaging,EPE Foam Roll,Roll,12,1427.57,0.05,17130.78,10515.63,6615.15,Standard,2025-06-21,2025-06-25,2025-06-27,2025-06-25,In Production,Dispatched,Paid,17130.78,0,SP04,0.386155797,4,2,No
ORD00151,2025-10-28,CUST025,Global Logistics,Logistics,Noida,Uttar Pradesh,North,Small,P011,Customized Carton Boxes,5-Ply Corrugated Box,Nos,16,56.88,0.03,910.14,574.17,335.97,Standard,2025-11-03,2025-11-05,2025-11-08,2025-11-05,Completed,Dispatched,Outstanding,131.34,778.8,SP12,0.369141011,2,3,No
ORD00152,2025-09-03,CUST021,National Pvt Ltd,Logistics,Ludhiana,Punjab,North,Medium,P002,Strapping Solutions,PET Strapping Roll,Kg,50,115.59,0.02,5779.25,3611.65,2167.6,Scheduled,2025-09-06,2025-09-12,2025-09-16,2025-09-11,Completed,Dispatched,Paid,5779.25,0,SP11,0.375065969,6,5,No
ORD00153,2025-07-03,CUST018,Sunrise Traders,Chemicals,Hyderabad,Telangana,South,Small,P009,Packaging Tools & Equipment,Manual Strapping Tool,Nos,44,3087.26,0.1,135839.23,95240.11,40599.12,Standard,2025-07-07,2025-07-10,2025-07-12,2025-07-16,Completed,Dispatched,Partially Paid,93171.11,42668.12,SP06,0.298876252,3,0,Yes
ORD00154,2025-06-10,CUST026,Prime Manufacturing,Pharmaceuticals,Pune,Maharashtra,West,Large,P012,Customized Carton Boxes,7-Ply Corrugated Box,Nos,7,99.6,0.02,697.21,381.09,316.12,Standard,2025-06-15,2025-06-16,2025-06-20,2025-06-18,Completed,Dispatched,Paid,697.21,0,SP04,0.453407151,1,2,No
ORD00155,2025-06-18,CUST081,Vertex Industries,Engineering,Indore,Madhya Pradesh,Central,Large,P005,Stretch / Film Solutions,Stretch Film Roll,Roll,9,567.56,0.1,5108.04,3230.54,1877.5,Express,2025-06-21,2025-06-25,2025-06-29,2025-06-26,Completed,Dispatched,Partially Paid,3098.93,2009.11,SP08,0.367557811,4,3,No
ORD00156,2025-03-28,CUST063,Prime Logistics,FMCG,Bhopal,Madhya Pradesh,Central,Large,P005,Stretch / Film Solutions,Stretch Film Roll,Roll,69,682.27,0.05,47076.62,24737.99,22338.63,Standard,2025-04-01,2025-04-03,2025-04-04,2025-04-10,In Production,Dispatched,Paid,47076.62,0,SP02,0.474516437,2,0,Yes
ORD00157,2025-12-09,CUST107,Om Traders,FMCG,Kochi,Kerala,South,Small,P012,Customized Carton Boxes,7-Ply Corrugated Box,Nos,11,88.51,0,973.66,623.3,350.36,Express,2025-12-11,2025-12-18,2025-12-21,2025-12-20,Completed,Dispatched,Paid,973.66,0,SP01,0.359838137,7,1,No
ORD00158,2025-11-13,CUST012,Shree Pvt Ltd,Engineering,Coimbatore,Tamil Nadu,South,Large,P007,Pallet Solutions,Wooden Pallet,Nos,12,1006.33,0.05,12075.92,7260.13,4815.79,Express,2025-11-19,2025-11-23,2025-12-02,2025-11-18,Completed,Dispatched,Paid,12075.92,0,SP01,0.398792804,4,14,No
ORD00159,2025-09-15,CUST005,Apex Logistics,Electronics,Bhubaneswar,Odisha,East,Large,P011,Customized Carton Boxes,5-Ply Corrugated Box,Nos,20,54.95,0.02,1099.07,681.79,417.28,Express,2025-09-20,2025-09-27,2025-09-28,2025-09-21,Completed,Dispatched,Paid,1099.07,0,SP05,0.379666445,7,7,No
ORD00160,2025-07-23,CUST012,Shree Pvt Ltd,Engineering,Coimbatore,Tamil Nadu,South,Large,P001,Strapping Solutions,PP Strapping Roll,Meter,100,90.26,0.05,9025.67,5663.04,3362.63,Scheduled,2025-07-25,2025-07-28,2025-07-31,2025-08-04,Pending,Dispatched,Paid,9025.67,0,SP01,0.372562923,3,0,Yes
ORD00161,2025-02-17,CUST111,National Manufacturing,Automotive,Bengaluru,Karnataka,South,Small,P003,Protective Packaging,Bubble Wrap Roll,Roll,26,837.41,0.02,21772.69,13017.02,8755.67,Express,2025-02-22,2025-02-26,2025-03-01,2025-03-02,Completed,Dispatched,Partially Paid,11399.39,10373.3,SP10,0.40214002,4,0,Yes
ORD00162,2025-02-18,CUST027,Om Industries,Retail,Chennai,Tamil Nadu,South,Medium,P004,Protective Packaging,EPE Foam Roll,Roll,15,1370.58,0.05,20558.66,13220.12,7338.54,Scheduled,2025-02-24,2025-02-25,2025-02-26,2025-02-26,Completed,Dispatched,Paid,20558.66,0,SP05,0.356956144,1,0,Yes
ORD00163,2025-10-06,CUST095,Vertex Industries,Retail,Bhubaneswar,Odisha,East,Large,P001,Strapping Solutions,PP Strapping Roll,Meter,570,97.22,0.02,55413.67,30792.62,24621.05,Express,2025-10-12,2025-10-18,2025-10-18,2025-10-13,Completed,Dispatched,Outstanding,6821.62,48592.05,SP02,0.44431365,6,5,No
ORD00164,2025-06-03,CUST105,United Pvt Ltd,Electronics,Hyderabad,Telangana,South,Large,P003,Protective Packaging,Bubble Wrap Roll,Roll,75,774.35,0.05,58076.05,37550.97,20525.08,Scheduled,2025-06-06,2025-06-11,2025-06-12,2025-06-17,Completed,Dispatched,Outstanding,6444.22,51631.83,SP12,0.353417286,5,0,Yes
ORD00165,2025-02-10,CUST110,Om Manufacturing,Retail,Chennai,Tamil Nadu,South,Medium,P002,Strapping Solutions,PET Strapping Roll,Kg,135,128.5,0.08,17348.11,9686.97,7661.14,Express,2025-02-16,2025-02-22,2025-02-27,2025-02-15,In Production,Dispatched,Paid,17348.11,0,SP01,0.441612372,6,12,No
ORD00166,2025-11-21,CUST087,Shree Manufacturing,FMCG,Noida,Uttar Pradesh,North,Medium,P001,Strapping Solutions,PP Strapping Roll,Meter,260,92.92,0.08,24160.08,14477.42,9682.66,Scheduled,2025-11-25,2025-12-02,2025-12-05,2025-12-03,Completed,Dispatched,Paid,24160.08,0,SP05,0.400771024,7,2,No
ORD00167,2025-05-07,CUST010,Metro Logistics,Textiles,Chandigarh,Chandigarh,North,Small,P011,Customized Carton Boxes,5-Ply Corrugated Box,Nos,12,59.1,0.03,709.2,418.59,290.61,Standard,2025-05-09,2025-05-10,2025-05-12,2025-05-14,In Production,Dispatched,Paid,709.2,0,SP02,0.409771574,1,0,Yes
ORD00168,2025-01-03,CUST076,Metro Manufacturing,Textiles,Delhi,Delhi,North,Large,P008,Pallet Solutions,Plastic Pallet,Nos,5,2382.42,0.03,11912.11,8651.56,3260.55,Standard,2025-01-07,2025-01-11,2025-01-15,2025-01-12,Completed,Dispatched,Paid,11912.11,0,SP01,0.273717251,4,3,No
ORD00169,2025-02-15,CUST091,Metro Pvt Ltd,Chemicals,Gurugram,Haryana,North,Medium,P007,Pallet Solutions,Wooden Pallet,Nos,13,953.95,0.08,12401.29,7762,4639.29,Standard,2025-02-19,2025-02-24,2025-02-24,2025-03-01,Completed,Dispatched,Paid,12401.29,0,SP12,0.374097372,5,0,Yes
ORD00170,2025-10-14,CUST107,Om Traders,FMCG,Kochi,Kerala,South,Small,P011,Customized Carton Boxes,5-Ply Corrugated Box,Nos,9,58.66,0.02,527.93,308.6,219.33,Standard,2025-10-17,2025-10-22,2025-10-26,2025-10-21,Completed,Dispatched,Paid,527.93,0,SP03,0.415452806,5,5,No
ORD00171,2025-08-11,CUST101,Vertex Manufacturing,Electronics,Jaipur,Rajasthan,North,Medium,P004,Protective Packaging,EPE Foam Roll,Roll,16,1387.83,0.05,22205.23,14624.15,7581.08,Express,2025-08-15,2025-08-19,2025-08-21,2025-08-23,Completed,Dispatched,Outstanding,2053.99,20151.24,SP02,0.341409659,4,0,Yes
ORD00172,2025-03-11,CUST118,National Traders,Logistics,Vijayawada,Andhra Pradesh,South,Small,P011,Customized Carton Boxes,5-Ply Corrugated Box,Nos,32,54.73,0.05,1751.35,1050.05,701.3,Scheduled,2025-03-15,2025-03-16,2025-03-19,2025-03-21,Completed,Dispatched,Outstanding,214.23,1537.12,SP10,0.400433951,1,0,Yes
ORD00173,2025-03-11,CUST014,National Industries,Retail,Ahmedabad,Gujarat,West,Medium,P002,Strapping Solutions,PET Strapping Roll,Kg,115,124.31,0.08,14296.18,8716.88,5579.3,Scheduled,2025-03-15,2025-03-18,2025-03-22,2025-03-19,Completed,Dispatched,Paid,14296.18,0,SP11,0.390265092,3,3,No
ORD00174,2025-09-09,CUST030,Metro Industries,Textiles,Patna,Bihar,East,Medium,P003,Protective Packaging,Bubble Wrap Roll,Roll,46,904.19,0.05,41592.93,22918.65,18674.28,Scheduled,2025-09-15,2025-09-22,2025-09-23,2025-09-19,In Production,Dispatched,Paid,41592.93,0,SP03,0.448977266,7,4,No
ORD00175,2025-12-16,CUST061,Apex Industries,Logistics,Ludhiana,Punjab,North,Large,P011,Customized Carton Boxes,5-Ply Corrugated Box,Nos,65,58.82,0.08,3823.04,2224.59,1598.45,Scheduled,2025-12-22,2025-12-23,2025-12-26,2025-12-24,Completed,Dispatched,Partially Paid,2101.61,1721.43,SP05,0.418109672,1,2,No
ORD00176,2025-05-04,CUST077,Shree Industries,FMCG,Vijayawada,Andhra Pradesh,South,Large,P001,Strapping Solutions,PP Strapping Roll,Meter,530,93.44,0.03,49525.66,28969.88,20555.78,Scheduled,2025-05-08,2025-05-14,2025-05-15,2025-05-15,Completed,Dispatched,Outstanding,3763.55,45762.11,SP07,0.415053126,6,0,Yes
ORD00177,2025-10-06,CUST075,Global Traders,Textiles,Coimbatore,Tamil Nadu,South,Large,P007,Pallet Solutions,Wooden Pallet,Nos,39,962.47,0.1,37536.21,24562.48,12973.73,Scheduled,2025-10-08,2025-10-15,2025-10-17,2025-10-19,In Production,Dispatched,Paid,37536.21,0,SP10,0.345632391,7,0,Yes
ORD00178,2025-01-23,CUST024,Sunrise Logistics,Retail,Kolkata,West Bengal,East,Medium,P011,Customized Carton Boxes,5-Ply Corrugated Box,Nos,5,54.46,0.03,272.31,176.76,95.55,Scheduled,2025-01-29,2025-02-04,2025-02-07,2025-02-02,Completed,Dispatched,Paid,272.31,0,SP09,0.350886857,6,5,No
ORD00179,2025-10-13,CUST016,Shree Pvt Ltd,FMCG,Delhi,Delhi,North,Large,P002,Strapping Solutions,PET Strapping Roll,Kg,165,124.98,0.05,20621.11,12359.9,8261.21,Standard,2025-10-19,2025-10-25,2025-10-29,2025-10-21,Completed,Dispatched,Partially Paid,10062.83,10558.28,SP08,0.400619074,6,8,No
ORD00180,2025-02-23,CUST026,Prime Manufacturing,Pharmaceuticals,Pune,Maharashtra,West,Large,P001,Strapping Solutions,PP Strapping Roll,Meter,100,100.59,0.05,10059.42,5713.94,4345.48,Standard,2025-02-27,2025-03-03,2025-03-03,2025-03-01,Completed,Dispatched,Paid,10059.42,0,SP09,0.431981168,4,2,No
ORD00181,2025-09-05,CUST039,Shree Logistics,Retail,Bhopal,Madhya Pradesh,Central,Small,P009,Packaging Tools & Equipment,Manual Strapping Tool,Nos,18,3377.84,0.05,60801.18,39451.66,21349.52,Express,2025-09-09,2025-09-13,2025-09-13,2025-09-17,Completed,Dispatched,Paid,60801.18,0,SP11,0.351136606,4,0,Yes
ORD00182,2025-02-25,CUST043,Om Logistics,Electronics,Mumbai,Maharashtra,West,Large,P006,Stretch / Film Solutions,Shrink Film Roll,Roll,44,784.73,0.05,34528.34,20039.78,14488.56,Express,2025-02-28,2025-03-06,2025-03-07,2025-03-10,Completed,Dispatched,Paid,34528.34,0,SP11,0.41961357,6,0,Yes
ORD00183,2025-04-05,CUST066,Om Logistics,Engineering,Kolkata,West Bengal,East,Medium,P002,Strapping Solutions,PET Strapping Roll,Kg,155,120.93,0.03,18744.32,11371.3,7373.02,Scheduled,2025-04-08,2025-04-14,2025-04-23,2025-04-16,In Production,Dispatched,Paid,18744.32,0,SP04,0.393346891,6,7,No
ORD00184,2025-04-16,CUST080,Vertex Industries,FMCG,Chennai,Tamil Nadu,South,Small,P008,Pallet Solutions,Plastic Pallet,Nos,14,2379.31,0,33310.32,22609.57,10700.75,Scheduled,2025-04-20,2025-04-27,2025-05-03,2025-04-30,Completed,Dispatched,Paid,33310.32,0,SP08,0.321244287,7,3,No
ORD00185,2025-09-28,CUST027,Om Industries,Retail,Chennai,Tamil Nadu,South,Medium,P009,Packaging Tools & Equipment,Manual Strapping Tool,Nos,11,3202.29,0.05,35225.24,24146.79,11078.45,Scheduled,2025-10-02,2025-10-07,2025-10-10,2025-10-12,Completed,Dispatched,Paid,35225.24,0,SP12,0.31450318,5,0,Yes
ORD00186,2025-06-02,CUST075,Global Traders,Textiles,Coimbatore,Tamil Nadu,South,Large,P014,Material Handling,Hand Pallet Truck,Nos,21,20098.75,0.05,422073.72,287591.27,134482.45,Express,2025-06-08,2025-06-13,2025-06-13,2025-06-09,Completed,Dispatched,Paid,422073.72,0,SP07,0.318623131,5,4,No
ORD00187,2025-11-02,CUST034,Vertex Logistics,Automotive,Bhopal,Madhya Pradesh,Central,Large,P002,Strapping Solutions,PET Strapping Roll,Kg,70,123.01,0,8610.63,4937.08,3673.55,Express,2025-11-05,2025-11-10,2025-11-13,2025-11-13,Completed,Dispatched,Partially Paid,3588.45,5022.18,SP03,0.426629643,5,0,Yes
ORD00188,2025-04-06,CUST074,Global Traders,FMCG,Surat,Gujarat,West,Small,P003,Protective Packaging,Bubble Wrap Roll,Roll,21,780.38,0.03,16387.96,11099.35,5288.61,Scheduled,2025-04-10,2025-04-17,2025-04-24,2025-04-20,Pending,Dispatched,Paid,16387.96,0,SP11,0.322713138,7,4,No
ORD00189,2025-09-11,CUST034,Vertex Logistics,Automotive,Bhopal,Madhya Pradesh,Central,Large,P012,Customized Carton Boxes,7-Ply Corrugated Box,Nos,6,87.39,0,524.37,348.86,175.51,Standard,2025-09-16,2025-09-22,2025-09-25,2025-09-22,Completed,Dispatched,Paid,524.37,0,SP05,0.33470641,6,3,No
ORD00190,2025-01-17,CUST077,Shree Industries,FMCG,Vijayawada,Andhra Pradesh,South,Large,P006,Stretch / Film Solutions,Shrink Film Roll,Roll,40,773.37,0.03,30934.72,18243.95,12690.77,Scheduled,2025-01-21,2025-01-23,2025-01-27,2025-01-26,Completed,Dispatched,Partially Paid,17147.81,13786.91,SP02,0.410243571,2,1,No
ORD00191,2025-05-18,CUST040,National Pvt Ltd,Textiles,Coimbatore,Tamil Nadu,South,Medium,P007,Pallet Solutions,Wooden Pallet,Nos,27,911.1,0.08,24599.77,16552.69,8047.08,Scheduled,2025-05-24,2025-05-31,2025-06-02,2025-05-31,Completed,Dispatched,Partially Paid,9617.69,14982.08,SP04,0.327120132,7,2,No
ORD00192,2025-06-02,CUST029,Prime Pvt Ltd,Chemicals,Mumbai,Maharashtra,West,Medium,P010,Packaging Tools & Equipment,Battery Strapping Machine,Nos,9,39607.39,0.08,356466.54,251868.48,104598.06,Scheduled,2025-06-04,2025-06-08,2025-06-10,2025-06-12,Completed,Dispatched,Outstanding,43348.26,313118.28,SP12,0.293430233,4,0,Yes
ORD00193,2025-06-29,CUST020,Shree Industries,Electronics,Bengaluru,Karnataka,South,Large,P008,Pallet Solutions,Plastic Pallet,Nos,271,2373.26,0.08,643152.68,434397.93,208754.75,Express,2025-07-05,2025-07-11,2025-07-14,2025-07-06,In Production,Dispatched,Partially Paid,315354.6,327798.08,SP10,0.324580394,6,8,No
ORD00194,2025-10-03,CUST075,Global Traders,Textiles,Coimbatore,Tamil Nadu,South,Large,P003,Protective Packaging,Bubble Wrap Roll,Roll,9,881.5,0.02,7933.5,4646.38,3287.12,Express,2025-10-06,2025-10-09,2025-10-11,2025-10-12,Pending,Dispatched,Paid,7933.5,0,SP01,0.414334153,3,0,Yes
ORD00195,2025-05-22,CUST114,United Pvt Ltd,Chemicals,Indore,Madhya Pradesh,Central,Large,P011,Customized Carton Boxes,5-Ply Corrugated Box,Nos,8,63.29,0.08,506.3,263.04,243.26,Standard,2025-05-25,2025-05-31,2025-06-01,2025-05-30,Completed,Dispatched,Paid,506.3,0,SP10,0.480466127,6,2,No
ORD00196,2025-11-20,CUST046,Shree Pvt Ltd,Logistics,Noida,Uttar Pradesh,North,Small,P004,Protective Packaging,EPE Foam Roll,Roll,8,1460.72,0.08,11685.79,7051.87,4633.92,Scheduled,2025-11-24,2025-11-30,2025-12-03,2025-12-01,Completed,Dispatched,Outstanding,1314.3,10371.49,SP06,0.396543152,6,2,No
ORD00197,2025-08-21,CUST009,Prime Industries,Retail,Ludhiana,Punjab,North,Small,P007,Pallet Solutions,Wooden Pallet,Nos,15,929.98,0.05,13949.63,9492.45,4457.18,Standard,2025-08-26,2025-08-29,2025-09-02,2025-08-26,In Production,Dispatched,Paid,13949.63,0,SP09,0.319519586,3,7,No
ORD00198,2025-07-23,CUST042,National Manufacturing,FMCG,Surat,Gujarat,West,Medium,P002,Strapping Solutions,PET Strapping Roll,Kg,75,124.09,0.05,9307.11,5364.81,3942.3,Express,2025-07-26,2025-07-30,2025-07-31,2025-08-04,In Production,Dispatched,Paid,9307.11,0,SP06,0.423579393,4,0,Yes
ORD00199,2025-12-16,CUST021,National Pvt Ltd,Logistics,Ludhiana,Punjab,North,Medium,P010,Packaging Tools & Equipment,Battery Strapping Machine,Nos,10,36329.47,0.05,363294.7,277654.03,85640.67,Standard,2025-12-18,2025-12-19,2025-12-22,2025-12-28,Completed,Dispatched,Paid,363294.7,0,SP11,0.235733332,1,0,Yes
ORD00200,2025-06-04,CUST015,Metro Manufacturing,Engineering,Hyderabad,Telangana,South,Medium,P008,Pallet Solutions,Plastic Pallet,Nos,9,2283.02,0.1,20547.19,14605.84,5941.35,Express,2025-06-07,2025-06-14,2025-06-16,2025-06-10,Completed,Dispatched,Paid,20547.19,0,SP11,0.289156327,7,6,No
ORD00201,2025-06-06,CUST044,Apex Industries,Automotive,Noida,Uttar Pradesh,North,Small,P011,Customized Carton Boxes,5-Ply Corrugated Box,Nos,13,59.36,0.05,771.7,447.66,324.04,Standard,2025-06-09,2025-06-13,2025-06-18,2025-06-12,Completed,Dispatched,Paid,771.7,0,SP12,0.419904108,4,6,No
ORD00202,2025-06-25,CUST113,Vertex Manufacturing,FMCG,Pune,Maharashtra,West,Medium,P002,Strapping Solutions,PET Strapping Roll,Kg,150,135.21,0.1,20281.96,11309.75,8972.21,Express,2025-06-27,2025-07-04,2025-07-07,2025-07-02,Completed,Dispatched,Paid,20281.96,0,SP06,0.442373913,7,5,No
ORD00203,2025-06-03,CUST083,Metro Industries,Engineering,Jaipur,Rajasthan,North,Small,P011,Customized Carton Boxes,5-Ply Corrugated Box,Nos,29,59.66,0.08,1730.21,1033.04,697.17,Standard,2025-06-06,2025-06-10,2025-06-17,2025-06-10,Completed,Dispatched,Paid,1730.21,0,SP11,0.402939528,4,7,No
ORD00204,2025-03-19,CUST004,Prime Manufacturing,Electronics,Mumbai,Maharashtra,West,Large,P011,Customized Carton Boxes,5-Ply Corrugated Box,Nos,104,59.96,0.02,6236.28,3454.9,2781.38,Express,2025-03-24,2025-03-29,2025-04-03,2025-03-27,Completed,Dispatched,Paid,6236.28,0,SP06,0.445999859,5,7,No
ORD00205,2025-03-13,CUST044,Apex Industries,Automotive,Noida,Uttar Pradesh,North,Small,P008,Pallet Solutions,Plastic Pallet,Nos,17,2652.06,0.08,45085.03,27425.32,17659.71,Scheduled,2025-03-16,2025-03-19,2025-03-19,2025-03-21,Completed,Dispatched,Paid,45085.03,0,SP05,0.391697865,3,0,Yes
ORD00206,2025-04-16,CUST040,National Pvt Ltd,Textiles,Coimbatore,Tamil Nadu,South,Medium,P002,Strapping Solutions,PET Strapping Roll,Kg,50,133.93,0,6696.45,3776.19,2920.26,Express,2025-04-22,2025-04-27,2025-05-01,2025-04-24,Completed,Dispatched,Paid,6696.45,0,SP02,0.436090765,5,7,No
ORD00207,2025-05-04,CUST078,Shree Industries,Automotive,Chennai,Tamil Nadu,South,Medium,P009,Packaging Tools & Equipment,Manual Strapping Tool,Nos,147,3067.15,0.05,450870.95,333585.38,117285.57,Scheduled,2025-05-09,2025-05-15,2025-05-19,2025-05-10,Pending,Dispatched,Outstanding,58217.4,392653.55,SP07,0.260131131,6,9,No
ORD00208,2025-07-07,CUST099,Prime Pvt Ltd,Textiles,Ludhiana,Punjab,North,Large,P004,Protective Packaging,EPE Foam Roll,Roll,22,1525.47,0.02,33560.25,20744.91,12815.34,Standard,2025-07-13,2025-07-19,2025-07-20,2025-07-19,Completed,Dispatched,Paid,33560.25,0,SP01,0.381860683,6,1,No
ORD00209,2025-01-31,CUST074,Global Traders,FMCG,Surat,Gujarat,West,Small,P001,Strapping Solutions,PP Strapping Roll,Meter,370,96.63,0.05,35754.28,21135.78,14618.5,Scheduled,2025-02-05,2025-02-10,2025-02-12,2025-02-13,Completed,Dispatched,Paid,35754.28,0,SP03,0.408860142,5,0,Yes
ORD00210,2025-05-23,CUST099,Prime Pvt Ltd,Textiles,Ludhiana,Punjab,North,Large,P007,Pallet Solutions,Wooden Pallet,Nos,4,1059.11,0,4236.45,2544.59,1691.86,Scheduled,2025-05-25,2025-05-28,2025-05-28,2025-06-05,Pending,Dispatched,Paid,4236.45,0,SP11,0.399357953,3,0,Yes
ORD00211,2025-12-15,CUST012,Shree Pvt Ltd,Engineering,Coimbatore,Tamil Nadu,South,Large,P012,Customized Carton Boxes,7-Ply Corrugated Box,Nos,36,84.22,0.03,3031.76,2039.59,992.17,Scheduled,2025-12-17,2025-12-20,2025-12-25,2025-12-23,In Production,Dispatched,Paid,3031.76,0,SP12,0.327258754,3,2,No
ORD00212,2025-12-03,CUST096,Shree Industries,Retail,Delhi,Delhi,North,Small,P002,Strapping Solutions,PET Strapping Roll,Kg,50,136.51,0.05,6825.68,3672.26,3153.42,Express,2025-12-06,2025-12-07,2025-12-07,2025-12-10,Completed,Dispatched,Outstanding,842.13,5983.55,SP03,0.46199353,1,0,Yes
ORD00213,2025-07-10,CUST006,Vertex Enterprises,Electronics,Patna,Bihar,East,Medium,P001,Strapping Solutions,PP Strapping Roll,Meter,150,100.78,0.02,15116.47,7993.37,7123.1,Scheduled,2025-07-13,2025-07-19,2025-07-21,2025-07-16,Completed,Dispatched,Partially Paid,6880.71,8235.76,SP11,0.47121451,6,5,No
ORD00214,2025-02-09,CUST074,Global Traders,FMCG,Surat,Gujarat,West,Small,P001,Strapping Solutions,PP Strapping Roll,Meter,150,100.88,0.03,15132.43,8673.41,6459.02,Scheduled,2025-02-14,2025-02-18,2025-02-28,2025-02-19,Completed,Dispatched,Paid,15132.43,0,SP12,0.426832967,4,9,No
ORD00215,2025-03-01,CUST012,Shree Pvt Ltd,Engineering,Coimbatore,Tamil Nadu,South,Large,P006,Stretch / Film Solutions,Shrink Film Roll,Roll,35,849.87,0.03,29745.36,16011.1,13734.26,Standard,2025-03-04,2025-03-10,2025-03-16,2025-03-06,Completed,Dispatched,Paid,29745.36,0,SP09,0.461727812,6,10,No
ORD00216,2025-12-02,CUST096,Shree Industries,Retail,Delhi,Delhi,North,Small,P001,Strapping Solutions,PP Strapping Roll,Meter,230,89.34,0.02,20549.26,12427.53,8121.73,Scheduled,2025-12-07,2025-12-09,2025-12-11,2025-12-10,Completed,Dispatched,Paid,20549.26,0,SP11,0.395232237,2,1,No
ORD00217,2025-01-27,CUST069,United Logistics,FMCG,Mumbai,Maharashtra,West,Small,P005,Stretch / Film Solutions,Stretch Film Roll,Roll,35,623.43,0.05,21820.19,13081.66,8738.53,Standard,2025-01-30,2025-02-01,2025-02-05,2025-02-01,Completed,Dispatched,Paid,21820.19,0,SP09,0.400479098,2,4,No
ORD00218,2025-08-22,CUST084,Prime Traders,Chemicals,Noida,Uttar Pradesh,North,Medium,P004,Protective Packaging,EPE Foam Roll,Roll,31,1398.59,0.02,43356.38,27614.85,15741.53,Express,2025-08-24,2025-08-27,2025-08-28,2025-08-31,Completed,Dispatched,Paid,43356.38,0,SP04,0.363072978,3,0,Yes
ORD00219,2025-10-07,CUST009,Prime Industries,Retail,Ludhiana,Punjab,North,Small,P005,Stretch / Film Solutions,Stretch Film Roll,Roll,5,618.94,0.03,3094.7,1844.01,1250.69,Scheduled,2025-10-10,2025-10-12,2025-10-18,2025-10-18,Completed,Dispatched,Partially Paid,1084.95,2009.75,SP07,0.404139335,2,0,Yes
ORD00220,2025-06-07,CUST030,Metro Industries,Textiles,Patna,Bihar,East,Medium,P004,Protective Packaging,EPE Foam Roll,Roll,11,1406.11,0,15467.25,10202.44,5264.81,Standard,2025-06-09,2025-06-11,2025-06-15,2025-06-15,Pending,Dispatched,Outstanding,101.85,15365.4,SP09,0.340384361,2,0,Yes
ORD00221,2025-07-31,CUST100,Sunrise Traders,Retail,Jaipur,Rajasthan,North,Large,P006,Stretch / Film Solutions,Shrink Film Roll,Roll,57,761.71,0.03,43417.61,26099.02,17318.59,Scheduled,2025-08-04,2025-08-08,2025-08-11,2025-08-14,Completed,Dispatched,Paid,43417.61,0,SP03,0.398884001,4,0,Yes
ORD00222,2025-05-02,CUST045,Apex Traders,FMCG,Ahmedabad,Gujarat,West,Large,P005,Stretch / Film Solutions,Stretch Film Roll,Roll,29,623.95,0,18094.61,10649.46,7445.15,Standard,2025-05-06,2025-05-09,2025-05-11,2025-05-13,Completed,Dispatched,Paid,18094.61,0,SP03,0.411456782,3,0,Yes
ORD00223,2025-10-27,CUST026,Prime Manufacturing,Pharmaceuticals,Pune,Maharashtra,West,Large,P001,Strapping Solutions,PP Strapping Roll,Meter,100,103.91,0.05,10391.29,5327.19,5064.1,Express,2025-10-29,2025-10-31,2025-10-31,2025-11-03,Completed,Dispatched,Paid,10391.29,0,SP08,0.48734084,2,0,Yes
ORD00224,2025-05-16,CUST020,Shree Industries,Electronics,Bengaluru,Karnataka,South,Large,P009,Packaging Tools & Equipment,Manual Strapping Tool,Nos,9,3441.4,0.05,30972.59,18854.18,12118.41,Standard,2025-05-18,2025-05-19,2025-05-20,2025-05-25,Completed,Dispatched,Paid,30972.59,0,SP12,0.391262403,1,0,Yes
ORD00225,2025-05-08,CUST017,Global Logistics,Electronics,Patna,Bihar,East,Small,P005,Stretch / Film Solutions,Stretch Film Roll,Roll,44,574.77,0.02,25289.73,16071.27,9218.46,Scheduled,2025-05-12,2025-05-16,2025-05-20,2025-05-13,Completed,Dispatched,Outstanding,1715.41,23574.32,SP09,0.364513975,4,7,No
ORD00226,2025-05-08,CUST038,Global Manufacturing,Logistics,Coimbatore,Tamil Nadu,South,Large,P002,Strapping Solutions,PET Strapping Roll,Kg,250,129.44,0.08,32360.33,18151.41,14208.92,Scheduled,2025-05-10,2025-05-14,2025-05-16,2025-05-15,In Production,Dispatched,Outstanding,1944.44,30415.89,SP11,0.439084521,4,1,No
ORD00227,2025-11-27,CUST058,Sunrise Pvt Ltd,Chemicals,Jaipur,Rajasthan,North,Large,P012,Customized Carton Boxes,7-Ply Corrugated Box,Nos,8,87.25,0.05,698.03,460.95,237.08,Express,2025-11-29,2025-12-04,2025-12-08,2025-12-06,Completed,Dispatched,Outstanding,13.49,684.54,SP02,0.339641563,5,2,No
ORD00228,2025-01-22,CUST020,Shree Industries,Electronics,Bengaluru,Karnataka,South,Large,P010,Packaging Tools & Equipment,Battery Strapping Machine,Nos,131,39325.32,0.03,5151616.66,3788002.31,1363614.35,Express,2025-01-27,2025-01-28,2025-01-29,2025-02-05,Completed,Dispatched,Paid,5151616.66,0,SP04,0.264696393,1,0,Yes
ORD00229,2025-04-06,CUST007,Shree Industries,Pharmaceuticals,Kolkata,West Bengal,East,Large,P003,Protective Packaging,Bubble Wrap Roll,Roll,13,894.64,0.03,11630.36,6454.51,5175.85,Express,2025-04-10,2025-04-13,2025-04-22,2025-04-13,Completed,Dispatched,Paid,11630.36,0,SP01,0.445029217,3,9,No
ORD00230,2025-02-14,CUST068,Shree Enterprises,Engineering,Indore,Madhya Pradesh,Central,Small,P007,Pallet Solutions,Wooden Pallet,Nos,27,1038.77,0.02,28046.78,15885.74,12161.04,Standard,2025-02-18,2025-02-22,2025-02-23,2025-02-25,In Production,Dispatched,Paid,28046.78,0,SP07,0.433598438,4,0,Yes
ORD00231,2025-07-03,CUST024,Sunrise Logistics,Retail,Kolkata,West Bengal,East,Medium,P002,Strapping Solutions,PET Strapping Roll,Kg,55,136.98,0.05,7534.11,3999.2,3534.91,Scheduled,2025-07-08,2025-07-13,2025-07-16,2025-07-13,Completed,Dispatched,Paid,7534.11,0,SP04,0.469187469,5,3,No
ORD00232,2025-01-16,CUST004,Prime Manufacturing,Electronics,Mumbai,Maharashtra,West,Large,P006,Stretch / Film Solutions,Shrink Film Roll,Roll,18,851.76,0.03,15331.7,8383.4,6948.3,Scheduled,2025-01-20,2025-01-21,2025-01-24,2025-01-29,Completed,Dispatched,Paid,15331.7,0,SP04,0.453198275,1,0,Yes
ORD00233,2025-05-17,CUST046,Shree Pvt Ltd,Logistics,Noida,Uttar Pradesh,North,Small,P007,Pallet Solutions,Wooden Pallet,Nos,6,1034.38,0.05,6206.3,3673.54,2532.76,Standard,2025-05-23,2025-05-30,2025-05-30,2025-05-25,Pending,Dispatched,Paid,6206.3,0,SP10,0.408095,7,5,No
ORD00234,2025-06-12,CUST051,Prime Manufacturing,Electronics,Ludhiana,Punjab,North,Small,P007,Pallet Solutions,Wooden Pallet,Nos,11,925.42,0.02,10179.66,6683.92,3495.74,Express,2025-06-16,2025-06-21,2025-06-21,2025-06-22,Completed,Dispatched,Paid,10179.66,0,SP03,0.343404397,5,0,Yes
ORD00235,2025-09-09,CUST007,Shree Industries,Pharmaceuticals,Kolkata,West Bengal,East,Large,P009,Packaging Tools & Equipment,Manual Strapping Tool,Nos,29,3440.06,0.05,99761.61,62496.83,37264.78,Standard,2025-09-11,2025-09-12,2025-09-12,2025-09-17,Completed,Dispatched,Paid,99761.61,0,SP06,0.373538278,1,0,Yes
ORD00236,2025-04-01,CUST109,National Enterprises,FMCG,Pune,Maharashtra,West,Medium,P007,Pallet Solutions,Wooden Pallet,Nos,44,990.78,0.05,43594.19,26678.01,16916.18,Standard,2025-04-05,2025-04-06,2025-04-06,2025-04-08,In Production,Dispatched,Partially Paid,21620.8,21973.39,SP06,0.388037488,1,0,Yes
ORD00237,2025-12-27,CUST053,United Manufacturing,FMCG,Gurugram,Haryana,North,Medium,P011,Customized Carton Boxes,5-Ply Corrugated Box,Nos,22,58.69,0.1,1291.23,757.18,534.05,Express,2026-01-01,2026-01-06,2026-01-06,2026-01-06,Completed,Pending,Paid,1291.23,0,SP03,0.413597887,5,0,Yes
ORD00238,2025-12-29,CUST073,Vertex Industries,Chemicals,Patna,Bihar,East,Medium,P002,Strapping Solutions,PET Strapping Roll,Kg,50,122.66,0.02,6133,3584.14,2548.86,Standard,2026-01-04,2026-01-10,2026-01-14,2026-01-08,Completed,Pending,Paid,6133,0,SP12,0.415597587,6,6,No
ORD00239,2025-01-01,CUST050,Prime Industries,Retail,Pune,Maharashtra,West,Large,P012,Customized Carton Boxes,7-Ply Corrugated Box,Nos,12,88.1,0.03,1057.22,662.57,394.65,Express,2025-01-07,2025-01-11,2025-01-15,2025-01-06,Completed,Dispatched,Partially Paid,609.19,448.03,SP03,0.373290327,4,9,No
ORD00240,2025-06-19,CUST064,Sunrise Industries,Electronics,Noida,Uttar Pradesh,North,Large,P013,Material Handling,Platform Trolley,Nos,34,8007.14,0.1,272242.84,187280.56,84962.28,Standard,2025-06-21,2025-06-23,2025-06-25,2025-06-29,In Production,Dispatched,Paid,272242.84,0,SP05,0.312082698,2,0,Yes
ORD00241,2025-04-18,CUST104,Om Logistics,Engineering,Chennai,Tamil Nadu,South,Medium,P007,Pallet Solutions,Wooden Pallet,Nos,10,915.33,0.1,9153.28,6291.03,2862.25,Express,2025-04-21,2025-04-27,2025-04-27,2025-04-28,Completed,Dispatched,Paid,9153.28,0,SP03,0.312702113,6,0,Yes
ORD00242,2025-07-31,CUST050,Prime Industries,Retail,Pune,Maharashtra,West,Large,P011,Customized Carton Boxes,5-Ply Corrugated Box,Nos,27,58.91,0,1590.5,939.84,650.66,Standard,2025-08-05,2025-08-09,2025-08-11,2025-08-13,In Production,Dispatched,Partially Paid,843.78,746.72,SP05,0.409091481,4,0,Yes
ORD00243,2025-01-11,CUST039,Shree Logistics,Retail,Bhopal,Madhya Pradesh,Central,Small,P012,Customized Carton Boxes,7-Ply Corrugated Box,Nos,47,96.45,0.05,4533.31,2663.27,1870.04,Express,2025-01-15,2025-01-18,2025-01-18,2025-01-17,In Production,Dispatched,Paid,4533.31,0,SP10,0.412510947,3,1,No
ORD00244,2025-11-11,CUST109,National Enterprises,FMCG,Pune,Maharashtra,West,Medium,P013,Material Handling,Platform Trolley,Nos,20,7893.99,0.03,157879.85,106681.77,51198.08,Standard,2025-11-16,2025-11-22,2025-11-22,2025-11-22,Completed,Dispatched,Outstanding,7840.97,150038.88,SP07,0.324285081,6,0,Yes
ORD00245,2025-12-23,CUST069,United Logistics,FMCG,Mumbai,Maharashtra,West,Small,P002,Strapping Solutions,PET Strapping Roll,Kg,60,138.59,0.02,8315.38,4155.24,4160.14,Express,2025-12-29,2026-01-04,2026-01-08,2026-01-01,Completed,Pending,Paid,8315.38,0,SP03,0.500294635,6,7,No
ORD00246,2025-01-28,CUST008,Metro Traders,Pharmaceuticals,Chennai,Tamil Nadu,South,Small,P012,Customized Carton Boxes,7-Ply Corrugated Box,Nos,9,100.09,0.03,900.78,520.57,380.21,Standard,2025-02-01,2025-02-02,2025-02-05,2025-02-03,Completed,Dispatched,Paid,900.78,0,SP03,0.422089744,1,2,No
ORD00247,2025-11-23,CUST007,Shree Industries,Pharmaceuticals,Kolkata,West Bengal,East,Large,P014,Material Handling,Hand Pallet Truck,Nos,6,19801.5,0.05,118808.98,82822.64,35986.34,Scheduled,2025-11-27,2025-11-28,2025-12-01,2025-11-29,Completed,Dispatched,Paid,118808.98,0,SP09,0.302892424,1,2,No
ORD00248,2025-07-18,CUST020,Shree Industries,Electronics,Bengaluru,Karnataka,South,Large,P011,Customized Carton Boxes,5-Ply Corrugated Box,Nos,29,52.77,0.05,1530.36,1008.47,521.89,Express,2025-07-21,2025-07-24,2025-07-27,2025-07-28,Completed,Dispatched,Paid,1530.36,0,SP10,0.341024334,3,0,Yes
ORD00249,2025-02-01,CUST120,Prime Manufacturing,Pharmaceuticals,Coimbatore,Tamil Nadu,South,Small,P005,Stretch / Film Solutions,Stretch Film Roll,Roll,32,557.2,0.1,17830.5,11889.73,5940.77,Standard,2025-02-04,2025-02-11,2025-02-11,2025-02-07,In Production,Dispatched,Paid,17830.5,0,SP07,0.333180225,7,4,No
ORD00250,2025-09-25,CUST090,Sunrise Traders,Textiles,Delhi,Delhi,North,Small,P007,Pallet Solutions,Wooden Pallet,Nos,10,910.92,0.05,9109.2,6001.96,3107.24,Scheduled,2025-09-30,2025-10-05,2025-10-08,2025-10-09,Completed,Dispatched,Paid,9109.2,0,SP09,0.341110087,5,0,Yes
ORD00251,2025-10-20,CUST088,United Manufacturing,Electronics,Pune,Maharashtra,West,Medium,P002,Strapping Solutions,PET Strapping Roll,Kg,285,116.04,0,33070.54,19908.02,13162.52,Standard,2025-10-26,2025-10-28,2025-10-28,2025-11-01,Pending,Dispatched,Outstanding,211.7,32858.84,SP11,0.398013459,2,0,Yes
ORD00252,2025-08-11,CUST086,Apex Manufacturing,Engineering,Chennai,Tamil Nadu,South,Medium,P007,Pallet Solutions,Wooden Pallet,Nos,41,917.62,0.03,37622.59,25111.91,12510.68,Scheduled,2025-08-14,2025-08-21,2025-08-22,2025-08-25,In Production,Dispatched,Outstanding,3139.78,34482.81,SP06,0.332531067,7,0,Yes
ORD00253,2025-05-22,CUST064,Sunrise Industries,Electronics,Noida,Uttar Pradesh,North,Large,P011,Customized Carton Boxes,5-Ply Corrugated Box,Nos,13,54.55,0.08,709.15,424.47,284.68,Scheduled,2025-05-28,2025-06-01,2025-06-01,2025-06-05,In Production,Dispatched,Paid,709.15,0,SP10,0.401438342,4,0,Yes
ORD00254,2025-02-21,CUST077,Shree Industries,FMCG,Vijayawada,Andhra Pradesh,South,Large,P010,Packaging Tools & Equipment,Battery Strapping Machine,Nos,9,38677.76,0.05,348099.81,261365.15,86734.66,Scheduled,2025-02-23,2025-02-28,2025-02-28,2025-03-02,In Production,Dispatched,Outstanding,25354.8,322745.01,SP08,0.249166065,5,0,Yes
ORD00255,2025-01-20,CUST067,Metro Manufacturing,Textiles,Delhi,Delhi,North,Medium,P011,Customized Carton Boxes,5-Ply Corrugated Box,Nos,3,60.12,0.1,180.35,102.86,77.49,Standard,2025-01-23,2025-01-26,2025-01-29,2025-01-27,Completed,Dispatched,Paid,180.35,0,SP01,0.429664541,3,2,No
ORD00256,2025-09-01,CUST115,Metro Enterprises,Chemicals,Bhubaneswar,Odisha,East,Medium,P002,Strapping Solutions,PET Strapping Roll,Kg,170,133.26,0.03,22653.65,12950,9703.65,Standard,2025-09-05,2025-09-08,2025-09-08,2025-09-11,Completed,Dispatched,Paid,22653.65,0,SP03,0.428348191,3,0,Yes
ORD00257,2025-06-03,CUST045,Apex Traders,FMCG,Ahmedabad,Gujarat,West,Large,P012,Customized Carton Boxes,7-Ply Corrugated Box,Nos,5,98.73,0.05,493.64,276.71,216.93,Express,2025-06-08,2025-06-15,2025-06-17,2025-06-12,Completed,Dispatched,Paid,493.64,0,SP12,0.439449801,7,5,No
ORD00258,2025-09-06,CUST059,Global Manufacturing,Textiles,Vijayawada,Andhra Pradesh,South,Small,P004,Protective Packaging,EPE Foam Roll,Roll,122,1508.04,0.05,183980.99,112725.9,71255.09,Scheduled,2025-09-12,2025-09-19,2025-09-21,2025-09-11,Completed,Dispatched,Paid,183980.99,0,SP10,0.387295937,7,10,No
ORD00259,2025-01-15,CUST040,National Pvt Ltd,Textiles,Coimbatore,Tamil Nadu,South,Medium,P011,Customized Carton Boxes,5-Ply Corrugated Box,Nos,6,61.69,0.03,370.13,209.83,160.3,Express,2025-01-18,2025-01-20,2025-01-21,2025-01-20,Completed,Dispatched,Outstanding,20.45,349.68,SP09,0.433091076,2,1,No
ORD00260,2025-07-23,CUST056,National Enterprises,Automotive,Vijayawada,Andhra Pradesh,South,Small,P012,Customized Carton Boxes,7-Ply Corrugated Box,Nos,24,87.6,0.03,2102.5,1311.73,790.77,Scheduled,2025-07-25,2025-07-31,2025-07-31,2025-07-31,Completed,Dispatched,Paid,2102.5,0,SP06,0.376109394,6,0,Yes
ORD00261,2025-06-26,CUST052,United Manufacturing,Retail,Coimbatore,Tamil Nadu,South,Small,P005,Stretch / Film Solutions,Stretch Film Roll,Roll,38,673.19,0.02,25581.19,14367.92,11213.27,Standard,2025-06-29,2025-07-06,2025-07-08,2025-07-02,Completed,Dispatched,Paid,25581.19,0,SP11,0.438340437,7,6,No
ORD00262,2025-04-26,CUST079,Shree Manufacturing,Logistics,Indore,Madhya Pradesh,Central,Large,P004,Protective Packaging,EPE Foam Roll,Roll,17,1419.67,0.05,24134.33,15697.41,8436.92,Express,2025-04-29,2025-05-02,2025-05-07,2025-05-09,Completed,Dispatched,Paid,24134.33,0,SP10,0.349581695,3,0,Yes
ORD00263,2025-06-06,CUST094,Sunrise Traders,Engineering,Bhubaneswar,Odisha,East,Medium,P003,Protective Packaging,Bubble Wrap Roll,Roll,31,835.36,0.02,25896.1,15489.05,10407.05,Standard,2025-06-10,2025-06-14,2025-06-17,2025-06-16,Completed,Dispatched,Paid,25896.1,0,SP01,0.401877117,4,1,No
ORD00264,2025-09-19,CUST003,Prime Logistics,Retail,Coimbatore,Tamil Nadu,South,Small,P011,Customized Carton Boxes,5-Ply Corrugated Box,Nos,14,53.63,0.05,750.84,471.73,279.11,Express,2025-09-23,2025-09-28,2025-10-02,2025-10-03,Completed,Dispatched,Paid,750.84,0,SP05,0.371730329,5,0,Yes
ORD00265,2025-05-14,CUST053,United Manufacturing,FMCG,Gurugram,Haryana,North,Medium,P006,Stretch / Film Solutions,Shrink Film Roll,Roll,8,779.47,0,6235.77,3670.98,2564.79,Standard,2025-05-18,2025-05-20,2025-05-21,2025-05-27,In Production,Dispatched,Partially Paid,2979.66,3256.11,SP12,0.411302854,2,0,Yes
ORD00266,2025-01-14,CUST101,Vertex Manufacturing,Electronics,Jaipur,Rajasthan,North,Medium,P013,Material Handling,Platform Trolley,Nos,9,8267.28,0.02,74405.48,50672.87,23732.61,Scheduled,2025-01-19,2025-01-22,2025-01-24,2025-01-25,Completed,Dispatched,Paid,74405.48,0,SP12,0.3189632,3,0,Yes
ORD00267,2025-04-24,CUST030,Metro Industries,Textiles,Patna,Bihar,East,Medium,P007,Pallet Solutions,Wooden Pallet,Nos,56,884.04,0.05,49506.39,35492.78,14013.61,Express,2025-04-30,2025-05-06,2025-05-09,2025-05-04,In Production,Dispatched,Partially Paid,23144.91,26361.48,SP03,0.283066691,6,5,No
ORD00268,2025-05-13,CUST097,Vertex Pvt Ltd,Electronics,Kochi,Kerala,South,Medium,P009,Packaging Tools & Equipment,Manual Strapping Tool,Nos,40,3289.66,0,131586.39,84414.93,47171.46,Express,2025-05-19,2025-05-26,2025-05-27,2025-05-23,Completed,Dispatched,Paid,131586.39,0,SP06,0.358482819,7,4,No
ORD00269,2025-05-14,CUST108,National Manufacturing,Pharmaceuticals,Jaipur,Rajasthan,North,Small,P005,Stretch / Film Solutions,Stretch Film Roll,Roll,11,672.54,0.05,7397.94,3954.07,3443.87,Standard,2025-05-20,2025-05-23,2025-05-26,2025-05-20,In Production,Dispatched,Paid,7397.94,0,SP09,0.465517428,3,6,No
ORD00270,2025-03-03,CUST057,Apex Enterprises,Textiles,Bengaluru,Karnataka,South,Medium,P005,Stretch / Film Solutions,Stretch Film Roll,Roll,7,602.46,0.1,4217.21,2570.85,1646.36,Express,2025-03-08,2025-03-13,2025-03-18,2025-03-14,Completed,Dispatched,Paid,4217.21,0,SP12,0.390390803,5,4,No
ORD00271,2025-04-03,CUST046,Shree Pvt Ltd,Logistics,Noida,Uttar Pradesh,North,Small,P003,Protective Packaging,Bubble Wrap Roll,Roll,14,779.83,0.03,10917.68,7172.16,3745.52,Standard,2025-04-05,2025-04-09,2025-04-11,2025-04-10,Completed,Dispatched,Paid,10917.68,0,SP08,0.343069223,4,1,No
ORD00272,2025-02-15,CUST107,Om Traders,FMCG,Kochi,Kerala,South,Small,P004,Protective Packaging,EPE Foam Roll,Roll,15,1581.8,0.03,23727,13249.14,10477.86,Scheduled,2025-02-18,2025-02-23,2025-02-26,2025-02-26,Pending,Dispatched,Paid,23727,0,SP06,0.441600708,5,0,Yes
ORD00273,2025-01-08,CUST033,Om Manufacturing,Pharmaceuticals,Kochi,Kerala,South,Medium,P011,Customized Carton Boxes,5-Ply Corrugated Box,Nos,65,61.01,0.08,3965.64,2129.16,1836.48,Standard,2025-01-12,2025-01-19,2025-01-25,2025-01-16,Completed,Dispatched,Paid,3965.64,0,SP02,0.463098012,7,9,No
ORD00274,2025-07-16,CUST096,Shree Industries,Retail,Delhi,Delhi,North,Small,P003,Protective Packaging,Bubble Wrap Roll,Roll,11,874.6,0,9620.64,5695.98,3924.66,Scheduled,2025-07-22,2025-07-27,2025-07-31,2025-07-23,Completed,Dispatched,Paid,9620.64,0,SP06,0.407941675,5,8,No
ORD00275,2025-08-11,CUST032,Vertex Industries,Textiles,Bhopal,Madhya Pradesh,Central,Large,P008,Pallet Solutions,Plastic Pallet,Nos,15,2704.07,0,40561.05,26027.61,14533.44,Scheduled,2025-08-14,2025-08-17,2025-08-20,2025-08-21,Completed,Dispatched,Outstanding,1389.73,39171.32,SP03,0.358310251,3,0,Yes
ORD00276,2025-04-19,CUST039,Shree Logistics,Retail,Bhopal,Madhya Pradesh,Central,Small,P001,Strapping Solutions,PP Strapping Roll,Meter,1050,104.77,0.05,110010.68,60515.12,49495.56,Standard,2025-04-21,2025-04-26,2025-05-02,2025-04-26,Completed,Dispatched,Paid,110010.68,0,SP10,0.449915954,5,6,No
ORD00277,2025-01-25,CUST050,Prime Industries,Retail,Pune,Maharashtra,West,Large,P005,Stretch / Film Solutions,Stretch Film Roll,Roll,130,628.18,0.1,81663.71,48939.3,32724.41,Scheduled,2025-01-27,2025-02-02,2025-02-02,2025-01-30,Completed,Dispatched,Paid,81663.71,0,SP03,0.400721569,6,3,No
ORD00278,2025-04-16,CUST065,Apex Logistics,FMCG,Bhubaneswar,Odisha,East,Medium,P002,Strapping Solutions,PET Strapping Roll,Kg,65,114.75,0.03,7458.43,4569.56,2888.87,Standard,2025-04-18,2025-04-21,2025-04-24,2025-04-22,Completed,Dispatched,Paid,7458.43,0,SP09,0.387329505,3,2,No
ORD00279,2025-11-13,CUST052,United Manufacturing,Retail,Coimbatore,Tamil Nadu,South,Small,P007,Pallet Solutions,Wooden Pallet,Nos,13,1054.6,0.02,13709.84,8181.59,5528.25,Express,2025-11-15,2025-11-18,2025-11-18,2025-11-19,Completed,Dispatched,Partially Paid,6761.26,6948.58,SP05,0.403232277,3,0,Yes
ORD00280,2025-03-24,CUST021,National Pvt Ltd,Logistics,Ludhiana,Punjab,North,Medium,P001,Strapping Solutions,PP Strapping Roll,Meter,280,88.17,0.03,24687.29,16185.11,8502.18,Scheduled,2025-03-26,2025-03-31,2025-04-03,2025-04-01,Completed,Dispatched,Paid,24687.29,0,SP11,0.344395031,5,2,No
ORD00281,2025-09-10,CUST065,Apex Logistics,FMCG,Bhubaneswar,Odisha,East,Medium,P008,Pallet Solutions,Plastic Pallet,Nos,54,2549.81,0.02,137689.76,85235.29,52454.47,Express,2025-09-13,2025-09-14,2025-09-18,2025-09-16,Completed,Dispatched,Paid,137689.76,0,SP08,0.3809613,1,2,No
ORD00282,2025-01-26,CUST093,Om Traders,Automotive,Bhopal,Madhya Pradesh,Central,Small,P006,Stretch / Film Solutions,Shrink Film Roll,Roll,10,859.37,0.03,8593.66,4663.48,3930.18,Standard,2025-01-28,2025-02-04,2025-02-05,2025-01-31,Completed,Dispatched,Partially Paid,5933.91,2659.75,SP01,0.457334826,7,5,No
ORD00283,2025-03-12,CUST100,Sunrise Traders,Retail,Jaipur,Rajasthan,North,Large,P007,Pallet Solutions,Wooden Pallet,Nos,23,974.35,0.03,22410.13,14632.59,7777.54,Express,2025-03-15,2025-03-18,2025-03-20,2025-03-24,Completed,Dispatched,Partially Paid,8863.94,13546.19,SP08,0.347054658,3,0,Yes
ORD00284,2025-05-20,CUST101,Vertex Manufacturing,Electronics,Jaipur,Rajasthan,North,Medium,P008,Pallet Solutions,Plastic Pallet,Nos,33,2373.74,0.02,78333.35,54336.28,23997.07,Standard,2025-05-25,2025-05-31,2025-06-03,2025-05-31,In Production,Dispatched,Paid,78333.35,0,SP02,0.306345509,6,3,No
ORD00285,2025-08-02,CUST084,Prime Traders,Chemicals,Noida,Uttar Pradesh,North,Medium,P012,Customized Carton Boxes,7-Ply Corrugated Box,Nos,44,90.54,0.03,3983.67,2366,1617.67,Express,2025-08-08,2025-08-12,2025-08-16,2025-08-14,Completed,Dispatched,Paid,3983.67,0,SP02,0.406075302,4,2,No
ORD00286,2025-07-30,CUST041,Metro Enterprises,Chemicals,Patna,Bihar,East,Medium,P006,Stretch / Film Solutions,Shrink Film Roll,Roll,34,815.57,0.03,27729.43,16359.23,11370.2,Scheduled,2025-08-04,2025-08-05,2025-08-05,2025-08-08,Completed,Dispatched,Outstanding,3631.77,24097.66,SP09,0.410040884,1,0,Yes
ORD00287,2025-12-19,CUST056,National Enterprises,Automotive,Vijayawada,Andhra Pradesh,South,Small,P007,Pallet Solutions,Wooden Pallet,Nos,4,868.16,0.1,3472.63,2571.49,901.14,Standard,2025-12-25,2025-12-26,2025-12-29,2025-12-27,Completed,Dispatched,Paid,3472.63,0,SP01,0.259497845,1,2,No
ORD00288,2025-11-26,CUST064,Sunrise Industries,Electronics,Noida,Uttar Pradesh,North,Large,P004,Protective Packaging,EPE Foam Roll,Roll,16,1567.64,0.03,25082.27,15030.12,10052.15,Standard,2025-11-29,2025-12-04,2025-12-07,2025-12-08,Completed,Dispatched,Paid,25082.27,0,SP09,0.400767155,5,0,Yes
ORD00289,2025-04-25,CUST090,Sunrise Traders,Textiles,Delhi,Delhi,North,Small,P002,Strapping Solutions,PET Strapping Roll,Kg,50,121.13,0.02,6056.27,3619.02,2437.25,Express,2025-05-01,2025-05-07,2025-05-10,2025-05-06,Completed,Dispatched,Paid,6056.27,0,SP08,0.402434172,6,4,No
ORD00290,2025-06-11,CUST014,National Industries,Retail,Ahmedabad,Gujarat,West,Medium,P002,Strapping Solutions,PET Strapping Roll,Kg,280,131.27,0.1,36754.48,21080.94,15673.54,Scheduled,2025-06-13,2025-06-17,2025-06-17,2025-06-17,Completed,Dispatched,Paid,36754.48,0,SP10,0.426438899,4,0,Yes
ORD00291,2025-11-23,CUST051,Prime Manufacturing,Electronics,Ludhiana,Punjab,North,Small,P008,Pallet Solutions,Plastic Pallet,Nos,22,2399.63,0.05,52791.92,35429.42,17362.5,Standard,2025-11-27,2025-12-02,2025-12-06,2025-12-01,Completed,Dispatched,Paid,52791.92,0,SP08,0.328885557,5,5,No
ORD00292,2025-06-19,CUST054,Prime Industries,Chemicals,Coimbatore,Tamil Nadu,South,Small,P006,Stretch / Film Solutions,Shrink Film Roll,Roll,15,751.08,0.05,11266.25,7098.23,4168.02,Standard,2025-06-25,2025-07-02,2025-07-06,2025-07-03,Completed,Dispatched,Partially Paid,6912.57,4353.68,SP06,0.369956285,7,3,No
ORD00293,2025-07-01,CUST051,Prime Manufacturing,Electronics,Ludhiana,Punjab,North,Small,P001,Strapping Solutions,PP Strapping Roll,Meter,390,99.87,0.05,38949.66,21735.34,17214.32,Express,2025-07-05,2025-07-10,2025-07-14,2025-07-11,Completed,Dispatched,Paid,38949.66,0,SP10,0.441963293,5,3,No
ORD00294,2025-04-11,CUST017,Global Logistics,Electronics,Patna,Bihar,East,Small,P009,Packaging Tools & Equipment,Manual Strapping Tool,Nos,17,3149.11,0.1,53534.95,36539.73,16995.22,Scheduled,2025-04-14,2025-04-15,2025-04-18,2025-04-19,In Production,Dispatched,Partially Paid,38579.99,14954.96,SP10,0.317460276,1,0,Yes
ORD00295,2025-03-05,CUST066,Om Logistics,Engineering,Kolkata,West Bengal,East,Medium,P001,Strapping Solutions,PP Strapping Roll,Meter,160,90.83,0.02,14532.35,9237.73,5294.62,Scheduled,2025-03-10,2025-03-14,2025-03-23,2025-03-18,Completed,Dispatched,Partially Paid,8487.59,6044.76,SP03,0.364333367,4,5,No
ORD00296,2025-12-21,CUST079,Shree Manufacturing,Logistics,Indore,Madhya Pradesh,Central,Large,P012,Customized Carton Boxes,7-Ply Corrugated Box,Nos,38,101.39,0.05,3852.9,2057.09,1795.81,Scheduled,2025-12-27,2025-12-29,2025-12-30,2025-12-27,Completed,Dispatched,Outstanding,566.09,3286.81,SP04,0.466093073,2,3,No
ORD00297,2025-05-21,CUST013,Prime Industries,Electronics,Delhi,Delhi,North,Medium,P009,Packaging Tools & Equipment,Manual Strapping Tool,Nos,7,3305.04,0.03,23135.25,15523.92,7611.33,Scheduled,2025-05-26,2025-05-29,2025-05-31,2025-06-02,Completed,Dispatched,Paid,23135.25,0,SP09,0.328992771,3,0,Yes
ORD00298,2025-06-10,CUST066,Om Logistics,Engineering,Kolkata,West Bengal,East,Medium,P001,Strapping Solutions,PP Strapping Roll,Meter,180,93.63,0.05,16853.2,10320.37,6532.83,Standard,2025-06-16,2025-06-22,2025-06-23,2025-06-18,Completed,Dispatched,Partially Paid,10281.03,6572.17,SP09,0.387631429,6,5,No
ORD00299,2025-10-05,CUST095,Vertex Industries,Retail,Bhubaneswar,Odisha,East,Large,P001,Strapping Solutions,PP Strapping Roll,Meter,220,99.63,0,21919.39,12600.24,9319.15,Scheduled,2025-10-09,2025-10-15,2025-10-15,2025-10-15,Completed,Dispatched,Outstanding,2458.92,19460.47,SP05,0.425155536,6,0,Yes
ORD00300,2025-08-05,CUST105,United Pvt Ltd,Electronics,Hyderabad,Telangana,South,Large,P003,Protective Packaging,Bubble Wrap Roll,Roll,21,843.12,0.02,17705.44,10362,7343.44,Scheduled,2025-08-07,2025-08-12,2025-08-12,2025-08-10,Completed,Dispatched,Paid,17705.44,0,SP05,0.414756143,5,2,No
ORD00301,2025-03-16,CUST037,Prime Pvt Ltd,Logistics,Ahmedabad,Gujarat,West,Small,P009,Packaging Tools & Equipment,Manual Strapping Tool,Nos,30,3090.43,0.05,92713.02,66161.32,26551.7,Scheduled,2025-03-18,2025-03-24,2025-03-26,2025-03-24,Completed,Dispatched,Partially Paid,40768.04,51944.98,SP09,0.286385882,6,2,No
ORD00302,2025-07-19,CUST101,Vertex Manufacturing,Electronics,Jaipur,Rajasthan,North,Medium,P006,Stretch / Film Solutions,Shrink Film Roll,Roll,16,797.71,0.02,12763.38,7419.52,5343.86,Scheduled,2025-07-22,2025-07-27,2025-07-29,2025-07-24,Completed,Dispatched,Outstanding,103,12660.38,SP05,0.4186869,5,5,No
ORD00303,2025-04-14,CUST054,Prime Industries,Chemicals,Coimbatore,Tamil Nadu,South,Small,P003,Protective Packaging,Bubble Wrap Roll,Roll,17,789.93,0,13428.77,8522.54,4906.23,Scheduled,2025-04-20,2025-04-27,2025-04-30,2025-04-22,Completed,Dispatched,Paid,13428.77,0,SP04,0.365352151,7,8,No
ORD00304,2025-04-10,CUST074,Global Traders,FMCG,Surat,Gujarat,West,Small,P012,Customized Carton Boxes,7-Ply Corrugated Box,Nos,78,88.11,0.05,6872.88,4621.86,2251.02,Express,2025-04-14,2025-04-18,2025-04-19,2025-04-16,Completed,Dispatched,Paid,6872.88,0,SP09,0.327522087,4,3,No
ORD00305,2025-05-16,CUST092,Metro Industries,FMCG,Coimbatore,Tamil Nadu,South,Medium,P014,Material Handling,Hand Pallet Truck,Nos,26,18338,0.05,476787.98,345775.29,131012.69,Standard,2025-05-19,2025-05-21,2025-05-30,2025-05-25,Completed,Dispatched,Paid,476787.98,0,SP11,0.274781864,2,5,No
ORD00306,2025-11-12,CUST053,United Manufacturing,FMCG,Gurugram,Haryana,North,Medium,P002,Strapping Solutions,PET Strapping Roll,Kg,50,131.55,0.03,6577.66,3683.93,2893.73,Standard,2025-11-16,2025-11-20,2025-11-24,2025-11-25,In Production,Dispatched,Paid,6577.66,0,SP09,0.439933046,4,0,Yes
ORD00307,2025-03-23,CUST072,United Logistics,Textiles,Bhopal,Madhya Pradesh,Central,Large,P002,Strapping Solutions,PET Strapping Roll,Kg,365,123.26,0.05,44988.41,25654.05,19334.36,Scheduled,2025-03-28,2025-04-02,2025-04-09,2025-04-03,In Production,Dispatched,Partially Paid,19676.95,25311.46,SP09,0.429763132,5,6,No
ORD00308,2025-09-01,CUST015,Metro Manufacturing,Engineering,Hyderabad,Telangana,South,Medium,P011,Customized Carton Boxes,5-Ply Corrugated Box,Nos,6,62,0.03,372.02,202.49,169.53,Express,2025-09-07,2025-09-14,2025-09-14,2025-09-07,Completed,Dispatched,Outstanding,38.09,333.93,SP07,0.455701306,7,7,No
ORD00309,2025-02-28,CUST109,National Enterprises,FMCG,Pune,Maharashtra,West,Medium,P006,Stretch / Film Solutions,Shrink Film Roll,Roll,23,766.57,0.02,17631.17,10838.4,6792.77,Express,2025-03-05,2025-03-08,2025-03-18,2025-03-09,In Production,Dispatched,Paid,17631.17,0,SP01,0.385270518,3,9,No
ORD00310,2025-06-01,CUST102,Global Logistics,Textiles,Bengaluru,Karnataka,South,Medium,P007,Pallet Solutions,Wooden Pallet,Nos,69,980.05,0,67623.49,43648.77,23974.72,Standard,2025-06-04,2025-06-07,2025-06-11,2025-06-07,Completed,Dispatched,Outstanding,6359.31,61264.18,SP11,0.354532427,3,4,No
ORD00311,2025-11-19,CUST022,United Manufacturing,Textiles,Patna,Bihar,East,Small,P009,Packaging Tools & Equipment,Manual Strapping Tool,Nos,19,3472.73,0,65981.85,43898.64,22083.21,Standard,2025-11-22,2025-11-29,2025-12-02,2025-11-25,In Production,Dispatched,Outstanding,8083.64,57898.21,SP12,0.33468613,7,7,No
ORD00312,2025-12-18,CUST079,Shree Manufacturing,Logistics,Indore,Madhya Pradesh,Central,Large,P001,Strapping Solutions,PP Strapping Roll,Meter,210,99.86,0.02,20971.38,12230.41,8740.97,Express,2025-12-21,2025-12-22,2025-12-27,2025-12-28,Completed,Dispatched,Partially Paid,14232.18,6739.2,SP07,0.416804712,1,0,Yes
ORD00313,2025-07-18,CUST070,National Logistics,Textiles,Coimbatore,Tamil Nadu,South,Small,P011,Customized Carton Boxes,5-Ply Corrugated Box,Nos,23,54.64,0.03,1256.76,754.19,502.57,Scheduled,2025-07-23,2025-07-29,2025-08-01,2025-07-29,Completed,Dispatched,Paid,1256.76,0,SP10,0.399893377,6,3,No
ORD00314,2025-01-24,CUST071,Prime Manufacturing,Engineering,Chandigarh,Chandigarh,North,Medium,P014,Material Handling,Hand Pallet Truck,Nos,12,19004.5,0.05,228053.94,158540.51,69513.43,Express,2025-01-26,2025-01-29,2025-02-02,2025-01-30,Completed,Dispatched,Paid,228053.94,0,SP11,0.304811353,3,3,No
ORD00315,2025-01-16,CUST110,Om Manufacturing,Retail,Chennai,Tamil Nadu,South,Medium,P013,Material Handling,Platform Trolley,Nos,41,8636.36,0,354090.62,222343.62,131747,Scheduled,2025-01-21,2025-01-23,2025-02-01,2025-01-24,In Production,Dispatched,Partially Paid,219860.4,134230.22,SP11,0.372071421,2,8,No
ORD00316,2025-07-11,CUST022,United Manufacturing,Textiles,Patna,Bihar,East,Small,P003,Protective Packaging,Bubble Wrap Roll,Roll,15,880.99,0.05,13214.92,7400.27,5814.65,Standard,2025-07-13,2025-07-18,2025-07-24,2025-07-18,Completed,Dispatched,Paid,13214.92,0,SP12,0.440006447,5,6,No
ORD00317,2025-06-26,CUST097,Vertex Pvt Ltd,Electronics,Kochi,Kerala,South,Medium,P002,Strapping Solutions,PET Strapping Roll,Kg,145,131.16,0,19018.88,10685.33,8333.55,Scheduled,2025-06-29,2025-07-03,2025-07-07,2025-07-03,Completed,Dispatched,Partially Paid,11761.11,7257.77,SP01,0.43817249,4,4,No
ORD00318,2025-10-09,CUST068,Shree Enterprises,Engineering,Indore,Madhya Pradesh,Central,Small,P006,Stretch / Film Solutions,Shrink Film Roll,Roll,96,847.11,0.05,81322.84,42798.1,38524.74,Express,2025-10-14,2025-10-20,2025-10-24,2025-10-15,Completed,Dispatched,Paid,81322.84,0,SP03,0.473725954,6,9,No
ORD00319,2025-12-10,CUST063,Prime Logistics,FMCG,Bhopal,Madhya Pradesh,Central,Large,P005,Stretch / Film Solutions,Stretch Film Roll,Roll,20,639.33,0,12786.57,7074.87,5711.7,Scheduled,2025-12-13,2025-12-14,2025-12-19,2025-12-24,Completed,Dispatched,Paid,12786.57,0,SP03,0.446695244,1,0,Yes
ORD00320,2025-10-17,CUST071,Prime Manufacturing,Engineering,Chandigarh,Chandigarh,North,Medium,P010,Packaging Tools & Equipment,Battery Strapping Machine,Nos,20,42180.87,0.08,843617.44,569982.01,273635.43,Standard,2025-10-23,2025-10-26,2025-10-28,2025-10-28,Completed,Dispatched,Partially Paid,578758.7,264858.74,SP11,0.324359617,3,0,Yes
ORD00321,2025-06-19,CUST035,United Industries,FMCG,Ludhiana,Punjab,North,Medium,P006,Stretch / Film Solutions,Shrink Film Roll,Roll,33,736.95,0.03,24319.26,14799.99,9519.27,Express,2025-06-24,2025-06-28,2025-07-01,2025-06-29,Completed,Dispatched,Paid,24319.26,0,SP03,0.391429262,4,2,No
ORD00322,2025-10-03,CUST063,Prime Logistics,FMCG,Bhopal,Madhya Pradesh,Central,Large,P014,Material Handling,Hand Pallet Truck,Nos,10,19288.07,0.1,192880.72,130104.44,62776.28,Scheduled,2025-10-06,2025-10-09,2025-10-09,2025-10-09,In Production,Dispatched,Paid,192880.72,0,SP04,0.325466848,3,0,Yes
ORD00323,2025-01-19,CUST108,National Manufacturing,Pharmaceuticals,Jaipur,Rajasthan,North,Small,P002,Strapping Solutions,PET Strapping Roll,Kg,50,119.18,0.08,5958.97,3467.64,2491.33,Express,2025-01-25,2025-01-28,2025-02-01,2025-02-01,Completed,Dispatched,Paid,5958.97,0,SP09,0.418080641,3,0,Yes
ORD00324,2025-09-19,CUST064,Sunrise Industries,Electronics,Noida,Uttar Pradesh,North,Large,P003,Protective Packaging,Bubble Wrap Roll,Roll,33,884.41,0.03,29185.48,17064.55,12120.93,Express,2025-09-21,2025-09-25,2025-09-30,2025-10-02,In Production,Dispatched,Partially Paid,16217.05,12968.43,SP03,0.415306858,4,0,Yes
ORD00325,2025-04-02,CUST021,National Pvt Ltd,Logistics,Ludhiana,Punjab,North,Medium,P004,Protective Packaging,EPE Foam Roll,Roll,5,1312.51,0.1,6562.56,4376.38,2186.18,Standard,2025-04-08,2025-04-13,2025-04-14,2025-04-14,Completed,Dispatched,Partially Paid,3266.67,3295.89,SP11,0.333129145,5,0,Yes
ORD00326,2025-04-16,CUST092,Metro Industries,FMCG,Coimbatore,Tamil Nadu,South,Medium,P007,Pallet Solutions,Wooden Pallet,Nos,10,971.44,0.03,9714.36,5894.09,3820.27,Scheduled,2025-04-22,2025-04-29,2025-05-01,2025-04-27,Completed,Dispatched,Paid,9714.36,0,SP09,0.393260081,7,4,No
ORD00327,2025-11-21,CUST015,Metro Manufacturing,Engineering,Hyderabad,Telangana,South,Medium,P002,Strapping Solutions,PET Strapping Roll,Kg,55,127.68,0.08,7022.64,3949.2,3073.44,Express,2025-11-25,2025-12-02,2025-12-04,2025-12-05,Completed,Dispatched,Paid,7022.64,0,SP07,0.43764738,7,0,Yes
ORD00328,2025-04-25,CUST115,Metro Enterprises,Chemicals,Bhubaneswar,Odisha,East,Medium,P011,Customized Carton Boxes,5-Ply Corrugated Box,Nos,41,61.52,0.02,2522.2,1429.07,1093.13,Standard,2025-05-01,2025-05-05,2025-05-07,2025-05-05,Completed,Dispatched,Paid,2522.2,0,SP04,0.433403378,4,2,No
ORD00329,2025-02-09,CUST075,Global Traders,Textiles,Coimbatore,Tamil Nadu,South,Large,P001,Strapping Solutions,PP Strapping Roll,Meter,100,95.91,0.1,9591.34,5525.63,4065.71,Standard,2025-02-15,2025-02-21,2025-02-23,2025-02-17,Completed,Dispatched,Paid,9591.34,0,SP07,0.423893846,6,6,No
ORD00330,2025-06-19,CUST026,Prime Manufacturing,Pharmaceuticals,Pune,Maharashtra,West,Large,P012,Customized Carton Boxes,7-Ply Corrugated Box,Nos,13,88.3,0.03,1147.88,747.03,400.85,Scheduled,2025-06-21,2025-06-25,2025-06-28,2025-07-01,Completed,Dispatched,Partially Paid,460.48,687.4,SP03,0.349208977,4,0,Yes
ORD00331,2025-03-10,CUST035,United Industries,FMCG,Ludhiana,Punjab,North,Medium,P002,Strapping Solutions,PET Strapping Roll,Kg,230,119.04,0.02,27378.37,16192.91,11185.46,Scheduled,2025-03-16,2025-03-17,2025-03-25,2025-03-17,In Production,Dispatched,Paid,27378.37,0,SP11,0.408550984,1,8,No
ORD00332,2025-05-26,CUST087,Shree Manufacturing,FMCG,Noida,Uttar Pradesh,North,Medium,P004,Protective Packaging,EPE Foam Roll,Roll,61,1453.99,0.03,88693.19,56134.25,32558.94,Standard,2025-05-28,2025-05-30,2025-06-02,2025-06-09,In Production,Dispatched,Paid,88693.19,0,SP10,0.367096279,2,0,Yes
ORD00333,2025-04-04,CUST013,Prime Industries,Electronics,Delhi,Delhi,North,Medium,P011,Customized Carton Boxes,5-Ply Corrugated Box,Nos,3,56.87,0.02,170.6,105.96,64.64,Standard,2025-04-10,2025-04-16,2025-04-20,2025-04-13,Completed,Dispatched,Outstanding,9.68,160.92,SP02,0.378898007,6,7,No
ORD00334,2025-01-09,CUST037,Prime Pvt Ltd,Logistics,Ahmedabad,Gujarat,West,Small,P009,Packaging Tools & Equipment,Manual Strapping Tool,Nos,22,2982.2,0,65608.34,48116.16,17492.18,Scheduled,2025-01-12,2025-01-17,2025-01-21,2025-01-20,Completed,Dispatched,Paid,65608.34,0,SP09,0.266615189,5,1,No
ORD00335,2025-03-02,CUST002,Global Pvt Ltd,FMCG,Noida,Uttar Pradesh,North,Large,P009,Packaging Tools & Equipment,Manual Strapping Tool,Nos,11,3061.8,0,33679.81,23108.31,10571.5,Standard,2025-03-04,2025-03-08,2025-03-09,2025-03-16,Completed,Dispatched,Outstanding,2125.28,31554.53,SP12,0.313882412,4,0,Yes
ORD00336,2025-09-29,CUST076,Metro Manufacturing,Textiles,Delhi,Delhi,North,Large,P014,Material Handling,Hand Pallet Truck,Nos,9,19284.68,0.05,173562.09,121822.72,51739.37,Express,2025-10-04,2025-10-06,2025-10-09,2025-10-10,In Production,Dispatched,Outstanding,3485.55,170076.54,SP04,0.298102944,2,0,Yes
ORD00337,2025-02-12,CUST118,National Traders,Logistics,Vijayawada,Andhra Pradesh,South,Small,P002,Strapping Solutions,PET Strapping Roll,Kg,310,130.46,0.08,40442.92,21978.95,18463.97,Express,2025-02-16,2025-02-21,2025-02-25,2025-02-23,Completed,Dispatched,Partially Paid,22563.3,17879.62,SP11,0.456543939,5,2,No
ORD00338,2025-04-16,CUST043,Om Logistics,Electronics,Mumbai,Maharashtra,West,Large,P001,Strapping Solutions,PP Strapping Roll,Meter,190,105.45,0.03,20035.97,10626.55,9409.42,Scheduled,2025-04-20,2025-04-24,2025-04-26,2025-04-22,Completed,Dispatched,Paid,20035.97,0,SP06,0.469626377,4,4,No
ORD00339,2025-11-10,CUST083,Metro Industries,Engineering,Jaipur,Rajasthan,North,Small,P009,Packaging Tools & Equipment,Manual Strapping Tool,Nos,22,2979.04,0,65538.89,49858.6,15680.29,Express,2025-11-14,2025-11-20,2025-11-23,2025-11-18,In Production,Dispatched,Paid,65538.89,0,SP05,0.239251687,6,5,No
ORD00340,2025-06-07,CUST060,Om Pvt Ltd,Chemicals,Pune,Maharashtra,West,Small,P012,Customized Carton Boxes,7-Ply Corrugated Box,Nos,35,97.66,0.05,3418.07,1959.7,1458.37,Express,2025-06-13,2025-06-16,2025-06-19,2025-06-14,Completed,Dispatched,Partially Paid,1489.54,1928.53,SP06,0.426664755,3,5,No
ORD00341,2025-10-09,CUST082,Global Enterprises,Pharmaceuticals,Coimbatore,Tamil Nadu,South,Small,P005,Stretch / Film Solutions,Stretch Film Roll,Roll,31,688.62,0,21347.09,11729.38,9617.71,Express,2025-10-15,2025-10-21,2025-10-21,2025-10-16,Completed,Dispatched,Partially Paid,15377.26,5969.83,SP02,0.450539629,6,5,No
ORD00342,2025-02-02,CUST080,Vertex Industries,FMCG,Chennai,Tamil Nadu,South,Small,P003,Protective Packaging,Bubble Wrap Roll,Roll,24,774.31,0.05,18583.48,12489.81,6093.67,Scheduled,2025-02-06,2025-02-08,2025-02-10,2025-02-08,Completed,Dispatched,Outstanding,1983.62,16599.86,SP01,0.327907905,2,2,No
ORD00343,2025-03-31,CUST099,Prime Pvt Ltd,Textiles,Ludhiana,Punjab,North,Large,P009,Packaging Tools & Equipment,Manual Strapping Tool,Nos,10,3105.59,0,31055.9,21798.04,9257.86,Scheduled,2025-04-05,2025-04-09,2025-04-09,2025-04-08,In Production,Dispatched,Paid,31055.9,0,SP09,0.298103098,4,1,No
ORD00344,2025-09-22,CUST092,Metro Industries,FMCG,Coimbatore,Tamil Nadu,South,Medium,P002,Strapping Solutions,PET Strapping Roll,Kg,140,117.88,0,16503.61,10156.93,6346.68,Scheduled,2025-09-25,2025-09-30,2025-10-01,2025-09-27,Completed,Dispatched,Outstanding,988.81,15514.8,SP07,0.384563135,5,4,No
ORD00345,2025-07-27,CUST040,National Pvt Ltd,Textiles,Coimbatore,Tamil Nadu,South,Medium,P002,Strapping Solutions,PET Strapping Roll,Kg,205,133.63,0.05,27394.37,14939.38,12454.99,Express,2025-08-02,2025-08-04,2025-08-08,2025-08-01,Completed,Dispatched,Paid,27394.37,0,SP06,0.454655099,2,7,No
ORD00346,2025-05-22,CUST099,Prime Pvt Ltd,Textiles,Ludhiana,Punjab,North,Large,P004,Protective Packaging,EPE Foam Roll,Roll,25,1380.18,0.08,34504.62,21529.44,12975.18,Scheduled,2025-05-25,2025-05-30,2025-05-31,2025-06-03,Completed,Dispatched,Paid,34504.62,0,SP02,0.376041817,5,0,Yes
ORD00347,2025-09-15,CUST097,Vertex Pvt Ltd,Electronics,Kochi,Kerala,South,Medium,P011,Customized Carton Boxes,5-Ply Corrugated Box,Nos,24,58.93,0.05,1414.38,814.81,599.57,Express,2025-09-19,2025-09-22,2025-09-22,2025-09-28,In Production,Dispatched,Partially Paid,745.53,668.85,SP10,0.423910123,3,0,Yes
ORD00348,2025-09-05,CUST070,National Logistics,Textiles,Coimbatore,Tamil Nadu,South,Small,P014,Material Handling,Hand Pallet Truck,Nos,106,17979.13,0.03,1905787.72,1391987.03,513800.69,Scheduled,2025-09-08,2025-09-15,2025-09-17,2025-09-17,In Production,Dispatched,Outstanding,19311.61,1886476.11,SP04,0.269600168,7,0,Yes
ORD00349,2025-12-13,CUST049,Metro Enterprises,Retail,Chennai,Tamil Nadu,South,Medium,P005,Stretch / Film Solutions,Stretch Film Roll,Roll,6,686.41,0.02,4118.43,2113.56,2004.87,Express,2025-12-16,2025-12-23,2025-12-25,2025-12-24,Completed,Dispatched,Paid,4118.43,0,SP02,0.486804438,7,1,No
ORD00350,2025-07-24,CUST013,Prime Industries,Electronics,Delhi,Delhi,North,Medium,P006,Stretch / Film Solutions,Shrink Film Roll,Roll,58,837.92,0.08,48599.15,25732.77,22866.38,Standard,2025-07-28,2025-07-29,2025-08-02,2025-07-31,Completed,Dispatched,Outstanding,4979.77,43619.38,SP08,0.470509875,1,2,No
ORD00351,2025-04-13,CUST097,Vertex Pvt Ltd,Electronics,Kochi,Kerala,South,Medium,P007,Pallet Solutions,Wooden Pallet,Nos,14,1017.03,0.05,14238.41,8407.29,5831.12,Standard,2025-04-16,2025-04-22,2025-04-23,2025-04-22,Completed,Dispatched,Paid,14238.41,0,SP02,0.409534492,6,1,No
ORD00352,2025-02-10,CUST012,Shree Pvt Ltd,Engineering,Coimbatore,Tamil Nadu,South,Large,P007,Pallet Solutions,Wooden Pallet,Nos,5,1032.81,0.05,5164.06,2972.68,2191.38,Express,2025-02-15,2025-02-20,2025-02-20,2025-02-23,In Production,Dispatched,Paid,5164.06,0,SP08,0.424352157,5,0,Yes
ORD00353,2025-04-04,CUST104,Om Logistics,Engineering,Chennai,Tamil Nadu,South,Medium,P004,Protective Packaging,EPE Foam Roll,Roll,5,1559.82,0,7799.08,4591.06,3208.02,Standard,2025-04-10,2025-04-13,2025-04-16,2025-04-12,Completed,Dispatched,Paid,7799.08,0,SP09,0.411333132,3,4,No
ORD00354,2025-06-27,CUST106,Global Pvt Ltd,FMCG,Vijayawada,Andhra Pradesh,South,Medium,P009,Packaging Tools & Equipment,Manual Strapping Tool,Nos,54,3519.39,0.05,190047.14,115746.09,74301.05,Scheduled,2025-07-02,2025-07-09,2025-07-10,2025-07-09,Completed,Dispatched,Paid,190047.14,0,SP04,0.390961158,7,1,No
ORD00355,2025-07-14,CUST032,Vertex Industries,Textiles,Bhopal,Madhya Pradesh,Central,Large,P014,Material Handling,Hand Pallet Truck,Nos,64,18365.35,0.03,1175382.34,824428.28,350954.06,Scheduled,2025-07-20,2025-07-21,2025-07-23,2025-07-24,Completed,Dispatched,Paid,1175382.34,0,SP06,0.298587147,1,0,Yes
ORD00356,2025-07-07,CUST038,Global Manufacturing,Logistics,Coimbatore,Tamil Nadu,South,Large,P001,Strapping Solutions,PP Strapping Roll,Meter,100,91.87,0.03,9186.96,5540.34,3646.62,Standard,2025-07-10,2025-07-14,2025-07-17,2025-07-15,Completed,Dispatched,Paid,9186.96,0,SP10,0.39693435,4,2,No
ORD00357,2025-03-09,CUST037,Prime Pvt Ltd,Logistics,Ahmedabad,Gujarat,West,Small,P002,Strapping Solutions,PET Strapping Roll,Kg,295,117.79,0,34748.88,20714.47,14034.41,Standard,2025-03-15,2025-03-21,2025-03-22,2025-03-15,In Production,Dispatched,Paid,34748.88,0,SP12,0.403880931,6,7,No
ORD00358,2025-03-18,CUST045,Apex Traders,FMCG,Ahmedabad,Gujarat,West,Large,P013,Material Handling,Platform Trolley,Nos,44,7553.25,0.02,332342.8,245318.35,87024.45,Express,2025-03-23,2025-03-30,2025-03-30,2025-03-25,Completed,Dispatched,Outstanding,35920.96,296421.84,SP05,0.261851468,7,5,No
ORD00359,2025-05-09,CUST061,Apex Industries,Logistics,Ludhiana,Punjab,North,Large,P012,Customized Carton Boxes,7-Ply Corrugated Box,Nos,5,88.25,0.08,441.27,295,146.27,Scheduled,2025-05-15,2025-05-22,2025-05-26,2025-05-14,Completed,Dispatched,Paid,441.27,0,SP02,0.331475061,7,12,No
ORD00360,2025-08-19,CUST049,Metro Enterprises,Retail,Chennai,Tamil Nadu,South,Medium,P005,Stretch / Film Solutions,Stretch Film Roll,Roll,19,584.28,0,11101.27,6993.01,4108.26,Express,2025-08-23,2025-08-26,2025-08-28,2025-08-29,In Production,Dispatched,Paid,11101.27,0,SP11,0.370071172,3,0,Yes
ORD00361,2025-11-07,CUST008,Metro Traders,Pharmaceuticals,Chennai,Tamil Nadu,South,Small,P012,Customized Carton Boxes,7-Ply Corrugated Box,Nos,26,85.76,0,2229.79,1417.11,812.68,Scheduled,2025-11-10,2025-11-15,2025-11-19,2025-11-20,In Production,Dispatched,Paid,2229.79,0,SP08,0.364464815,5,0,Yes
ORD00362,2025-02-10,CUST038,Global Manufacturing,Logistics,Coimbatore,Tamil Nadu,South,Large,P003,Protective Packaging,Bubble Wrap Roll,Roll,12,819.08,0.08,9828.94,6333.67,3495.27,Scheduled,2025-02-15,2025-02-20,2025-02-22,2025-02-22,Completed,Dispatched,Paid,9828.94,0,SP10,0.355610066,5,0,Yes
ORD00363,2025-10-20,CUST075,Global Traders,Textiles,Coimbatore,Tamil Nadu,South,Large,P005,Stretch / Film Solutions,Stretch Film Roll,Roll,82,675.79,0.1,55414.49,31288.77,24125.72,Scheduled,2025-10-25,2025-11-01,2025-11-01,2025-10-26,Completed,Dispatched,Paid,55414.49,0,SP07,0.435368439,7,6,No
ORD00364,2025-05-19,CUST035,United Industries,FMCG,Ludhiana,Punjab,North,Medium,P004,Protective Packaging,EPE Foam Roll,Roll,26,1483.57,0.02,38572.89,23333.43,15239.46,Scheduled,2025-05-24,2025-05-31,2025-06-02,2025-06-02,Completed,Dispatched,Paid,38572.89,0,SP04,0.395082142,7,0,Yes
ORD00365,2025-12-05,CUST021,National Pvt Ltd,Logistics,Ludhiana,Punjab,North,Medium,P007,Pallet Solutions,Wooden Pallet,Nos,79,957.63,0,75653.11,50175.45,25477.66,Standard,2025-12-09,2025-12-15,2025-12-15,2025-12-13,Completed,Dispatched,Paid,75653.11,0,SP01,0.3367695,6,2,No
ORD00366,2025-07-23,CUST001,Prime Industries,Textiles,Patna,Bihar,East,Small,P005,Stretch / Film Solutions,Stretch Film Roll,Roll,136,608.92,0.08,82813.03,50479.21,32333.82,Standard,2025-07-29,2025-08-05,2025-08-05,2025-07-29,Completed,Dispatched,Paid,82813.03,0,SP04,0.390443629,7,7,No
ORD00367,2025-05-26,CUST001,Prime Industries,Textiles,Patna,Bihar,East,Small,P006,Stretch / Film Solutions,Shrink Film Roll,Roll,10,719.91,0.02,7199.13,4783.46,2415.67,Express,2025-05-31,2025-06-06,2025-06-07,2025-06-02,Completed,Dispatched,Paid,7199.13,0,SP08,0.335550268,6,5,No
ORD00368,2025-10-04,CUST105,United Pvt Ltd,Electronics,Hyderabad,Telangana,South,Large,P005,Stretch / Film Solutions,Stretch Film Roll,Roll,9,573.98,0.05,5165.84,3433.81,1732.03,Scheduled,2025-10-08,2025-10-13,2025-10-16,2025-10-11,Completed,Dispatched,Paid,5165.84,0,SP11,0.335285259,5,5,No
ORD00369,2025-10-16,CUST020,Shree Industries,Electronics,Bengaluru,Karnataka,South,Large,P011,Customized Carton Boxes,5-Ply Corrugated Box,Nos,33,57.15,0.05,1885.81,1157.23,728.58,Express,2025-10-21,2025-10-26,2025-10-30,2025-10-25,Completed,Dispatched,Paid,1885.81,0,SP07,0.386348572,5,5,No
ORD00370,2025-05-14,CUST030,Metro Industries,Textiles,Patna,Bihar,East,Medium,P009,Packaging Tools & Equipment,Manual Strapping Tool,Nos,25,3359.58,0.03,83989.44,54920.09,29069.35,Standard,2025-05-17,2025-05-20,2025-05-20,2025-05-19,Completed,Dispatched,Paid,83989.44,0,SP12,0.346107201,3,1,No
ORD00371,2025-09-09,CUST003,Prime Logistics,Retail,Coimbatore,Tamil Nadu,South,Small,P004,Protective Packaging,EPE Foam Roll,Roll,6,1365.68,0.05,8194.11,5436.11,2758,Scheduled,2025-09-14,2025-09-17,2025-09-17,2025-09-20,Completed,Dispatched,Partially Paid,4217.46,3976.65,SP07,0.336583229,3,0,Yes
ORD00372,2025-07-22,CUST060,Om Pvt Ltd,Chemicals,Pune,Maharashtra,West,Small,P001,Strapping Solutions,PP Strapping Roll,Meter,1970,86.33,0.1,170062.26,113298.22,56764.04,Scheduled,2025-07-25,2025-07-27,2025-07-30,2025-08-02,Completed,Dispatched,Paid,170062.26,0,SP12,0.333783874,2,0,Yes
ORD00373,2025-09-30,CUST044,Apex Industries,Automotive,Noida,Uttar Pradesh,North,Small,P005,Stretch / Film Solutions,Stretch Film Roll,Roll,51,562.85,0.1,28705.17,17698.68,11006.49,Scheduled,2025-10-04,2025-10-08,2025-10-09,2025-10-06,Completed,Dispatched,Paid,28705.17,0,SP10,0.383432322,4,3,No
ORD00374,2025-09-09,CUST031,United Industries,Textiles,Bhopal,Madhya Pradesh,Central,Large,P007,Pallet Solutions,Wooden Pallet,Nos,4,936.86,0,3747.44,2353.37,1394.07,Scheduled,2025-09-12,2025-09-15,2025-09-21,2025-09-16,Completed,Dispatched,Outstanding,402.02,3345.42,SP01,0.372005956,3,5,No
ORD00375,2025-04-30,CUST110,Om Manufacturing,Retail,Chennai,Tamil Nadu,South,Medium,P005,Stretch / Film Solutions,Stretch Film Roll,Roll,32,608.69,0.05,19478.16,11640.9,7837.26,Standard,2025-05-02,2025-05-04,2025-05-04,2025-05-12,Completed,Dispatched,Partially Paid,12247.36,7230.8,SP06,0.402361414,2,0,Yes
ORD00376,2025-02-11,CUST116,United Manufacturing,Logistics,Coimbatore,Tamil Nadu,South,Medium,P002,Strapping Solutions,PET Strapping Roll,Kg,50,116,0.02,5799.89,3712.1,2087.79,Scheduled,2025-02-14,2025-02-15,2025-02-22,2025-02-22,Completed,Dispatched,Outstanding,10.98,5788.91,SP04,0.35997062,1,0,Yes
ORD00377,2025-07-17,CUST031,United Industries,Textiles,Bhopal,Madhya Pradesh,Central,Large,P008,Pallet Solutions,Plastic Pallet,Nos,20,2696.98,0.02,53939.51,32236.78,21702.73,Scheduled,2025-07-22,2025-07-24,2025-07-24,2025-07-25,Completed,Dispatched,Paid,53939.51,0,SP05,0.402353117,2,0,Yes
ORD00378,2025-06-15,CUST098,Prime Pvt Ltd,Engineering,Chennai,Tamil Nadu,South,Large,P003,Protective Packaging,Bubble Wrap Roll,Roll,5,919.79,0.05,4598.96,2633.05,1965.91,Scheduled,2025-06-18,2025-06-24,2025-06-24,2025-06-28,Completed,Dispatched,Paid,4598.96,0,SP04,0.427468384,6,0,Yes
ORD00379,2025-02-27,CUST079,Shree Manufacturing,Logistics,Indore,Madhya Pradesh,Central,Large,P014,Material Handling,Hand Pallet Truck,Nos,13,20680.55,0,268847.12,170708.03,98139.09,Scheduled,2025-03-02,2025-03-08,2025-03-15,2025-03-09,Completed,Dispatched,Paid,268847.12,0,SP12,0.365036791,6,6,No
ORD00380,2025-09-01,CUST004,Prime Manufacturing,Electronics,Mumbai,Maharashtra,West,Large,P007,Pallet Solutions,Wooden Pallet,Nos,13,1031.72,0.02,13412.38,8396.72,5015.66,Standard,2025-09-07,2025-09-09,2025-09-11,2025-09-07,Completed,Dispatched,Partially Paid,6601.67,6810.71,SP12,0.373957493,2,4,No
ORD00381,2025-10-02,CUST015,Metro Manufacturing,Engineering,Hyderabad,Telangana,South,Medium,P003,Protective Packaging,Bubble Wrap Roll,Roll,45,906.58,0,40795.95,22731.7,18064.25,Standard,2025-10-04,2025-10-06,2025-10-09,2025-10-10,Completed,Dispatched,Paid,40795.95,0,SP01,0.442795179,2,0,Yes
ORD00382,2025-12-19,CUST037,Prime Pvt Ltd,Logistics,Ahmedabad,Gujarat,West,Small,P012,Customized Carton Boxes,7-Ply Corrugated Box,Nos,5,92.7,0.1,463.48,287.9,175.58,Express,2025-12-24,2025-12-27,2025-12-28,2025-12-28,Completed,Dispatched,Paid,463.48,0,SP04,0.378829723,3,0,Yes
ORD00383,2025-10-18,CUST072,United Logistics,Textiles,Bhopal,Madhya Pradesh,Central,Large,P003,Protective Packaging,Bubble Wrap Roll,Roll,26,851.38,0,22135.85,13623.44,8512.41,Standard,2025-10-21,2025-10-26,2025-10-28,2025-10-28,Completed,Dispatched,Partially Paid,8357.4,13778.45,SP08,0.384553112,5,0,Yes
ORD00384,2025-06-01,CUST006,Vertex Enterprises,Electronics,Patna,Bihar,East,Medium,P005,Stretch / Film Solutions,Stretch Film Roll,Roll,35,662.1,0.02,23173.61,12612.03,10561.58,Scheduled,2025-06-05,2025-06-10,2025-06-18,2025-06-13,Completed,Dispatched,Paid,23173.61,0,SP04,0.455758943,5,5,No
ORD00385,2025-06-14,CUST120,Prime Manufacturing,Pharmaceuticals,Coimbatore,Tamil Nadu,South,Small,P011,Customized Carton Boxes,5-Ply Corrugated Box,Nos,5,58.16,0.05,290.78,168.15,122.63,Express,2025-06-16,2025-06-22,2025-06-26,2025-06-25,Completed,Dispatched,Partially Paid,149.44,141.34,SP02,0.421727767,6,1,No
ORD00386,2025-02-19,CUST049,Metro Enterprises,Retail,Chennai,Tamil Nadu,South,Medium,P005,Stretch / Film Solutions,Stretch Film Roll,Roll,42,631.56,0,26525.35,14623.34,11902.01,Standard,2025-02-25,2025-03-03,2025-03-03,2025-02-24,Completed,Dispatched,Outstanding,762.4,25762.95,SP10,0.448703222,6,7,No
ORD00387,2025-11-25,CUST051,Prime Manufacturing,Electronics,Ludhiana,Punjab,North,Small,P005,Stretch / Film Solutions,Stretch Film Roll,Roll,22,633.01,0.03,13926.21,8282.58,5643.63,Standard,2025-11-30,2025-12-06,2025-12-09,2025-12-08,Completed,Dispatched,Paid,13926.21,0,SP11,0.405252398,6,1,No
ORD00388,2025-09-09,CUST106,Global Pvt Ltd,FMCG,Vijayawada,Andhra Pradesh,South,Medium,P001,Strapping Solutions,PP Strapping Roll,Meter,180,101.23,0,18221.34,9979.58,8241.76,Scheduled,2025-09-11,2025-09-15,2025-09-15,2025-09-19,In Production,Dispatched,Paid,18221.34,0,SP05,0.452313606,4,0,Yes
ORD00389,2025-09-28,CUST105,United Pvt Ltd,Electronics,Hyderabad,Telangana,South,Large,P002,Strapping Solutions,PET Strapping Roll,Kg,55,121.78,0.08,6697.85,4083.58,2614.27,Express,2025-09-30,2025-10-06,2025-10-09,2025-10-07,Pending,Dispatched,Paid,6697.85,0,SP04,0.390314803,6,2,No
ORD00390,2025-04-09,CUST098,Prime Pvt Ltd,Engineering,Chennai,Tamil Nadu,South,Large,P007,Pallet Solutions,Wooden Pallet,Nos,29,1023.24,0.02,29674.08,18566.87,11107.21,Express,2025-04-15,2025-04-21,2025-04-22,2025-04-23,Completed,Dispatched,Partially Paid,17966.16,11707.92,SP11,0.374306802,6,0,Yes
ORD00391,2025-08-23,CUST032,Vertex Industries,Textiles,Bhopal,Madhya Pradesh,Central,Large,P003,Protective Packaging,Bubble Wrap Roll,Roll,5,786,0,3930.02,2611.84,1318.18,Express,2025-08-28,2025-08-29,2025-08-30,2025-08-30,Completed,Dispatched,Paid,3930.02,0,SP09,0.335413051,1,0,Yes
ORD00392,2025-06-16,CUST074,Global Traders,FMCG,Surat,Gujarat,West,Small,P009,Packaging Tools & Equipment,Manual Strapping Tool,Nos,19,3182.43,0.02,60466.08,43610.48,16855.6,Express,2025-06-20,2025-06-24,2025-06-27,2025-06-26,Completed,Dispatched,Paid,60466.08,0,SP06,0.278761249,4,1,No
ORD00393,2025-08-20,CUST060,Om Pvt Ltd,Chemicals,Pune,Maharashtra,West,Small,P001,Strapping Solutions,PP Strapping Roll,Meter,100,94.38,0.03,9438.05,5704.27,3733.78,Express,2025-08-25,2025-08-29,2025-08-29,2025-08-25,Completed,Dispatched,Paid,9438.05,0,SP04,0.395609263,4,4,No
ORD00394,2025-04-20,CUST067,Metro Manufacturing,Textiles,Delhi,Delhi,North,Medium,P007,Pallet Solutions,Wooden Pallet,Nos,7,991.33,0,6939.31,4140.64,2798.67,Express,2025-04-24,2025-04-25,2025-04-27,2025-05-03,Completed,Dispatched,Paid,6939.31,0,SP03,0.403306669,1,0,Yes
ORD00395,2025-03-12,CUST105,United Pvt Ltd,Electronics,Hyderabad,Telangana,South,Large,P003,Protective Packaging,Bubble Wrap Roll,Roll,8,870.71,0.05,6965.64,4271.83,2693.81,Standard,2025-03-16,2025-03-19,2025-03-23,2025-03-20,In Production,Dispatched,Paid,6965.64,0,SP12,0.386728283,3,3,No
ORD00396,2025-06-16,CUST113,Vertex Manufacturing,FMCG,Pune,Maharashtra,West,Medium,P001,Strapping Solutions,PP Strapping Roll,Meter,140,95.8,0.05,13412.11,7767.81,5644.3,Standard,2025-06-21,2025-06-23,2025-06-26,2025-06-30,Completed,Dispatched,Paid,13412.11,0,SP06,0.420836095,2,0,Yes
ORD00397,2025-06-28,CUST083,Metro Industries,Engineering,Jaipur,Rajasthan,North,Small,P011,Customized Carton Boxes,5-Ply Corrugated Box,Nos,40,53.59,0,2143.69,1318.62,825.07,Standard,2025-07-03,2025-07-07,2025-07-07,2025-07-06,In Production,Dispatched,Outstanding,98,2045.69,SP06,0.384883075,4,1,No
ORD00398,2025-10-04,CUST080,Vertex Industries,FMCG,Chennai,Tamil Nadu,South,Small,P005,Stretch / Film Solutions,Stretch Film Roll,Roll,7,579.87,0.05,4059.06,2510.23,1548.83,Scheduled,2025-10-10,2025-10-12,2025-10-14,2025-10-17,Completed,Dispatched,Partially Paid,2386.94,1672.12,SP02,0.381573566,2,0,Yes
ORD00399,2025-04-24,CUST098,Prime Pvt Ltd,Engineering,Chennai,Tamil Nadu,South,Large,P006,Stretch / Film Solutions,Shrink Film Roll,Roll,19,786.4,0.05,14941.57,9053.1,5888.47,Scheduled,2025-04-29,2025-05-02,2025-05-07,2025-05-01,Completed,Dispatched,Partially Paid,5738.03,9203.54,SP07,0.394099817,3,6,No
ORD00400,2025-12-24,CUST109,National Enterprises,FMCG,Pune,Maharashtra,West,Medium,P006,Stretch / Film Solutions,Shrink Film Roll,Roll,15,756.83,0.1,11352.39,7154.87,4197.52,Scheduled,2025-12-27,2026-01-03,2026-01-04,2026-01-05,Completed,Pending,Paid,11352.39,0,SP09,0.369747692,7,0,Yes
ORD00401,2025-05-07,CUST103,Apex Traders,Textiles,Coimbatore,Tamil Nadu,South,Small,P004,Protective Packaging,EPE Foam Roll,Roll,22,1414.08,0,31109.75,19351.67,11758.08,Express,2025-05-10,2025-05-11,2025-05-13,2025-05-18,In Production,Dispatched,Paid,31109.75,0,SP06,0.377954821,1,0,Yes
ORD00402,2025-04-08,CUST016,Shree Pvt Ltd,FMCG,Delhi,Delhi,North,Large,P003,Protective Packaging,Bubble Wrap Roll,Roll,50,871.51,0.1,43575.35,26527.09,17048.26,Standard,2025-04-12,2025-04-15,2025-04-19,2025-04-13,Completed,Dispatched,Paid,43575.35,0,SP08,0.39123633,3,6,No
ORD00403,2025-01-23,CUST047,Global Pvt Ltd,Logistics,Coimbatore,Tamil Nadu,South,Small,P008,Pallet Solutions,Plastic Pallet,Nos,42,2434.6,0.02,102253.13,69907.95,32345.18,Standard,2025-01-26,2025-01-28,2025-01-30,2025-01-30,In Production,Dispatched,Paid,102253.13,0,SP05,0.316324596,2,0,Yes
ORD00404,2025-01-08,CUST005,Apex Logistics,Electronics,Bhubaneswar,Odisha,East,Large,P001,Strapping Solutions,PP Strapping Roll,Meter,100,93.53,0,9352.71,5536.63,3816.08,Scheduled,2025-01-12,2025-01-18,2025-01-18,2025-01-17,Completed,Dispatched,Paid,9352.71,0,SP09,0.408018638,6,1,No
ORD00405,2025-05-13,CUST103,Apex Traders,Textiles,Coimbatore,Tamil Nadu,South,Small,P012,Customized Carton Boxes,7-Ply Corrugated Box,Nos,47,94.22,0.1,4428.33,2785.63,1642.7,Express,2025-05-19,2025-05-23,2025-05-27,2025-05-20,Completed,Dispatched,Paid,4428.33,0,SP03,0.370952481,4,7,No
ORD00406,2025-01-31,CUST101,Vertex Manufacturing,Electronics,Jaipur,Rajasthan,North,Medium,P011,Customized Carton Boxes,5-Ply Corrugated Box,Nos,11,61.37,0.02,675.06,374.29,300.77,Express,2025-02-04,2025-02-06,2025-02-12,2025-02-09,Completed,Dispatched,Partially Paid,265.4,409.66,SP11,0.445545581,2,3,No
ORD00407,2025-07-17,CUST044,Apex Industries,Automotive,Noida,Uttar Pradesh,North,Small,P007,Pallet Solutions,Wooden Pallet,Nos,7,983.69,0.03,6885.83,4127.2,2758.63,Scheduled,2025-07-20,2025-07-24,2025-07-28,2025-07-23,Completed,Dispatched,Paid,6885.83,0,SP08,0.40062418,4,5,No
ORD00408,2025-10-15,CUST092,Metro Industries,FMCG,Coimbatore,Tamil Nadu,South,Medium,P003,Protective Packaging,Bubble Wrap Roll,Roll,42,872.73,0.02,36654.47,21977.4,14677.07,Scheduled,2025-10-17,2025-10-18,2025-10-19,2025-10-28,Completed,Dispatched,Partially Paid,17988.74,18665.73,SP05,0.400416921,1,0,Yes
ORD00409,2025-05-01,CUST061,Apex Industries,Logistics,Ludhiana,Punjab,North,Large,P006,Stretch / Film Solutions,Shrink Film Roll,Roll,139,813.45,0.02,113069.47,64970.71,48098.76,Express,2025-05-07,2025-05-10,2025-05-10,2025-05-10,In Production,Dispatched,Partially Paid,49776.92,63292.55,SP07,0.425391222,3,0,Yes
ORD00410,2025-12-03,CUST020,Shree Industries,Electronics,Bengaluru,Karnataka,South,Large,P011,Customized Carton Boxes,5-Ply Corrugated Box,Nos,15,53.82,0,807.23,529.87,277.36,Scheduled,2025-12-06,2025-12-07,2025-12-10,2025-12-16,Completed,Dispatched,Paid,807.23,0,SP03,0.343594762,1,0,Yes
ORD00411,2025-08-07,CUST076,Metro Manufacturing,Textiles,Delhi,Delhi,North,Large,P002,Strapping Solutions,PET Strapping Roll,Kg,205,127.09,0.05,26054.37,14571.09,11483.28,Standard,2025-08-11,2025-08-16,2025-08-18,2025-08-19,Completed,Dispatched,Paid,26054.37,0,SP05,0.440742954,5,0,Yes
ORD00412,2025-12-19,CUST094,Sunrise Traders,Engineering,Bhubaneswar,Odisha,East,Medium,P011,Customized Carton Boxes,5-Ply Corrugated Box,Nos,4,54.72,0.05,218.89,143.5,75.39,Scheduled,2025-12-25,2025-12-27,2025-12-30,2025-12-26,Completed,Dispatched,Paid,218.89,0,SP02,0.344419571,2,4,No
ORD00413,2025-04-05,CUST067,Metro Manufacturing,Textiles,Delhi,Delhi,North,Medium,P005,Stretch / Film Solutions,Stretch Film Roll,Roll,40,642.91,0.02,25716.56,15114.48,10602.08,Scheduled,2025-04-09,2025-04-16,2025-04-17,2025-04-10,In Production,Dispatched,Paid,25716.56,0,SP11,0.412266648,7,7,No
ORD00414,2025-05-21,CUST115,Metro Enterprises,Chemicals,Bhubaneswar,Odisha,East,Medium,P001,Strapping Solutions,PP Strapping Roll,Meter,100,97.07,0.08,9706.63,5447.38,4259.25,Standard,2025-05-24,2025-05-31,2025-06-03,2025-05-27,Completed,Dispatched,Paid,9706.63,0,SP04,0.438798017,7,7,No
ORD00415,2025-12-18,CUST042,National Manufacturing,FMCG,Surat,Gujarat,West,Medium,P005,Stretch / Film Solutions,Stretch Film Roll,Roll,38,615.63,0.03,23393.83,13164.33,10229.5,Express,2025-12-20,2025-12-23,2025-12-29,2025-12-30,Completed,Dispatched,Paid,23393.83,0,SP03,0.437273418,3,0,Yes
ORD00416,2025-03-25,CUST108,National Manufacturing,Pharmaceuticals,Jaipur,Rajasthan,North,Small,P013,Material Handling,Platform Trolley,Nos,6,8238.96,0,49433.79,34270.05,15163.74,Scheduled,2025-03-28,2025-03-30,2025-03-30,2025-04-05,Completed,Dispatched,Paid,49433.79,0,SP04,0.306748481,2,0,Yes
ORD00417,2025-04-15,CUST044,Apex Industries,Automotive,Noida,Uttar Pradesh,North,Small,P011,Customized Carton Boxes,5-Ply Corrugated Box,Nos,33,62.95,0.03,2077.24,1183.54,893.7,Standard,2025-04-17,2025-04-19,2025-04-22,2025-04-29,Completed,Dispatched,Paid,2077.24,0,SP10,0.430234349,2,0,Yes
ORD00418,2025-07-14,CUST043,Om Logistics,Electronics,Mumbai,Maharashtra,West,Large,P007,Pallet Solutions,Wooden Pallet,Nos,351,1041.28,0.05,365489.85,211198.36,154291.49,Express,2025-07-18,2025-07-22,2025-07-26,2025-07-28,Completed,Dispatched,Outstanding,5993.1,359496.75,SP01,0.422149863,4,0,Yes
ORD00419,2025-05-06,CUST077,Shree Industries,FMCG,Vijayawada,Andhra Pradesh,South,Large,P005,Stretch / Film Solutions,Stretch Film Roll,Roll,14,636.69,0.03,8913.6,5048.52,3865.08,Express,2025-05-12,2025-05-17,2025-05-20,2025-05-11,Completed,Dispatched,Paid,8913.6,0,SP07,0.433616047,5,9,No
ORD00420,2025-06-05,CUST028,United Logistics,Textiles,Bhubaneswar,Odisha,East,Large,P007,Pallet Solutions,Wooden Pallet,Nos,14,995.93,0.05,13943.03,8784.37,5158.66,Express,2025-06-09,2025-06-13,2025-06-14,2025-06-16,In Production,Dispatched,Partially Paid,9508.55,4434.48,SP02,0.369981274,4,0,Yes
ORD00421,2025-09-14,CUST056,National Enterprises,Automotive,Vijayawada,Andhra Pradesh,South,Small,P001,Strapping Solutions,PP Strapping Roll,Meter,100,92.18,0.05,9217.52,5342.21,3875.31,Standard,2025-09-16,2025-09-18,2025-09-27,2025-09-27,Completed,Dispatched,Paid,9217.52,0,SP05,0.420428705,2,0,Yes
ORD00422,2025-06-15,CUST040,National Pvt Ltd,Textiles,Coimbatore,Tamil Nadu,South,Medium,P002,Strapping Solutions,PET Strapping Roll,Kg,80,134.44,0,10755.09,5904.19,4850.9,Scheduled,2025-06-18,2025-06-24,2025-06-29,2025-06-21,Completed,Dispatched,Paid,10755.09,0,SP10,0.451032953,6,8,No
ORD00423,2025-03-23,CUST055,National Manufacturing,Retail,Ahmedabad,Gujarat,West,Medium,P012,Customized Carton Boxes,7-Ply Corrugated Box,Nos,68,87.87,0.05,5975.18,3681.5,2293.68,Standard,2025-03-28,2025-04-02,2025-04-05,2025-03-28,In Production,Dispatched,Paid,5975.18,0,SP03,0.383867934,5,8,No
ORD00424,2025-12-31,CUST077,Shree Industries,FMCG,Vijayawada,Andhra Pradesh,South,Large,P006,Stretch / Film Solutions,Shrink Film Roll,Roll,11,814.78,0.05,8962.61,5041.44,3921.17,Standard,2026-01-02,2026-01-06,2026-01-08,2026-01-09,Pending,Pending,Paid,8962.61,0,SP01,0.437503138,4,0,Yes
ORD00425,2025-11-15,CUST105,United Pvt Ltd,Electronics,Hyderabad,Telangana,South,Large,P005,Stretch / Film Solutions,Stretch Film Roll,Roll,18,575.16,0.08,10352.92,6697.69,3655.23,Standard,2025-11-19,2025-11-20,2025-11-23,2025-11-27,Completed,Dispatched,Paid,10352.92,0,SP10,0.353062711,1,0,Yes
ORD00426,2025-12-04,CUST054,Prime Industries,Chemicals,Coimbatore,Tamil Nadu,South,Small,P005,Stretch / Film Solutions,Stretch Film Roll,Roll,12,636.15,0,7633.79,4493.19,3140.6,Standard,2025-12-09,2025-12-13,2025-12-22,2025-12-16,Completed,Dispatched,Outstanding,944.97,6688.82,SP03,0.411407702,4,6,No
ORD00427,2025-03-17,CUST088,United Manufacturing,Electronics,Pune,Maharashtra,West,Medium,P005,Stretch / Film Solutions,Stretch Film Roll,Roll,116,634.75,0.05,73631.53,41313.3,32318.23,Standard,2025-03-19,2025-03-25,2025-03-27,2025-03-22,Completed,Dispatched,Paid,73631.53,0,SP01,0.438918355,6,5,No
ORD00428,2025-02-25,CUST019,Apex Manufacturing,Automotive,Ludhiana,Punjab,North,Medium,P011,Customized Carton Boxes,5-Ply Corrugated Box,Nos,9,58.03,0.1,522.26,311.18,211.08,Express,2025-03-02,2025-03-04,2025-03-05,2025-03-06,Completed,Dispatched,Paid,522.26,0,SP12,0.404166507,2,0,Yes
ORD00429,2025-10-24,CUST110,Om Manufacturing,Retail,Chennai,Tamil Nadu,South,Medium,P001,Strapping Solutions,PP Strapping Roll,Meter,900,93.2,0,83875.96,50683.9,33192.06,Express,2025-10-28,2025-10-29,2025-10-29,2025-11-02,In Production,Dispatched,Partially Paid,47825.1,36050.86,SP08,0.39572793,1,0,Yes
ORD00430,2025-03-10,CUST058,Sunrise Pvt Ltd,Chemicals,Jaipur,Rajasthan,North,Large,P008,Pallet Solutions,Plastic Pallet,Nos,6,2620.35,0.03,15722.09,9754.12,5967.97,Scheduled,2025-03-12,2025-03-18,2025-03-20,2025-03-20,Completed,Dispatched,Partially Paid,9095.97,6626.12,SP09,0.37959139,6,0,Yes
ORD00431,2025-02-14,CUST025,Global Logistics,Logistics,Noida,Uttar Pradesh,North,Small,P009,Packaging Tools & Equipment,Manual Strapping Tool,Nos,16,3079.52,0.05,49272.29,36573.91,12698.38,Scheduled,2025-02-19,2025-02-25,2025-03-01,2025-02-23,In Production,Dispatched,Paid,49272.29,0,SP10,0.257718486,6,6,No
ORD00432,2025-09-12,CUST058,Sunrise Pvt Ltd,Chemicals,Jaipur,Rajasthan,North,Large,P003,Protective Packaging,Bubble Wrap Roll,Roll,44,779.7,0.03,34306.88,23260.68,11046.2,Standard,2025-09-18,2025-09-24,2025-09-27,2025-09-24,In Production,Dispatched,Paid,34306.88,0,SP01,0.321982063,6,3,No
ORD00433,2025-08-27,CUST094,Sunrise Traders,Engineering,Bhubaneswar,Odisha,East,Medium,P005,Stretch / Film Solutions,Stretch Film Roll,Roll,12,672.23,0.03,8066.72,4569.1,3497.62,Scheduled,2025-08-29,2025-09-04,2025-09-05,2025-09-10,Completed,Dispatched,Paid,8066.72,0,SP04,0.43358639,6,0,Yes
ORD00434,2025-12-20,CUST010,Metro Logistics,Textiles,Chandigarh,Chandigarh,North,Small,P001,Strapping Solutions,PP Strapping Roll,Meter,200,104.9,0.03,20980.62,10843.73,10136.89,Scheduled,2025-12-24,2025-12-27,2025-12-27,2025-12-29,Completed,Dispatched,Partially Paid,10666.96,10313.66,SP10,0.483154931,3,0,Yes
ORD00435,2025-01-15,CUST017,Global Logistics,Electronics,Patna,Bihar,East,Small,P004,Protective Packaging,EPE Foam Roll,Roll,8,1590.8,0,12726.38,7129.54,5596.84,Standard,2025-01-18,2025-01-20,2025-01-22,2025-01-25,Completed,Dispatched,Paid,12726.38,0,SP11,0.439782562,2,0,Yes
ORD00436,2025-08-24,CUST005,Apex Logistics,Electronics,Bhubaneswar,Odisha,East,Large,P014,Material Handling,Hand Pallet Truck,Nos,39,17081.32,0.05,666171.41,539070.86,127100.55,Scheduled,2025-08-30,2025-09-02,2025-09-05,2025-09-04,Completed,Dispatched,Paid,666171.41,0,SP01,0.190792562,3,1,No
ORD00437,2025-04-17,CUST111,National Manufacturing,Automotive,Bengaluru,Karnataka,South,Small,P008,Pallet Solutions,Plastic Pallet,Nos,18,2339.78,0.03,42116.09,28836.14,13279.95,Standard,2025-04-23,2025-04-29,2025-05-04,2025-04-27,Completed,Dispatched,Paid,42116.09,0,SP10,0.315317732,6,7,No
ORD00438,2025-11-07,CUST004,Prime Manufacturing,Electronics,Mumbai,Maharashtra,West,Large,P009,Packaging Tools & Equipment,Manual Strapping Tool,Nos,90,3207.93,0,288713.97,200262.84,88451.13,Express,2025-11-12,2025-11-14,2025-11-18,2025-11-13,Completed,Dispatched,Partially Paid,148845.86,139868.11,SP04,0.306362487,2,5,No
ORD00439,2025-07-10,CUST120,Prime Manufacturing,Pharmaceuticals,Coimbatore,Tamil Nadu,South,Small,P004,Protective Packaging,EPE Foam Roll,Roll,26,1530.39,0.1,39790.14,23026.21,16763.93,Express,2025-07-15,2025-07-22,2025-07-24,2025-07-18,Completed,Dispatched,Paid,39790.14,0,SP09,0.421308646,7,6,No
ORD00440,2025-01-13,CUST110,Om Manufacturing,Retail,Chennai,Tamil Nadu,South,Medium,P008,Pallet Solutions,Plastic Pallet,Nos,17,2411.5,0.02,40995.42,29253.49,11741.93,Standard,2025-01-18,2025-01-23,2025-01-24,2025-01-21,Completed,Dispatched,Outstanding,4731.78,36263.64,SP09,0.286420532,5,3,No
ORD00441,2025-12-13,CUST012,Shree Pvt Ltd,Engineering,Coimbatore,Tamil Nadu,South,Large,P003,Protective Packaging,Bubble Wrap Roll,Roll,18,905.78,0.05,16304.12,9190.48,7113.64,Scheduled,2025-12-16,2025-12-18,2025-12-18,2025-12-25,In Production,Dispatched,Paid,16304.12,0,SP02,0.43630935,2,0,Yes
ORD00442,2025-06-20,CUST092,Metro Industries,FMCG,Coimbatore,Tamil Nadu,South,Medium,P009,Packaging Tools & Equipment,Manual Strapping Tool,Nos,19,3042.68,0.1,57810.88,42828.06,14982.82,Standard,2025-06-25,2025-06-26,2025-06-26,2025-07-03,Completed,Dispatched,Paid,57810.88,0,SP06,0.259169554,1,0,Yes
ORD00443,2025-04-13,CUST061,Apex Industries,Logistics,Ludhiana,Punjab,North,Large,P009,Packaging Tools & Equipment,Manual Strapping Tool,Nos,19,3313.12,0.03,62949.29,41049.49,21899.8,Standard,2025-04-16,2025-04-19,2025-04-21,2025-04-26,Completed,Dispatched,Paid,62949.29,0,SP01,0.347895902,3,0,Yes
ORD00444,2025-11-15,CUST045,Apex Traders,FMCG,Ahmedabad,Gujarat,West,Large,P011,Customized Carton Boxes,5-Ply Corrugated Box,Nos,10,64.19,0,641.92,338.25,303.67,Standard,2025-11-21,2025-11-26,2025-11-26,2025-11-23,Completed,Dispatched,Paid,641.92,0,SP03,0.473065179,5,3,No
ORD00445,2025-02-06,CUST115,Metro Enterprises,Chemicals,Bhubaneswar,Odisha,East,Medium,P011,Customized Carton Boxes,5-Ply Corrugated Box,Nos,5,63.04,0.08,315.2,175.92,139.28,Express,2025-02-10,2025-02-15,2025-02-17,2025-02-19,Completed,Dispatched,Paid,315.2,0,SP01,0.441878173,5,0,Yes
ORD00446,2025-02-14,CUST103,Apex Traders,Textiles,Coimbatore,Tamil Nadu,South,Small,P005,Stretch / Film Solutions,Stretch Film Roll,Roll,8,626.72,0.05,5013.76,2797.06,2216.7,Standard,2025-02-19,2025-02-23,2025-02-24,2025-02-28,Completed,Dispatched,Partially Paid,2421.31,2592.45,SP12,0.442123277,4,0,Yes
ORD00447,2025-12-10,CUST005,Apex Logistics,Electronics,Bhubaneswar,Odisha,East,Large,P003,Protective Packaging,Bubble Wrap Roll,Roll,36,780.31,0.02,28091.2,19336.32,8754.88,Standard,2025-12-16,2025-12-17,2025-12-25,2025-12-24,Completed,Dispatched,Paid,28091.2,0,SP04,0.311659167,1,1,No
ORD00448,2025-03-15,CUST104,Om Logistics,Engineering,Chennai,Tamil Nadu,South,Medium,P004,Protective Packaging,EPE Foam Roll,Roll,8,1564.87,0.05,12518.96,6901.36,5617.6,Express,2025-03-21,2025-03-24,2025-03-26,2025-03-26,In Production,Dispatched,Paid,12518.96,0,SP01,0.44872737,3,0,Yes
ORD00449,2025-02-03,CUST019,Apex Manufacturing,Automotive,Ludhiana,Punjab,North,Medium,P008,Pallet Solutions,Plastic Pallet,Nos,19,2428.99,0.02,46150.74,31465.61,14685.13,Scheduled,2025-02-08,2025-02-09,2025-02-11,2025-02-15,Completed,Dispatched,Partially Paid,18052.92,28097.82,SP02,0.318199231,1,0,Yes
ORD00450,2025-06-16,CUST092,Metro Industries,FMCG,Coimbatore,Tamil Nadu,South,Medium,P009,Packaging Tools & Equipment,Manual Strapping Tool,Nos,17,3284.59,0.05,55837.99,37854.2,17983.79,Standard,2025-06-22,2025-06-28,2025-06-28,2025-06-25,Completed,Dispatched,Paid,55837.99,0,SP08,0.32207087,6,3,No
ORD00451,2025-07-16,CUST057,Apex Enterprises,Textiles,Bengaluru,Karnataka,South,Medium,P013,Material Handling,Platform Trolley,Nos,17,7246.23,0,123185.93,90406.87,32779.06,Standard,2025-07-18,2025-07-21,2025-07-22,2025-07-30,Pending,Dispatched,Paid,123185.93,0,SP03,0.266094188,3,0,Yes
ORD00452,2025-12-06,CUST105,United Pvt Ltd,Electronics,Hyderabad,Telangana,South,Large,P012,Customized Carton Boxes,7-Ply Corrugated Box,Nos,72,85.79,0,6176.55,3924.76,2251.79,Express,2025-12-08,2025-12-14,2025-12-24,2025-12-18,Completed,Dispatched,Paid,6176.55,0,SP07,0.364570836,6,6,No
ORD00453,2025-02-05,CUST098,Prime Pvt Ltd,Engineering,Chennai,Tamil Nadu,South,Large,P006,Stretch / Film Solutions,Shrink Film Roll,Roll,19,755.9,0.05,14362.19,8714.45,5647.74,Scheduled,2025-02-11,2025-02-12,2025-02-16,2025-02-16,Completed,Dispatched,Paid,14362.19,0,SP01,0.393236686,1,0,Yes
ORD00454,2025-03-17,CUST097,Vertex Pvt Ltd,Electronics,Kochi,Kerala,South,Medium,P005,Stretch / Film Solutions,Stretch Film Roll,Roll,17,628.63,0.03,10686.68,6084.06,4602.62,Scheduled,2025-03-20,2025-03-24,2025-03-28,2025-03-26,Completed,Dispatched,Paid,10686.68,0,SP11,0.430687547,4,2,No
ORD00455,2025-06-05,CUST005,Apex Logistics,Electronics,Bhubaneswar,Odisha,East,Large,P006,Stretch / Film Solutions,Shrink Film Roll,Roll,25,867.88,0.02,21696.92,11197.57,10499.35,Express,2025-06-10,2025-06-16,2025-06-18,2025-06-11,Completed,Dispatched,Paid,21696.92,0,SP01,0.483909698,6,7,No
ORD00456,2025-07-09,CUST072,United Logistics,Textiles,Bhopal,Madhya Pradesh,Central,Large,P002,Strapping Solutions,PET Strapping Roll,Kg,250,124.07,0.02,31018.3,18395.96,12622.34,Scheduled,2025-07-15,2025-07-16,2025-07-16,2025-07-22,Completed,Dispatched,Outstanding,2008.66,29009.64,SP07,0.406932037,1,0,Yes
ORD00457,2025-11-17,CUST070,National Logistics,Textiles,Coimbatore,Tamil Nadu,South,Small,P005,Stretch / Film Solutions,Stretch Film Roll,Roll,5,586.07,0,2930.34,1760.52,1169.82,Express,2025-11-21,2025-11-27,2025-11-30,2025-11-28,Completed,Dispatched,Partially Paid,1676.65,1253.69,SP07,0.399209648,6,2,No
ORD00458,2025-03-20,CUST013,Prime Industries,Electronics,Delhi,Delhi,North,Medium,P008,Pallet Solutions,Plastic Pallet,Nos,18,2609.05,0,46962.9,29382.79,17580.11,Scheduled,2025-03-24,2025-03-31,2025-04-03,2025-03-27,Completed,Dispatched,Outstanding,596.41,46366.49,SP07,0.374340384,7,7,No
ORD00459,2025-08-22,CUST109,National Enterprises,FMCG,Pune,Maharashtra,West,Medium,P005,Stretch / Film Solutions,Stretch Film Roll,Roll,18,671.5,0.02,12087.07,6867.99,5219.08,Scheduled,2025-08-28,2025-09-01,2025-09-05,2025-08-29,Completed,Dispatched,Partially Paid,5128.74,6958.33,SP01,0.431790335,4,7,No
ORD00460,2025-10-23,CUST066,Om Logistics,Engineering,Kolkata,West Bengal,East,Medium,P001,Strapping Solutions,PP Strapping Roll,Meter,410,101.96,0.08,41803.56,22627.57,19175.99,Express,2025-10-28,2025-11-04,2025-11-05,2025-11-05,In Production,Dispatched,Paid,41803.56,0,SP12,0.458716674,7,0,Yes
ORD00461,2025-07-08,CUST047,Global Pvt Ltd,Logistics,Coimbatore,Tamil Nadu,South,Small,P007,Pallet Solutions,Wooden Pallet,Nos,7,915.64,0.02,6409.45,4112.18,2297.27,Scheduled,2025-07-10,2025-07-15,2025-07-18,2025-07-14,Completed,Dispatched,Outstanding,497,5912.45,SP10,0.358419209,5,4,No
ORD00462,2025-02-15,CUST117,National Pvt Ltd,Textiles,Gurugram,Haryana,North,Large,P011,Customized Carton Boxes,5-Ply Corrugated Box,Nos,7,53.96,0.1,377.69,237.66,140.03,Standard,2025-02-18,2025-02-22,2025-02-22,2025-02-28,Completed,Dispatched,Paid,377.69,0,SP08,0.370753793,4,0,Yes
ORD00463,2025-08-21,CUST073,Vertex Industries,Chemicals,Patna,Bihar,East,Medium,P010,Packaging Tools & Equipment,Battery Strapping Machine,Nos,43,35155.93,0.05,1511705.13,1212109.57,299595.56,Scheduled,2025-08-27,2025-08-31,2025-09-04,2025-08-31,Pending,Dispatched,Partially Paid,949381.76,562323.37,SP12,0.198183861,4,4,No
ORD00464,2025-06-05,CUST035,United Industries,FMCG,Ludhiana,Punjab,North,Medium,P005,Stretch / Film Solutions,Stretch Film Roll,Roll,5,569.15,0.02,2845.74,1755.17,1090.57,Express,2025-06-11,2025-06-14,2025-06-14,2025-06-17,Completed,Dispatched,Paid,2845.74,0,SP02,0.383228967,3,0,Yes
ORD00465,2025-03-06,CUST112,National Manufacturing,Chemicals,Chennai,Tamil Nadu,South,Medium,P001,Strapping Solutions,PP Strapping Roll,Meter,120,99.78,0.08,11973.22,6423.53,5549.69,Standard,2025-03-12,2025-03-13,2025-03-19,2025-03-15,Completed,Dispatched,Paid,11973.22,0,SP10,0.463508563,1,4,No
ORD00466,2025-03-19,CUST076,Metro Manufacturing,Textiles,Delhi,Delhi,North,Large,P005,Stretch / Film Solutions,Stretch Film Roll,Roll,5,669.3,0.1,3346.52,1826.13,1520.39,Standard,2025-03-24,2025-03-27,2025-03-28,2025-03-28,Completed,Dispatched,Paid,3346.52,0,SP03,0.454319711,3,0,Yes
ORD00467,2025-11-01,CUST089,Shree Manufacturing,Electronics,Chandigarh,Chandigarh,North,Small,P001,Strapping Solutions,PP Strapping Roll,Meter,100,90.9,0.03,9090.38,5551.78,3538.6,Scheduled,2025-11-04,2025-11-11,2025-11-14,2025-11-12,Completed,Dispatched,Paid,9090.38,0,SP12,0.389268655,7,2,No
ORD00468,2025-06-26,CUST033,Om Manufacturing,Pharmaceuticals,Kochi,Kerala,South,Medium,P006,Stretch / Film Solutions,Shrink Film Roll,Roll,13,739.07,0.05,9607.9,6193.72,3414.18,Express,2025-06-28,2025-07-04,2025-07-11,2025-07-02,Completed,Dispatched,Paid,9607.9,0,SP11,0.355351325,6,9,No
ORD00469,2025-12-28,CUST089,Shree Manufacturing,Electronics,Chandigarh,Chandigarh,North,Small,P005,Stretch / Film Solutions,Stretch Film Roll,Roll,52,617.52,0.08,32110.82,18066.77,14044.05,Scheduled,2026-01-02,2026-01-06,2026-01-08,2026-01-04,Completed,Pending,Paid,32110.82,0,SP06,0.437361923,4,4,No
ORD00470,2025-09-29,CUST110,Om Manufacturing,Retail,Chennai,Tamil Nadu,South,Medium,P010,Packaging Tools & Equipment,Battery Strapping Machine,Nos,4,41304.86,0,165219.44,110440.88,54778.56,Standard,2025-10-01,2025-10-02,2025-10-06,2025-10-09,Completed,Dispatched,Outstanding,6699.47,158519.97,SP05,0.331550331,1,0,Yes
ORD00471,2025-12-02,CUST081,Vertex Industries,Engineering,Indore,Madhya Pradesh,Central,Large,P003,Protective Packaging,Bubble Wrap Roll,Roll,6,914.59,0.05,5487.53,3171.83,2315.7,Scheduled,2025-12-08,2025-12-12,2025-12-15,2025-12-10,Completed,Dispatched,Paid,5487.53,0,SP01,0.421993137,4,5,No
ORD00472,2025-12-11,CUST003,Prime Logistics,Retail,Coimbatore,Tamil Nadu,South,Small,P006,Stretch / Film Solutions,Shrink Film Roll,Roll,16,830.67,0.08,13290.68,7437.91,5852.77,Standard,2025-12-13,2025-12-20,2025-12-20,2025-12-16,Completed,Dispatched,Partially Paid,6157.82,7132.86,SP01,0.440366482,7,4,No
ORD00473,2025-01-13,CUST095,Vertex Industries,Retail,Bhubaneswar,Odisha,East,Large,P005,Stretch / Film Solutions,Stretch Film Roll,Roll,22,585.31,0.02,12876.78,8348.58,4528.2,Standard,2025-01-19,2025-01-20,2025-01-20,2025-01-27,In Production,Dispatched,Outstanding,1850,11026.78,SP10,0.351656237,1,0,Yes
ORD00474,2025-03-08,CUST096,Shree Industries,Retail,Delhi,Delhi,North,Small,P001,Strapping Solutions,PP Strapping Roll,Meter,120,96.1,0.05,11532.41,6471.13,5061.28,Express,2025-03-13,2025-03-19,2025-03-23,2025-03-15,Completed,Dispatched,Paid,11532.41,0,SP05,0.438874442,6,8,No
ORD00475,2025-08-07,CUST060,Om Pvt Ltd,Chemicals,Pune,Maharashtra,West,Small,P001,Strapping Solutions,PP Strapping Roll,Meter,190,101.55,0.05,19294.85,10447.4,8847.45,Express,2025-08-11,2025-08-14,2025-08-15,2025-08-13,Completed,Dispatched,Paid,19294.85,0,SP03,0.458539455,3,2,No
ORD00476,2025-08-14,CUST099,Prime Pvt Ltd,Textiles,Ludhiana,Punjab,North,Large,P001,Strapping Solutions,PP Strapping Roll,Meter,260,94.6,0.05,24596.7,14106.52,10490.18,Scheduled,2025-08-16,2025-08-20,2025-08-21,2025-08-28,Completed,Dispatched,Paid,24596.7,0,SP11,0.426487293,4,0,Yes
ORD00477,2025-02-24,CUST047,Global Pvt Ltd,Logistics,Coimbatore,Tamil Nadu,South,Small,P002,Strapping Solutions,PET Strapping Roll,Kg,105,134.84,0,14157.77,7779.9,6377.87,Standard,2025-03-01,2025-03-07,2025-03-11,2025-03-02,Completed,Dispatched,Paid,14157.77,0,SP11,0.450485493,6,9,No
ORD00478,2025-11-24,CUST081,Vertex Industries,Engineering,Indore,Madhya Pradesh,Central,Large,P001,Strapping Solutions,PP Strapping Roll,Meter,370,87.9,0.05,32524.01,20820.04,11703.97,Express,2025-11-26,2025-11-27,2025-11-30,2025-12-03,Completed,Dispatched,Paid,32524.01,0,SP08,0.359856303,1,0,Yes
ORD00479,2025-08-12,CUST002,Global Pvt Ltd,FMCG,Noida,Uttar Pradesh,North,Large,P006,Stretch / Film Solutions,Shrink Film Roll,Roll,23,822.6,0.03,18919.83,11050.91,7868.92,Express,2025-08-17,2025-08-24,2025-08-24,2025-08-25,Completed,Dispatched,Partially Paid,10914.8,8005.03,SP06,0.4159086,7,0,Yes
ORD00480,2025-12-16,CUST031,United Industries,Textiles,Bhopal,Madhya Pradesh,Central,Large,P006,Stretch / Film Solutions,Shrink Film Roll,Roll,36,769.16,0.02,27689.7,16249.53,11440.17,Express,2025-12-20,2025-12-24,2025-12-24,2025-12-22,In Production,Dispatched,Paid,27689.7,0,SP11,0.413156156,4,2,No
ORD00481,2025-04-14,CUST116,United Manufacturing,Logistics,Coimbatore,Tamil Nadu,South,Medium,P007,Pallet Solutions,Wooden Pallet,Nos,108,999.81,0.05,107979.53,68103.83,39875.7,Standard,2025-04-17,2025-04-22,2025-04-22,2025-04-25,Completed,Dispatched,Paid,107979.53,0,SP11,0.369289438,5,0,Yes
ORD00482,2025-08-13,CUST110,Om Manufacturing,Retail,Chennai,Tamil Nadu,South,Medium,P011,Customized Carton Boxes,5-Ply Corrugated Box,Nos,42,54.55,0.03,2291.21,1411.66,879.55,Express,2025-08-16,2025-08-18,2025-08-24,2025-08-21,Completed,Dispatched,Paid,2291.21,0,SP08,0.383880133,2,3,No
ORD00483,2025-10-01,CUST090,Sunrise Traders,Textiles,Delhi,Delhi,North,Small,P006,Stretch / Film Solutions,Shrink Film Roll,Roll,58,825.03,0.03,47851.94,25995.72,21856.22,Scheduled,2025-10-06,2025-10-07,2025-10-09,2025-10-11,Completed,Dispatched,Paid,47851.94,0,SP09,0.45674679,1,0,Yes
ORD00484,2025-03-18,CUST112,National Manufacturing,Chemicals,Chennai,Tamil Nadu,South,Medium,P013,Material Handling,Platform Trolley,Nos,26,8433.45,0.05,219269.82,146441.71,72828.11,Scheduled,2025-03-24,2025-03-26,2025-03-26,2025-03-23,Completed,Dispatched,Paid,219269.82,0,SP11,0.332139234,2,3,No
ORD00485,2025-03-08,CUST101,Vertex Manufacturing,Electronics,Jaipur,Rajasthan,North,Medium,P012,Customized Carton Boxes,7-Ply Corrugated Box,Nos,13,96.58,0.02,1255.5,742.41,513.09,Standard,2025-03-10,2025-03-12,2025-03-12,2025-03-17,Completed,Dispatched,Paid,1255.5,0,SP02,0.408673835,2,0,Yes
ORD00486,2025-09-12,CUST096,Shree Industries,Retail,Delhi,Delhi,North,Small,P012,Customized Carton Boxes,7-Ply Corrugated Box,Nos,6,86.79,0.05,520.73,347.71,173.02,Scheduled,2025-09-18,2025-09-25,2025-10-02,2025-09-20,Completed,Dispatched,Partially Paid,207.42,313.31,SP10,0.332264321,7,12,No
ORD00487,2025-10-07,CUST119,National Traders,Engineering,Jaipur,Rajasthan,North,Medium,P001,Strapping Solutions,PP Strapping Roll,Meter,140,101.59,0.08,14222.01,7441.17,6780.84,Scheduled,2025-10-10,2025-10-13,2025-10-14,2025-10-12,Completed,Dispatched,Paid,14222.01,0,SP06,0.476784927,3,2,No
ORD00488,2025-10-11,CUST004,Prime Manufacturing,Electronics,Mumbai,Maharashtra,West,Large,P008,Pallet Solutions,Plastic Pallet,Nos,11,2435.34,0.05,26788.75,18479.33,8309.42,Express,2025-10-14,2025-10-18,2025-10-21,2025-10-25,In Production,Dispatched,Paid,26788.75,0,SP02,0.310183193,4,0,Yes
ORD00489,2025-01-04,CUST038,Global Manufacturing,Logistics,Coimbatore,Tamil Nadu,South,Large,P009,Packaging Tools & Equipment,Manual Strapping Tool,Nos,40,3004.38,0.05,120175.25,87962.51,32212.74,Standard,2025-01-06,2025-01-08,2025-01-08,2025-01-18,Completed,Dispatched,Partially Paid,48161.07,72014.18,SP11,0.268048038,2,0,Yes
ORD00490,2025-05-19,CUST105,United Pvt Ltd,Electronics,Hyderabad,Telangana,South,Large,P001,Strapping Solutions,PP Strapping Roll,Meter,170,97.52,0.03,16579.19,9318.96,7260.23,Standard,2025-05-25,2025-05-29,2025-06-01,2025-05-27,Completed,Dispatched,Paid,16579.19,0,SP11,0.437912226,4,5,No
ORD00491,2025-06-04,CUST101,Vertex Manufacturing,Electronics,Jaipur,Rajasthan,North,Medium,P003,Protective Packaging,Bubble Wrap Roll,Roll,26,874.89,0.03,22747.17,13233.97,9513.2,Scheduled,2025-06-08,2025-06-12,2025-06-12,2025-06-17,Completed,Dispatched,Paid,22747.17,0,SP09,0.418214661,4,0,Yes
ORD00492,2025-04-23,CUST035,United Industries,FMCG,Ludhiana,Punjab,North,Medium,P006,Stretch / Film Solutions,Shrink Film Roll,Roll,42,805.01,0.02,33810.59,20129.58,13681.01,Standard,2025-04-28,2025-05-05,2025-05-08,2025-05-02,In Production,Dispatched,Partially Paid,13994.33,19816.26,SP01,0.404636831,7,6,No
ORD00493,2025-11-27,CUST031,United Industries,Textiles,Bhopal,Madhya Pradesh,Central,Large,P004,Protective Packaging,EPE Foam Roll,Roll,21,1377.5,0.02,28927.56,19275.74,9651.82,Scheduled,2025-12-01,2025-12-04,2025-12-05,2025-12-08,Completed,Dispatched,Outstanding,3212.77,25714.79,SP03,0.333654826,3,0,Yes
ORD00494,2025-03-22,CUST072,United Logistics,Textiles,Bhopal,Madhya Pradesh,Central,Large,P001,Strapping Solutions,PP Strapping Roll,Meter,990,102.1,0.05,101077.35,53618.01,47459.34,Scheduled,2025-03-24,2025-03-28,2025-04-04,2025-03-28,Completed,Dispatched,Paid,101077.35,0,SP11,0.469534866,4,7,No
ORD00495,2025-06-16,CUST092,Metro Industries,FMCG,Coimbatore,Tamil Nadu,South,Medium,P011,Customized Carton Boxes,5-Ply Corrugated Box,Nos,51,64.39,0,3283.78,1700.3,1583.48,Standard,2025-06-19,2025-06-26,2025-06-26,2025-06-26,Completed,Dispatched,Paid,3283.78,0,SP08,0.482212572,7,0,Yes
ORD00496,2025-10-27,CUST072,United Logistics,Textiles,Bhopal,Madhya Pradesh,Central,Large,P005,Stretch / Film Solutions,Stretch Film Roll,Roll,49,615.48,0,30158.46,18309.84,11848.62,Scheduled,2025-11-01,2025-11-02,2025-11-05,2025-11-03,Completed,Dispatched,Paid,30158.46,0,SP04,0.392878814,1,2,No
ORD00497,2025-11-20,CUST017,Global Logistics,Electronics,Patna,Bihar,East,Small,P005,Stretch / Film Solutions,Stretch Film Roll,Roll,28,565.08,0.05,15822.23,10377.23,5445,Express,2025-11-24,2025-11-27,2025-12-04,2025-11-30,Completed,Dispatched,Paid,15822.23,0,SP03,0.344136067,3,4,No
ORD00498,2025-06-25,CUST082,Global Enterprises,Pharmaceuticals,Coimbatore,Tamil Nadu,South,Small,P003,Protective Packaging,Bubble Wrap Roll,Roll,10,796.26,0.08,7962.58,5344.28,2618.3,Standard,2025-06-28,2025-07-01,2025-07-05,2025-07-02,Completed,Dispatched,Paid,7962.58,0,SP02,0.328825582,3,3,No
ORD00499,2025-07-30,CUST001,Prime Industries,Textiles,Patna,Bihar,East,Small,P009,Packaging Tools & Equipment,Manual Strapping Tool,Nos,7,3259.15,0,22814.06,16102.27,6711.79,Express,2025-08-05,2025-08-09,2025-08-10,2025-08-13,Completed,Dispatched,Paid,22814.06,0,SP07,0.294195334,4,0,Yes
ORD00500,2025-10-24,CUST061,Apex Industries,Logistics,Ludhiana,Punjab,North,Large,P002,Strapping Solutions,PET Strapping Roll,Kg,130,136.76,0.08,17779.32,9808.54,7970.78,Express,2025-10-27,2025-11-01,2025-11-02,2025-11-07,Completed,Dispatched,Paid,17779.32,0,SP09,0.448317483,5,0,Yes
ORD00501,2025-07-21,CUST069,United Logistics,FMCG,Mumbai,Maharashtra,West,Small,P003,Protective Packaging,Bubble Wrap Roll,Roll,105,816.3,0.1,85711.28,55397.48,30313.8,Express,2025-07-26,2025-08-02,2025-08-02,2025-08-02,Completed,Dispatched,Partially Paid,34548.91,51162.37,SP04,0.353673402,7,0,Yes
ORD00502,2025-11-28,CUST043,Om Logistics,Electronics,Mumbai,Maharashtra,West,Large,P002,Strapping Solutions,PET Strapping Roll,Kg,50,124.9,0.05,6245.23,3537.67,2707.56,Express,2025-11-30,2025-12-01,2025-12-04,2025-12-07,Completed,Dispatched,Paid,6245.23,0,SP03,0.433540478,1,0,Yes
ORD00503,2025-12-27,CUST101,Vertex Manufacturing,Electronics,Jaipur,Rajasthan,North,Medium,P008,Pallet Solutions,Plastic Pallet,Nos,12,2620.09,0.08,31441.02,19630.71,11810.31,Standard,2026-01-01,2026-01-03,2026-01-05,2026-01-08,Completed,Pending,Paid,31441.02,0,SP05,0.375633806,2,0,Yes
ORD00504,2025-08-07,CUST080,Vertex Industries,FMCG,Chennai,Tamil Nadu,South,Small,P012,Customized Carton Boxes,7-Ply Corrugated Box,Nos,8,89.46,0.05,715.66,471.85,243.81,Scheduled,2025-08-11,2025-08-17,2025-08-21,2025-08-20,Completed,Dispatched,Partially Paid,517.35,198.31,SP11,0.340678534,6,1,No
ORD00505,2025-07-06,CUST041,Metro Enterprises,Chemicals,Patna,Bihar,East,Medium,P005,Stretch / Film Solutions,Stretch Film Roll,Roll,8,639.95,0.02,5119.63,3047.02,2072.61,Standard,2025-07-08,2025-07-09,2025-07-12,2025-07-16,Completed,Dispatched,Paid,5119.63,0,SP09,0.404835896,1,0,Yes
ORD00506,2025-12-30,CUST032,Vertex Industries,Textiles,Bhopal,Madhya Pradesh,Central,Large,P013,Material Handling,Platform Trolley,Nos,33,7789.68,0.05,257059.28,174996.59,82062.69,Standard,2026-01-02,2026-01-04,2026-01-06,2026-01-07,Completed,Pending,Partially Paid,166576.13,90483.15,SP06,0.319236442,2,0,Yes
ORD00507,2025-06-30,CUST013,Prime Industries,Electronics,Delhi,Delhi,North,Medium,P007,Pallet Solutions,Wooden Pallet,Nos,10,1049.94,0.05,10499.4,6249.29,4250.11,Scheduled,2025-07-04,2025-07-09,2025-07-16,2025-07-09,Completed,Dispatched,Paid,10499.4,0,SP09,0.404795512,5,7,No
ORD00508,2025-12-14,CUST068,Shree Enterprises,Engineering,Indore,Madhya Pradesh,Central,Small,P012,Customized Carton Boxes,7-Ply Corrugated Box,Nos,5,96.64,0.08,483.22,280.03,203.19,Express,2025-12-20,2025-12-23,2025-12-26,2025-12-28,Completed,Dispatched,Partially Paid,341.52,141.7,SP02,0.420491702,3,0,Yes
ORD00509,2025-02-11,CUST071,Prime Manufacturing,Engineering,Chandigarh,Chandigarh,North,Medium,P006,Stretch / Film Solutions,Shrink Film Roll,Roll,38,735.07,0.02,27932.79,17387.94,10544.85,Scheduled,2025-02-16,2025-02-18,2025-02-24,2025-02-17,Completed,Dispatched,Paid,27932.79,0,SP01,0.37750794,2,7,No
ORD00510,2025-05-31,CUST046,Shree Pvt Ltd,Logistics,Noida,Uttar Pradesh,North,Small,P004,Protective Packaging,EPE Foam Roll,Roll,26,1501.28,0,39033.36,22320.27,16713.09,Standard,2025-06-05,2025-06-11,2025-06-15,2025-06-07,Completed,Dispatched,Partially Paid,14644.53,24388.83,SP09,0.428174515,6,8,No
ORD00511,2025-11-27,CUST020,Shree Industries,Electronics,Bengaluru,Karnataka,South,Large,P001,Strapping Solutions,PP Strapping Roll,Meter,240,100.41,0.03,24099.08,13148.19,10950.89,Scheduled,2025-12-01,2025-12-05,2025-12-09,2025-12-07,In Production,Dispatched,Paid,24099.08,0,SP08,0.454411123,4,2,No
ORD00512,2025-08-23,CUST031,United Industries,Textiles,Bhopal,Madhya Pradesh,Central,Large,P011,Customized Carton Boxes,5-Ply Corrugated Box,Nos,14,61.76,0.08,864.57,503.7,360.87,Express,2025-08-27,2025-09-01,2025-09-02,2025-09-01,Completed,Dispatched,Paid,864.57,0,SP05,0.417398244,5,1,No
ORD00513,2025-08-22,CUST082,Global Enterprises,Pharmaceuticals,Coimbatore,Tamil Nadu,South,Small,P005,Stretch / Film Solutions,Stretch Film Roll,Roll,17,678.08,0.08,11527.35,6469.6,5057.75,Standard,2025-08-25,2025-08-30,2025-08-31,2025-09-04,Pending,Dispatched,Partially Paid,5131.54,6395.81,SP06,0.43876086,5,0,Yes
ORD00514,2025-10-22,CUST054,Prime Industries,Chemicals,Coimbatore,Tamil Nadu,South,Small,P003,Protective Packaging,Bubble Wrap Roll,Roll,5,794.3,0.05,3971.49,2506.19,1465.3,Express,2025-10-25,2025-10-29,2025-10-31,2025-11-01,Completed,Dispatched,Paid,3971.49,0,SP08,0.368954725,4,0,Yes
ORD00515,2025-10-04,CUST059,Global Manufacturing,Textiles,Vijayawada,Andhra Pradesh,South,Small,P011,Customized Carton Boxes,5-Ply Corrugated Box,Nos,15,54.61,0,819.17,520.49,298.68,Standard,2025-10-07,2025-10-12,2025-10-14,2025-10-10,Completed,Dispatched,Paid,819.17,0,SP01,0.364612962,5,4,No
ORD00516,2025-10-07,CUST007,Shree Industries,Pharmaceuticals,Kolkata,West Bengal,East,Large,P010,Packaging Tools & Equipment,Battery Strapping Machine,Nos,53,37307.12,0.05,1977277.12,1479344.44,497932.68,Express,2025-10-13,2025-10-16,2025-10-18,2025-10-19,Pending,Dispatched,Partially Paid,1139094.73,838182.39,SP06,0.251827463,3,0,Yes
ORD00517,2025-12-19,CUST021,National Pvt Ltd,Logistics,Ludhiana,Punjab,North,Medium,P005,Stretch / Film Solutions,Stretch Film Roll,Roll,6,614.53,0,3687.21,2174.23,1512.98,Express,2025-12-21,2025-12-27,2026-01-05,2025-12-24,Completed,Pending,Paid,3687.21,0,SP02,0.410331931,6,12,No
ORD00518,2025-06-17,CUST036,National Industries,Electronics,Jaipur,Rajasthan,North,Large,P002,Strapping Solutions,PET Strapping Roll,Kg,120,129.83,0.02,15579.69,8682.4,6897.29,Express,2025-06-19,2025-06-24,2025-06-25,2025-07-01,In Production,Dispatched,Partially Paid,8808.21,6771.48,SP11,0.442710349,5,0,Yes
ORD00519,2025-12-10,CUST046,Shree Pvt Ltd,Logistics,Noida,Uttar Pradesh,North,Small,P012,Customized Carton Boxes,7-Ply Corrugated Box,Nos,3,94.7,0.02,284.1,173.4,110.7,Standard,2025-12-12,2025-12-17,2025-12-20,2025-12-18,Completed,Dispatched,Paid,284.1,0,SP12,0.389651531,5,2,No
ORD00520,2025-08-07,CUST093,Om Traders,Automotive,Bhopal,Madhya Pradesh,Central,Small,P006,Stretch / Film Solutions,Shrink Film Roll,Roll,42,823.2,0,34574.53,19900.36,14674.17,Express,2025-08-11,2025-08-15,2025-08-17,2025-08-12,Completed,Dispatched,Outstanding,1118.63,33455.9,SP12,0.424421388,4,5,No
ORD00521,2025-08-01,CUST028,United Logistics,Textiles,Bhubaneswar,Odisha,East,Large,P007,Pallet Solutions,Wooden Pallet,Nos,43,979.46,0.02,42116.83,25991.46,16125.37,Express,2025-08-06,2025-08-09,2025-08-10,2025-08-12,Completed,Dispatched,Partially Paid,18241.37,23875.46,SP09,0.382872358,3,0,Yes
ORD00522,2025-06-21,CUST051,Prime Manufacturing,Electronics,Ludhiana,Punjab,North,Small,P003,Protective Packaging,Bubble Wrap Roll,Roll,35,905.3,0.03,31685.49,17251.52,14433.97,Standard,2025-06-23,2025-06-28,2025-07-05,2025-06-27,Completed,Dispatched,Paid,31685.49,0,SP07,0.455538797,5,8,No
ORD00523,2025-05-29,CUST056,National Enterprises,Automotive,Vijayawada,Andhra Pradesh,South,Small,P008,Pallet Solutions,Plastic Pallet,Nos,23,2424.94,0.05,55773.69,39647.13,16126.56,Standard,2025-06-04,2025-06-08,2025-06-08,2025-06-07,Completed,Dispatched,Paid,55773.69,0,SP03,0.289142784,4,1,No
ORD00524,2025-05-15,CUST068,Shree Enterprises,Engineering,Indore,Madhya Pradesh,Central,Small,P001,Strapping Solutions,PP Strapping Roll,Meter,100,90.51,0,9050.92,5575.92,3475,Standard,2025-05-19,2025-05-25,2025-05-28,2025-05-21,In Production,Dispatched,Paid,9050.92,0,SP05,0.38393887,6,7,No
ORD00525,2025-09-10,CUST068,Shree Enterprises,Engineering,Indore,Madhya Pradesh,Central,Small,P011,Customized Carton Boxes,5-Ply Corrugated Box,Nos,36,54.4,0,1958.44,1191.37,767.07,Standard,2025-09-12,2025-09-17,2025-09-19,2025-09-24,Completed,Dispatched,Paid,1958.44,0,SP06,0.391673985,5,0,Yes
ORD00526,2025-09-20,CUST115,Metro Enterprises,Chemicals,Bhubaneswar,Odisha,East,Medium,P001,Strapping Solutions,PP Strapping Roll,Meter,100,91.6,0.05,9160.41,5773.6,3386.81,Standard,2025-09-26,2025-09-27,2025-09-29,2025-09-27,Completed,Dispatched,Paid,9160.41,0,SP01,0.369722534,1,2,No
ORD00527,2025-05-20,CUST040,National Pvt Ltd,Textiles,Coimbatore,Tamil Nadu,South,Medium,P004,Protective Packaging,EPE Foam Roll,Roll,17,1598.53,0,27174.95,15024.72,12150.23,Standard,2025-05-24,2025-05-28,2025-05-30,2025-05-25,Completed,Dispatched,Outstanding,2560,24614.95,SP10,0.447111402,4,5,No
ORD00528,2025-03-27,CUST090,Sunrise Traders,Textiles,Delhi,Delhi,North,Small,P009,Packaging Tools & Equipment,Manual Strapping Tool,Nos,10,3045.75,0.02,30457.45,21498.01,8959.44,Standard,2025-04-02,2025-04-05,2025-04-07,2025-04-05,Completed,Dispatched,Paid,30457.45,0,SP01,0.294162512,3,2,No
ORD00529,2025-03-12,CUST001,Prime Industries,Textiles,Patna,Bihar,East,Small,P005,Stretch / Film Solutions,Stretch Film Roll,Roll,25,639,0,15975.1,8675.09,7300.01,Standard,2025-03-18,2025-03-21,2025-03-23,2025-03-24,In Production,Dispatched,Paid,15975.1,0,SP04,0.456961772,3,0,Yes
ORD00530,2025-10-14,CUST034,Vertex Logistics,Automotive,Bhopal,Madhya Pradesh,Central,Large,P002,Strapping Solutions,PET Strapping Roll,Kg,50,124.95,0.08,6247.67,3495.26,2752.41,Standard,2025-10-20,2025-10-26,2025-10-30,2025-10-27,Completed,Dispatched,Partially Paid,2477.99,3769.68,SP01,0.440549837,6,3,No
ORD00531,2025-09-03,CUST016,Shree Pvt Ltd,FMCG,Delhi,Delhi,North,Large,P003,Protective Packaging,Bubble Wrap Roll,Roll,23,785.51,0.02,18066.74,11572.37,6494.37,Scheduled,2025-09-07,2025-09-10,2025-09-12,2025-09-10,In Production,Dispatched,Paid,18066.74,0,SP05,0.359465515,3,2,No
ORD00532,2025-01-15,CUST025,Global Logistics,Logistics,Noida,Uttar Pradesh,North,Small,P005,Stretch / Film Solutions,Stretch Film Roll,Roll,19,620.74,0.05,11794.15,7212.51,4581.64,Standard,2025-01-17,2025-01-19,2025-01-20,2025-01-22,Completed,Dispatched,Paid,11794.15,0,SP02,0.388467164,2,0,Yes
ORD00533,2025-01-10,CUST002,Global Pvt Ltd,FMCG,Noida,Uttar Pradesh,North,Large,P001,Strapping Solutions,PP Strapping Roll,Meter,340,98.25,0.08,33404.71,19356.39,14048.32,Standard,2025-01-15,2025-01-22,2025-01-25,2025-01-15,Completed,Dispatched,Paid,33404.71,0,SP05,0.420549078,7,10,No
ORD00534,2025-01-23,CUST038,Global Manufacturing,Logistics,Coimbatore,Tamil Nadu,South,Large,P007,Pallet Solutions,Wooden Pallet,Nos,43,934.07,0.1,40164.93,26688.88,13476.05,Scheduled,2025-01-25,2025-01-28,2025-01-28,2025-01-29,In Production,Dispatched,Paid,40164.93,0,SP06,0.335517826,3,0,Yes
ORD00535,2025-01-15,CUST005,Apex Logistics,Electronics,Bhubaneswar,Odisha,East,Large,P008,Pallet Solutions,Plastic Pallet,Nos,16,2277.49,0.03,36439.88,27095.74,9344.14,Scheduled,2025-01-17,2025-01-19,2025-01-21,2025-01-29,Completed,Dispatched,Paid,36439.88,0,SP02,0.256426201,2,0,Yes
ORD00536,2025-02-20,CUST037,Prime Pvt Ltd,Logistics,Ahmedabad,Gujarat,West,Small,P005,Stretch / Film Solutions,Stretch Film Roll,Roll,27,649.26,0.03,17530.09,9652.4,7877.69,Scheduled,2025-02-26,2025-03-05,2025-03-05,2025-03-05,Completed,Dispatched,Paid,17530.09,0,SP02,0.449381036,7,0,Yes
ORD00537,2025-04-20,CUST093,Om Traders,Automotive,Bhopal,Madhya Pradesh,Central,Small,P009,Packaging Tools & Equipment,Manual Strapping Tool,Nos,111,3461.55,0.02,384232.53,233282.66,150949.87,Express,2025-04-26,2025-05-03,2025-05-06,2025-04-30,Completed,Dispatched,Partially Paid,189015.1,195217.43,SP07,0.392860724,7,6,No
ORD00538,2025-04-20,CUST112,National Manufacturing,Chemicals,Chennai,Tamil Nadu,South,Medium,P003,Protective Packaging,Bubble Wrap Roll,Roll,9,847.77,0.08,7629.96,4666.95,2963.01,Express,2025-04-26,2025-04-28,2025-05-01,2025-04-26,Completed,Dispatched,Paid,7629.96,0,SP12,0.388338864,2,5,No
ORD00539,2025-05-28,CUST067,Metro Manufacturing,Textiles,Delhi,Delhi,North,Medium,P005,Stretch / Film Solutions,Stretch Film Roll,Roll,8,607.12,0.02,4856.95,2978.22,1878.73,Express,2025-06-03,2025-06-09,2025-06-09,2025-06-03,Completed,Dispatched,Paid,4856.95,0,SP04,0.386812712,6,6,No
ORD00540,2025-10-11,CUST001,Prime Industries,Textiles,Patna,Bihar,East,Small,P005,Stretch / Film Solutions,Stretch Film Roll,Roll,98,572.78,0,56132.21,35194.73,20937.48,Scheduled,2025-10-16,2025-10-19,2025-10-22,2025-10-19,In Production,Dispatched,Partially Paid,19933.35,36198.86,SP08,0.373002951,3,3,No
ORD00541,2025-12-11,CUST044,Apex Industries,Automotive,Noida,Uttar Pradesh,North,Small,P006,Stretch / Film Solutions,Shrink Film Roll,Roll,49,747.92,0.03,36648.07,21875.51,14772.56,Standard,2025-12-13,2025-12-17,2025-12-20,2025-12-24,Completed,Dispatched,Paid,36648.07,0,SP02,0.403092441,4,0,Yes
ORD00542,2025-07-06,CUST064,Sunrise Industries,Electronics,Noida,Uttar Pradesh,North,Large,P006,Stretch / Film Solutions,Shrink Film Roll,Roll,53,846.08,0.05,44842.14,23657.84,21184.3,Scheduled,2025-07-09,2025-07-12,2025-07-13,2025-07-20,Completed,Dispatched,Paid,44842.14,0,SP10,0.47241947,3,0,Yes
ORD00543,2025-10-31,CUST044,Apex Industries,Automotive,Noida,Uttar Pradesh,North,Small,P001,Strapping Solutions,PP Strapping Roll,Meter,150,98.71,0,14807.18,8133.38,6673.8,Standard,2025-11-04,2025-11-11,2025-11-14,2025-11-10,Completed,Dispatched,Paid,14807.18,0,SP08,0.450713775,7,4,No
ORD00544,2025-02-25,CUST036,National Industries,Electronics,Jaipur,Rajasthan,North,Large,P007,Pallet Solutions,Wooden Pallet,Nos,24,918.15,0.05,22035.49,14264.87,7770.62,Standard,2025-02-27,2025-03-02,2025-03-05,2025-03-09,In Production,Dispatched,Paid,22035.49,0,SP08,0.352641126,3,0,Yes
ORD00545,2025-12-14,CUST054,Prime Industries,Chemicals,Coimbatore,Tamil Nadu,South,Small,P014,Material Handling,Hand Pallet Truck,Nos,9,20216.98,0.02,181952.83,123145.24,58807.59,Scheduled,2025-12-16,2025-12-18,2025-12-21,2025-12-28,Completed,Dispatched,Paid,181952.83,0,SP08,0.323202393,2,0,Yes
ORD00546,2025-08-27,CUST055,National Manufacturing,Retail,Ahmedabad,Gujarat,West,Medium,P003,Protective Packaging,Bubble Wrap Roll,Roll,17,840.4,0.05,14286.77,8576.51,5710.26,Standard,2025-08-30,2025-09-02,2025-09-05,2025-09-08,Completed,Dispatched,Partially Paid,10444.09,3842.68,SP07,0.399688663,3,0,Yes
ORD00547,2025-03-02,CUST064,Sunrise Industries,Electronics,Noida,Uttar Pradesh,North,Large,P003,Protective Packaging,Bubble Wrap Roll,Roll,24,935.4,0,22449.71,12280.66,10169.05,Standard,2025-03-07,2025-03-11,2025-03-13,2025-03-13,Completed,Dispatched,Paid,22449.71,0,SP08,0.452970217,4,0,Yes
ORD00548,2025-08-09,CUST075,Global Traders,Textiles,Coimbatore,Tamil Nadu,South,Large,P013,Material Handling,Platform Trolley,Nos,21,8588.82,0.05,180365.16,120485.7,59879.46,Express,2025-08-12,2025-08-15,2025-08-18,2025-08-21,Completed,Dispatched,Paid,180365.16,0,SP08,0.331990169,3,0,Yes
ORD00549,2025-10-15,CUST016,Shree Pvt Ltd,FMCG,Delhi,Delhi,North,Large,P003,Protective Packaging,Bubble Wrap Roll,Roll,10,798.01,0.1,7980.09,4968.04,3012.05,Express,2025-10-18,2025-10-23,2025-10-23,2025-10-26,Completed,Dispatched,Paid,7980.09,0,SP06,0.377445618,5,0,Yes
ORD00550,2025-02-01,CUST023,Vertex Logistics,Textiles,Noida,Uttar Pradesh,North,Large,P011,Customized Carton Boxes,5-Ply Corrugated Box,Nos,69,64.32,0,4437.95,2321.78,2116.17,Express,2025-02-03,2025-02-08,2025-02-08,2025-02-08,Completed,Dispatched,Partially Paid,1726.1,2711.85,SP06,0.476835025,5,0,Yes
ORD00551,2025-07-30,CUST048,Sunrise Manufacturing,FMCG,Vijayawada,Andhra Pradesh,South,Small,P006,Stretch / Film Solutions,Shrink Film Roll,Roll,17,764.59,0.05,12998.05,8000.84,4997.21,Express,2025-08-03,2025-08-04,2025-08-05,2025-08-07,Completed,Dispatched,Paid,12998.05,0,SP02,0.384458438,1,0,Yes
ORD00552,2025-06-22,CUST055,National Manufacturing,Retail,Ahmedabad,Gujarat,West,Medium,P001,Strapping Solutions,PP Strapping Roll,Meter,620,93.75,0.05,58124.28,33545.52,24578.76,Standard,2025-06-25,2025-06-26,2025-07-05,2025-07-02,Completed,Dispatched,Outstanding,4095.15,54029.13,SP06,0.422865625,1,3,No
ORD00553,2025-07-13,CUST027,Om Industries,Retail,Chennai,Tamil Nadu,South,Medium,P012,Customized Carton Boxes,7-Ply Corrugated Box,Nos,16,87.38,0.1,1398.11,884.86,513.25,Scheduled,2025-07-19,2025-07-23,2025-07-30,2025-07-27,Completed,Dispatched,Partially Paid,943.14,454.97,SP06,0.367102732,4,3,No
ORD00554,2025-03-27,CUST101,Vertex Manufacturing,Electronics,Jaipur,Rajasthan,North,Medium,P002,Strapping Solutions,PET Strapping Roll,Kg,85,129.03,0.02,10967.48,5980.11,4987.37,Standard,2025-04-02,2025-04-05,2025-04-07,2025-04-07,Completed,Dispatched,Outstanding,472.73,10494.75,SP05,0.454741654,3,0,Yes
ORD00555,2025-10-21,CUST038,Global Manufacturing,Logistics,Coimbatore,Tamil Nadu,South,Large,P011,Customized Carton Boxes,5-Ply Corrugated Box,Nos,26,56.89,0.05,1479.18,904.56,574.62,Scheduled,2025-10-26,2025-11-02,2025-11-03,2025-11-04,Completed,Dispatched,Partially Paid,557.51,921.67,SP08,0.388471991,7,0,Yes
ORD00556,2025-08-07,CUST037,Prime Pvt Ltd,Logistics,Ahmedabad,Gujarat,West,Small,P002,Strapping Solutions,PET Strapping Roll,Kg,50,138.75,0.03,6937.29,3772.63,3164.66,Scheduled,2025-08-10,2025-08-13,2025-08-13,2025-08-16,Completed,Dispatched,Partially Paid,3544.4,3392.89,SP09,0.456181016,3,0,Yes
ORD00557,2025-08-21,CUST015,Metro Manufacturing,Engineering,Hyderabad,Telangana,South,Medium,P007,Pallet Solutions,Wooden Pallet,Nos,8,962.36,0.02,7698.85,5106.96,2591.89,Scheduled,2025-08-27,2025-08-29,2025-08-29,2025-09-03,Completed,Dispatched,Paid,7698.85,0,SP09,0.336659371,2,0,Yes
ORD00558,2025-11-11,CUST100,Sunrise Traders,Retail,Jaipur,Rajasthan,North,Large,P003,Protective Packaging,Bubble Wrap Roll,Roll,19,847.38,0.05,16100.19,10038.6,6061.59,Express,2025-11-16,2025-11-21,2025-11-21,2025-11-24,Completed,Dispatched,Paid,16100.19,0,SP07,0.37649183,5,0,Yes
ORD00559,2025-06-13,CUST022,United Manufacturing,Textiles,Patna,Bihar,East,Small,P007,Pallet Solutions,Wooden Pallet,Nos,71,864.98,0.08,61413.43,44016.91,17396.52,Standard,2025-06-15,2025-06-21,2025-06-22,2025-06-24,Completed,Dispatched,Paid,61413.43,0,SP02,0.283268985,6,0,Yes
ORD00560,2025-03-18,CUST089,Shree Manufacturing,Electronics,Chandigarh,Chandigarh,North,Small,P002,Strapping Solutions,PET Strapping Roll,Kg,200,119.54,0,23908.49,14980.7,8927.79,Standard,2025-03-21,2025-03-22,2025-03-23,2025-03-27,Completed,Dispatched,Paid,23908.49,0,SP05,0.37341505,1,0,Yes
ORD00561,2025-03-11,CUST102,Global Logistics,Textiles,Bengaluru,Karnataka,South,Medium,P004,Protective Packaging,EPE Foam Roll,Roll,27,1592.02,0.05,42984.57,24827.93,18156.64,Standard,2025-03-13,2025-03-16,2025-03-18,2025-03-24,In Production,Dispatched,Outstanding,5542.33,37442.24,SP06,0.422399014,3,0,Yes
ORD00562,2025-11-05,CUST051,Prime Manufacturing,Electronics,Ludhiana,Punjab,North,Small,P001,Strapping Solutions,PP Strapping Roll,Meter,200,103.45,0.03,20690.95,10568.55,10122.4,Scheduled,2025-11-09,2025-11-16,2025-11-16,2025-11-16,Completed,Dispatched,Outstanding,347.4,20343.55,SP09,0.489218716,7,0,Yes
ORD00563,2025-03-03,CUST042,National Manufacturing,FMCG,Surat,Gujarat,West,Medium,P006,Stretch / Film Solutions,Shrink Film Roll,Roll,38,837.13,0.05,31810.98,17786.01,14024.97,Scheduled,2025-03-09,2025-03-15,2025-03-19,2025-03-16,In Production,Dispatched,Paid,31810.98,0,SP12,0.440884563,6,3,No
ORD00564,2025-07-19,CUST007,Shree Industries,Pharmaceuticals,Kolkata,West Bengal,East,Large,P011,Customized Carton Boxes,5-Ply Corrugated Box,Nos,16,54.21,0,867.37,557.49,309.88,Scheduled,2025-07-22,2025-07-26,2025-07-30,2025-07-26,Pending,Dispatched,Paid,867.37,0,SP06,0.357263913,4,4,No
ORD00565,2025-12-25,CUST110,Om Manufacturing,Retail,Chennai,Tamil Nadu,South,Medium,P008,Pallet Solutions,Plastic Pallet,Nos,67,2512.99,0.03,168370.6,110233.43,58137.17,Express,2025-12-27,2025-12-30,2026-01-03,2026-01-05,Completed,Pending,Paid,168370.6,0,SP12,0.345292884,3,0,Yes
ORD00566,2025-07-08,CUST114,United Pvt Ltd,Chemicals,Indore,Madhya Pradesh,Central,Large,P011,Customized Carton Boxes,5-Ply Corrugated Box,Nos,5,60.08,0.1,300.38,169.18,131.2,Express,2025-07-12,2025-07-13,2025-07-17,2025-07-13,Completed,Dispatched,Outstanding,24.9,275.48,SP11,0.436780079,1,4,No
ORD00567,2025-12-25,CUST073,Vertex Industries,Chemicals,Patna,Bihar,East,Medium,P004,Protective Packaging,EPE Foam Roll,Roll,47,1583.1,0.05,74405.52,40875.12,33530.4,Standard,2025-12-29,2026-01-05,2026-01-05,2026-01-07,In Production,Pending,Paid,74405.52,0,SP04,0.450643984,7,0,Yes
ORD00568,2025-06-02,CUST037,Prime Pvt Ltd,Logistics,Ahmedabad,Gujarat,West,Small,P002,Strapping Solutions,PET Strapping Roll,Kg,50,121.91,0.02,6095.6,3592.13,2503.47,Express,2025-06-05,2025-06-12,2025-06-13,2025-06-14,In Production,Dispatched,Partially Paid,4246.06,1849.54,SP08,0.410701161,7,0,Yes
ORD00569,2025-07-31,CUST085,Global Manufacturing,Pharmaceuticals,Bhubaneswar,Odisha,East,Small,P002,Strapping Solutions,PET Strapping Roll,Kg,300,128.53,0.02,38558,22812.34,15745.66,Scheduled,2025-08-04,2025-08-10,2025-08-13,2025-08-06,Completed,Dispatched,Paid,38558,0,SP09,0.408362986,6,7,No
ORD00570,2025-06-17,CUST088,United Manufacturing,Electronics,Pune,Maharashtra,West,Medium,P005,Stretch / Film Solutions,Stretch Film Roll,Roll,10,605.52,0.03,6055.25,3503.14,2552.11,Express,2025-06-22,2025-06-28,2025-06-28,2025-06-22,Completed,Dispatched,Paid,6055.25,0,SP04,0.421470625,6,6,No
ORD00571,2025-11-18,CUST009,Prime Industries,Retail,Ludhiana,Punjab,North,Small,P001,Strapping Solutions,PP Strapping Roll,Meter,100,105.34,0.03,10533.96,5471.67,5062.29,Express,2025-11-22,2025-11-25,2025-12-02,2025-11-24,Completed,Dispatched,Outstanding,938.6,9595.36,SP06,0.480568561,3,8,No
ORD00572,2025-08-20,CUST083,Metro Industries,Engineering,Jaipur,Rajasthan,North,Small,P008,Pallet Solutions,Plastic Pallet,Nos,14,2398.79,0.08,33583.01,22119.63,11463.38,Express,2025-08-25,2025-09-01,2025-09-02,2025-08-29,Completed,Dispatched,Paid,33583.01,0,SP06,0.341344626,7,4,No
ORD00573,2025-04-04,CUST027,Om Industries,Retail,Chennai,Tamil Nadu,South,Medium,P004,Protective Packaging,EPE Foam Roll,Roll,10,1516.23,0,15162.3,9030.24,6132.06,Express,2025-04-09,2025-04-13,2025-04-19,2025-04-12,In Production,Dispatched,Paid,15162.3,0,SP04,0.404428088,4,7,No
ORD00574,2025-05-15,CUST074,Global Traders,FMCG,Surat,Gujarat,West,Small,P006,Stretch / Film Solutions,Shrink Film Roll,Roll,19,792.13,0.1,15050.41,8400.87,6649.54,Standard,2025-05-18,2025-05-19,2025-05-22,2025-05-29,Completed,Dispatched,Paid,15050.41,0,SP01,0.441817864,1,0,Yes
ORD00575,2025-09-27,CUST058,Sunrise Pvt Ltd,Chemicals,Jaipur,Rajasthan,North,Large,P012,Customized Carton Boxes,7-Ply Corrugated Box,Nos,43,92.88,0.05,3993.71,2536.06,1457.65,Express,2025-10-02,2025-10-09,2025-10-15,2025-10-09,Completed,Dispatched,Outstanding,447.16,3546.55,SP03,0.364986441,7,6,No
ORD00576,2025-08-09,CUST108,National Manufacturing,Pharmaceuticals,Jaipur,Rajasthan,North,Small,P013,Material Handling,Platform Trolley,Nos,25,8108.19,0,202704.8,143348.17,59356.63,Express,2025-08-12,2025-08-17,2025-08-18,2025-08-18,Completed,Dispatched,Paid,202704.8,0,SP05,0.292823012,5,0,Yes
ORD00577,2025-05-01,CUST012,Shree Pvt Ltd,Engineering,Coimbatore,Tamil Nadu,South,Large,P008,Pallet Solutions,Plastic Pallet,Nos,18,2481.07,0.08,44659.24,28628.55,16030.69,Express,2025-05-07,2025-05-11,2025-05-12,2025-05-11,Completed,Dispatched,Paid,44659.24,0,SP12,0.358955728,4,1,No
ORD00578,2025-07-23,CUST091,Metro Pvt Ltd,Chemicals,Gurugram,Haryana,North,Medium,P005,Stretch / Film Solutions,Stretch Film Roll,Roll,40,672.42,0.05,26896.71,15174.87,11721.84,Standard,2025-07-26,2025-08-01,2025-08-04,2025-08-03,Completed,Dispatched,Paid,26896.71,0,SP08,0.435809435,6,1,No
ORD00579,2025-07-01,CUST001,Prime Industries,Textiles,Patna,Bihar,East,Small,P012,Customized Carton Boxes,7-Ply Corrugated Box,Nos,11,95.69,0.05,1052.63,604.79,447.84,Scheduled,2025-07-07,2025-07-13,2025-07-23,2025-07-06,Completed,Dispatched,Paid,1052.63,0,SP01,0.425448638,6,17,No
ORD00580,2025-10-25,CUST069,United Logistics,FMCG,Mumbai,Maharashtra,West,Small,P005,Stretch / Film Solutions,Stretch Film Roll,Roll,113,663.25,0.05,74947.25,42704.05,32243.2,Scheduled,2025-10-28,2025-10-31,2025-11-01,2025-11-07,Completed,Dispatched,Paid,74947.25,0,SP07,0.430211916,3,0,Yes
ORD00581,2025-03-14,CUST045,Apex Traders,FMCG,Ahmedabad,Gujarat,West,Large,P002,Strapping Solutions,PET Strapping Roll,Kg,165,123.84,0.05,20432.88,11790.74,8642.14,Express,2025-03-18,2025-03-19,2025-03-21,2025-03-19,Completed,Dispatched,Outstanding,867.15,19565.73,SP10,0.422952614,1,2,No
ORD00582,2025-05-16,CUST019,Apex Manufacturing,Automotive,Ludhiana,Punjab,North,Medium,P004,Protective Packaging,EPE Foam Roll,Roll,18,1355.93,0.05,24406.68,16970.54,7436.14,Scheduled,2025-05-22,2025-05-25,2025-05-28,2025-05-23,Pending,Dispatched,Partially Paid,17551.85,6854.83,SP08,0.304676425,3,5,No
ORD00583,2025-01-28,CUST119,National Traders,Engineering,Jaipur,Rajasthan,North,Medium,P007,Pallet Solutions,Wooden Pallet,Nos,4,979.85,0,3919.39,2378.63,1540.76,Express,2025-01-31,2025-02-02,2025-02-02,2025-02-05,Completed,Dispatched,Paid,3919.39,0,SP01,0.393112193,2,0,Yes
ORD00584,2025-08-15,CUST042,National Manufacturing,FMCG,Surat,Gujarat,West,Medium,P008,Pallet Solutions,Plastic Pallet,Nos,22,2381.23,0.02,52387.11,37038.67,15348.44,Express,2025-08-19,2025-08-25,2025-08-29,2025-08-27,Completed,Dispatched,Partially Paid,20296.4,32090.71,SP03,0.292981231,6,2,No
ORD00585,2025-03-28,CUST028,United Logistics,Textiles,Bhubaneswar,Odisha,East,Large,P012,Customized Carton Boxes,7-Ply Corrugated Box,Nos,14,91.38,0.03,1279.26,826.93,452.33,Scheduled,2025-04-03,2025-04-10,2025-04-12,2025-04-11,Completed,Dispatched,Paid,1279.26,0,SP03,0.35358723,7,1,No
ORD00586,2025-08-02,CUST016,Shree Pvt Ltd,FMCG,Delhi,Delhi,North,Large,P008,Pallet Solutions,Plastic Pallet,Nos,47,2560.45,0.02,120341.34,77519.17,42822.17,Standard,2025-08-04,2025-08-06,2025-08-09,2025-08-08,Completed,Dispatched,Partially Paid,60101.27,60240.07,SP06,0.355839232,2,1,No
ORD00587,2025-03-20,CUST070,National Logistics,Textiles,Coimbatore,Tamil Nadu,South,Small,P011,Customized Carton Boxes,5-Ply Corrugated Box,Nos,12,61.17,0.03,733.98,403.27,330.71,Scheduled,2025-03-22,2025-03-23,2025-03-26,2025-04-01,Pending,Dispatched,Paid,733.98,0,SP10,0.45057086,1,0,Yes
ORD00588,2025-08-20,CUST117,National Pvt Ltd,Textiles,Gurugram,Haryana,North,Large,P007,Pallet Solutions,Wooden Pallet,Nos,31,1018.05,0.02,31559.48,19546.51,12012.97,Standard,2025-08-24,2025-08-30,2025-09-03,2025-08-27,Completed,Dispatched,Paid,31559.48,0,SP09,0.380645372,6,7,No
ORD00589,2025-11-05,CUST059,Global Manufacturing,Textiles,Vijayawada,Andhra Pradesh,South,Small,P006,Stretch / Film Solutions,Shrink Film Roll,Roll,11,819.6,0.05,9015.64,5230.22,3785.42,Express,2025-11-10,2025-11-11,2025-11-14,2025-11-14,Pending,Dispatched,Outstanding,281.59,8734.05,SP07,0.419872577,1,0,Yes
ORD00590,2025-05-26,CUST112,National Manufacturing,Chemicals,Chennai,Tamil Nadu,South,Medium,P011,Customized Carton Boxes,5-Ply Corrugated Box,Nos,29,57.65,0,1671.81,957.28,714.53,Express,2025-05-29,2025-05-30,2025-06-01,2025-06-07,Completed,Dispatched,Outstanding,166.89,1504.92,SP09,0.427399047,1,0,Yes
ORD00591,2025-04-13,CUST054,Prime Industries,Chemicals,Coimbatore,Tamil Nadu,South,Small,P006,Stretch / Film Solutions,Shrink Film Roll,Roll,24,823.52,0.1,19764.38,11428.09,8336.29,Standard,2025-04-18,2025-04-22,2025-04-25,2025-04-25,Completed,Dispatched,Paid,19764.38,0,SP07,0.421783532,4,0,Yes
ORD00592,2025-11-19,CUST076,Metro Manufacturing,Textiles,Delhi,Delhi,North,Large,P005,Stretch / Film Solutions,Stretch Film Roll,Roll,38,591.11,0.05,22462.29,14396.28,8066.01,Scheduled,2025-11-24,2025-11-25,2025-11-25,2025-12-02,Completed,Dispatched,Paid,22462.29,0,SP11,0.35909117,1,0,Yes
ORD00593,2025-11-28,CUST008,Metro Traders,Pharmaceuticals,Chennai,Tamil Nadu,South,Small,P001,Strapping Solutions,PP Strapping Roll,Meter,100,103.34,0,10334.23,5353.32,4980.91,Express,2025-12-04,2025-12-05,2025-12-07,2025-12-10,In Production,Dispatched,Paid,10334.23,0,SP04,0.481981725,1,0,Yes
ORD00594,2025-09-25,CUST088,United Manufacturing,Electronics,Pune,Maharashtra,West,Medium,P011,Customized Carton Boxes,5-Ply Corrugated Box,Nos,12,53.37,0.1,640.5,423.6,216.9,Standard,2025-09-30,2025-10-03,2025-10-07,2025-09-30,In Production,Dispatched,Paid,640.5,0,SP08,0.338641686,3,7,No
ORD00595,2025-12-05,CUST083,Metro Industries,Engineering,Jaipur,Rajasthan,North,Small,P006,Stretch / Film Solutions,Shrink Film Roll,Roll,33,736.75,0.1,24312.84,15247.04,9065.8,Standard,2025-12-11,2025-12-18,2025-12-20,2025-12-15,Completed,Dispatched,Paid,24312.84,0,SP07,0.372881161,7,5,No
ORD00596,2025-01-24,CUST053,United Manufacturing,FMCG,Gurugram,Haryana,North,Medium,P003,Protective Packaging,Bubble Wrap Roll,Roll,8,778.16,0.03,6225.27,4070.6,2154.67,Standard,2025-01-26,2025-01-30,2025-02-01,2025-02-03,Completed,Dispatched,Partially Paid,4586.08,1639.19,SP04,0.346116715,4,0,Yes
ORD00597,2025-04-05,CUST038,Global Manufacturing,Logistics,Coimbatore,Tamil Nadu,South,Large,P005,Stretch / Film Solutions,Stretch Film Roll,Roll,56,641.94,0.05,35948.72,19784.07,16164.65,Standard,2025-04-07,2025-04-13,2025-04-17,2025-04-14,Completed,Dispatched,Paid,35948.72,0,SP03,0.449658569,6,3,No
ORD00598,2025-12-02,CUST118,National Traders,Logistics,Vijayawada,Andhra Pradesh,South,Small,P007,Pallet Solutions,Wooden Pallet,Nos,37,911.53,0.08,33726.59,22946.49,10780.1,Scheduled,2025-12-07,2025-12-11,2025-12-14,2025-12-16,Completed,Dispatched,Partially Paid,20894.34,12832.25,SP11,0.319632077,4,0,Yes
ORD00599,2025-07-22,CUST070,National Logistics,Textiles,Coimbatore,Tamil Nadu,South,Small,P004,Protective Packaging,EPE Foam Roll,Roll,14,1595.74,0.05,22340.33,12729.71,9610.62,Standard,2025-07-26,2025-07-27,2025-07-30,2025-07-29,In Production,Dispatched,Partially Paid,12118.44,10221.89,SP11,0.430191497,1,1,No
ORD00600,2025-05-04,CUST030,Metro Industries,Textiles,Patna,Bihar,East,Medium,P001,Strapping Solutions,PP Strapping Roll,Meter,700,99.02,0.03,69312.77,39367.75,29945.02,Scheduled,2025-05-09,2025-05-16,2025-05-25,2025-05-12,Completed,Dispatched,Paid,69312.77,0,SP12,0.43202746,7,13,No
ORD00601,2025-08-16,CUST105,United Pvt Ltd,Electronics,Hyderabad,Telangana,South,Large,P011,Customized Carton Boxes,5-Ply Corrugated Box,Nos,20,62.47,0.08,1249.31,680.64,568.67,Express,2025-08-21,2025-08-25,2025-08-25,2025-08-28,Completed,Dispatched,Paid,1249.31,0,SP01,0.455187263,4,0,Yes
ORD00602,2025-02-22,CUST064,Sunrise Industries,Electronics,Noida,Uttar Pradesh,North,Large,P013,Material Handling,Platform Trolley,Nos,16,7700.84,0.08,123213.46,86686.69,36526.77,Scheduled,2025-02-27,2025-03-03,2025-03-06,2025-03-08,Completed,Dispatched,Paid,123213.46,0,SP10,0.296451134,4,0,Yes
ORD00603,2025-11-10,CUST004,Prime Manufacturing,Electronics,Mumbai,Maharashtra,West,Large,P010,Packaging Tools & Equipment,Battery Strapping Machine,Nos,11,39615.89,0.05,435774.81,319967.6,115807.21,Standard,2025-11-15,2025-11-17,2025-11-23,2025-11-23,Completed,Dispatched,Paid,435774.81,0,SP08,0.265750124,2,0,Yes
ORD00604,2025-11-15,CUST047,Global Pvt Ltd,Logistics,Coimbatore,Tamil Nadu,South,Small,P004,Protective Packaging,EPE Foam Roll,Roll,25,1432.43,0.05,35810.84,21837.17,13973.67,Standard,2025-11-19,2025-11-23,2025-11-26,2025-11-20,Completed,Dispatched,Paid,35810.84,0,SP10,0.390207825,4,6,No
ORD00605,2025-12-17,CUST048,Sunrise Manufacturing,FMCG,Vijayawada,Andhra Pradesh,South,Small,P004,Protective Packaging,EPE Foam Roll,Roll,12,1476.9,0.05,17722.76,10413,7309.76,Express,2025-12-21,2025-12-26,2025-12-29,2025-12-24,Completed,Dispatched,Paid,17722.76,0,SP03,0.412450431,5,5,No
ORD00606,2025-11-15,CUST048,Sunrise Manufacturing,FMCG,Vijayawada,Andhra Pradesh,South,Small,P012,Customized Carton Boxes,7-Ply Corrugated Box,Nos,26,96.11,0.05,2498.92,1430.66,1068.26,Express,2025-11-18,2025-11-21,2025-11-24,2025-11-27,Completed,Dispatched,Paid,2498.92,0,SP04,0.427488675,3,0,Yes
ORD00607,2025-04-18,CUST028,United Logistics,Textiles,Bhubaneswar,Odisha,East,Large,P010,Packaging Tools & Equipment,Battery Strapping Machine,Nos,21,41720.22,0.03,876124.63,575783.32,300341.31,Standard,2025-04-24,2025-04-25,2025-04-25,2025-04-28,Completed,Dispatched,Paid,876124.63,0,SP06,0.342806605,1,0,Yes
ORD00608,2025-08-09,CUST118,National Traders,Logistics,Vijayawada,Andhra Pradesh,South,Small,P007,Pallet Solutions,Wooden Pallet,Nos,13,1029.17,0.03,13379.15,7732.21,5646.94,Scheduled,2025-08-11,2025-08-16,2025-08-17,2025-08-15,Completed,Dispatched,Outstanding,93.67,13285.48,SP05,0.422070161,5,2,No
ORD00609,2025-03-19,CUST027,Om Industries,Retail,Chennai,Tamil Nadu,South,Medium,P006,Stretch / Film Solutions,Shrink Film Roll,Roll,26,769.27,0.02,20000.94,12270.4,7730.54,Scheduled,2025-03-25,2025-03-30,2025-03-30,2025-03-24,Completed,Dispatched,Paid,20000.94,0,SP10,0.386508834,5,6,No
ORD00610,2025-02-22,CUST073,Vertex Industries,Chemicals,Patna,Bihar,East,Medium,P012,Customized Carton Boxes,7-Ply Corrugated Box,Nos,21,98.5,0.03,2068.42,1152.82,915.6,Express,2025-02-28,2025-03-01,2025-03-05,2025-02-28,Completed,Dispatched,Paid,2068.42,0,SP12,0.442656714,1,5,No
ORD00611,2025-08-15,CUST072,United Logistics,Textiles,Bhopal,Madhya Pradesh,Central,Large,P007,Pallet Solutions,Wooden Pallet,Nos,12,882.88,0,10594.61,7729.07,2865.54,Express,2025-08-21,2025-08-25,2025-08-25,2025-08-22,Completed,Dispatched,Paid,10594.61,0,SP01,0.270471494,4,3,No
ORD00612,2025-05-06,CUST082,Global Enterprises,Pharmaceuticals,Coimbatore,Tamil Nadu,South,Small,P012,Customized Carton Boxes,7-Ply Corrugated Box,Nos,18,82.82,0.1,1490.73,1039.97,450.76,Standard,2025-05-11,2025-05-14,2025-05-16,2025-05-19,Completed,Dispatched,Partially Paid,918.29,572.44,SP09,0.302375346,3,0,Yes
ORD00613,2025-08-04,CUST100,Sunrise Traders,Retail,Jaipur,Rajasthan,North,Large,P002,Strapping Solutions,PET Strapping Roll,Kg,50,133.96,0.08,6698.01,3745.5,2952.51,Standard,2025-08-07,2025-08-09,2025-08-12,2025-08-15,In Production,Dispatched,Outstanding,444.66,6253.35,SP12,0.44080406,2,0,Yes
ORD00614,2025-09-22,CUST018,Sunrise Traders,Chemicals,Hyderabad,Telangana,South,Small,P011,Customized Carton Boxes,5-Ply Corrugated Box,Nos,28,62.96,0.05,1762.9,927.9,835,Scheduled,2025-09-24,2025-09-25,2025-09-27,2025-10-02,Completed,Dispatched,Paid,1762.9,0,SP03,0.47365137,1,0,Yes
ORD00615,2025-10-22,CUST097,Vertex Pvt Ltd,Electronics,Kochi,Kerala,South,Medium,P011,Customized Carton Boxes,5-Ply Corrugated Box,Nos,8,60.57,0,484.55,279.54,205.01,Express,2025-10-24,2025-10-30,2025-11-03,2025-10-31,In Production,Dispatched,Partially Paid,313.54,171.01,SP01,0.423093592,6,3,No
ORD00616,2025-05-24,CUST114,United Pvt Ltd,Chemicals,Indore,Madhya Pradesh,Central,Large,P005,Stretch / Film Solutions,Stretch Film Roll,Roll,52,620.37,0.05,32259.26,19575.56,12683.7,Express,2025-05-30,2025-06-04,2025-06-05,2025-06-04,Completed,Dispatched,Paid,32259.26,0,SP11,0.393180129,5,1,No
ORD00617,2025-07-27,CUST098,Prime Pvt Ltd,Engineering,Chennai,Tamil Nadu,South,Large,P001,Strapping Solutions,PP Strapping Roll,Meter,260,99.79,0.1,25945.87,14909.44,11036.43,Express,2025-07-30,2025-08-02,2025-08-02,2025-08-01,Completed,Dispatched,Partially Paid,19375.59,6570.28,SP04,0.425363651,3,1,No
ORD00618,2025-02-17,CUST016,Shree Pvt Ltd,FMCG,Delhi,Delhi,North,Large,P003,Protective Packaging,Bubble Wrap Roll,Roll,30,888.53,0.05,26655.96,15465.42,11190.54,Express,2025-02-23,2025-02-28,2025-03-02,2025-03-02,Completed,Dispatched,Paid,26655.96,0,SP04,0.419813805,5,0,Yes
ORD00619,2025-06-05,CUST066,Om Logistics,Engineering,Kolkata,West Bengal,East,Medium,P014,Material Handling,Hand Pallet Truck,Nos,73,20034.82,0.05,1462542.09,942773.91,519768.18,Scheduled,2025-06-10,2025-06-15,2025-06-15,2025-06-10,Completed,Dispatched,Paid,1462542.09,0,SP02,0.355386818,5,5,No
ORD00620,2025-08-18,CUST053,United Manufacturing,FMCG,Gurugram,Haryana,North,Medium,P002,Strapping Solutions,PET Strapping Roll,Kg,290,136.44,0.02,39568.54,21027.96,18540.58,Express,2025-08-22,2025-08-27,2025-08-27,2025-08-30,Completed,Dispatched,Partially Paid,23274.99,16293.55,SP05,0.468568716,5,0,Yes
ORD00621,2025-05-26,CUST039,Shree Logistics,Retail,Bhopal,Madhya Pradesh,Central,Small,P005,Stretch / Film Solutions,Stretch Film Roll,Roll,27,678.09,0.08,18308.33,9339.97,8968.36,Express,2025-06-01,2025-06-07,2025-06-08,2025-06-06,Completed,Dispatched,Paid,18308.33,0,SP08,0.489851341,6,2,No
ORD00622,2025-02-20,CUST098,Prime Pvt Ltd,Engineering,Chennai,Tamil Nadu,South,Large,P005,Stretch / Film Solutions,Stretch Film Roll,Roll,85,601.77,0.02,51150.77,32308.59,18842.18,Express,2025-02-23,2025-03-01,2025-03-06,2025-03-03,Completed,Dispatched,Paid,51150.77,0,SP11,0.36836552,6,3,No
ORD00623,2025-09-27,CUST082,Global Enterprises,Pharmaceuticals,Coimbatore,Tamil Nadu,South,Small,P012,Customized Carton Boxes,7-Ply Corrugated Box,Nos,23,89.69,0.05,2062.76,1278.96,783.8,Scheduled,2025-10-02,2025-10-07,2025-10-11,2025-10-10,In Production,Dispatched,Paid,2062.76,0,SP08,0.379976342,5,1,No
ORD00624,2025-08-02,CUST054,Prime Industries,Chemicals,Coimbatore,Tamil Nadu,South,Small,P008,Pallet Solutions,Plastic Pallet,Nos,50,2394.49,0,119724.27,84245.67,35478.6,Express,2025-08-05,2025-08-07,2025-08-11,2025-08-09,Completed,Dispatched,Outstanding,12471.75,107252.52,SP08,0.296335906,2,2,No
ORD00625,2025-01-17,CUST118,National Traders,Logistics,Vijayawada,Andhra Pradesh,South,Small,P009,Packaging Tools & Equipment,Manual Strapping Tool,Nos,53,3117.91,0.02,165249.44,122372.84,42876.6,Scheduled,2025-01-20,2025-01-25,2025-01-27,2025-01-23,Completed,Dispatched,Paid,165249.44,0,SP03,0.259465932,5,4,No
ORD00626,2025-03-02,CUST099,Prime Pvt Ltd,Textiles,Ludhiana,Punjab,North,Large,P008,Pallet Solutions,Plastic Pallet,Nos,84,2526.48,0.05,212224.25,132356.15,79868.1,Express,2025-03-06,2025-03-09,2025-03-11,2025-03-11,Completed,Dispatched,Paid,212224.25,0,SP05,0.376338237,3,0,Yes
ORD00627,2025-04-21,CUST029,Prime Pvt Ltd,Chemicals,Mumbai,Maharashtra,West,Medium,P003,Protective Packaging,Bubble Wrap Roll,Roll,14,801.67,0.1,11223.38,6974.62,4248.76,Express,2025-04-24,2025-05-01,2025-05-08,2025-04-26,Completed,Dispatched,Paid,11223.38,0,SP06,0.37856332,7,12,No
ORD00628,2025-07-13,CUST021,National Pvt Ltd,Logistics,Ludhiana,Punjab,North,Medium,P005,Stretch / Film Solutions,Stretch Film Roll,Roll,14,611.33,0.08,8558.62,5283.11,3275.51,Scheduled,2025-07-18,2025-07-25,2025-07-29,2025-07-20,Completed,Dispatched,Paid,8558.62,0,SP06,0.382714737,7,9,No
ORD00629,2025-02-15,CUST083,Metro Industries,Engineering,Jaipur,Rajasthan,North,Small,P002,Strapping Solutions,PET Strapping Roll,Kg,90,119.85,0.05,10786.11,6329.94,4456.17,Express,2025-02-21,2025-02-27,2025-03-03,2025-02-26,In Production,Dispatched,Paid,10786.11,0,SP11,0.413139677,6,5,No
ORD00630,2025-02-15,CUST036,National Industries,Electronics,Jaipur,Rajasthan,North,Large,P011,Customized Carton Boxes,5-Ply Corrugated Box,Nos,15,57.22,0.03,858.33,537.8,320.53,Scheduled,2025-02-18,2025-02-24,2025-02-24,2025-03-01,Completed,Dispatched,Paid,858.33,0,SP02,0.37343446,6,0,Yes
ORD00631,2025-04-09,CUST070,National Logistics,Textiles,Coimbatore,Tamil Nadu,South,Small,P011,Customized Carton Boxes,5-Ply Corrugated Box,Nos,9,54.04,0,486.38,308.38,178,Scheduled,2025-04-15,2025-04-20,2025-04-24,2025-04-14,Completed,Dispatched,Partially Paid,298.3,188.08,SP03,0.365968995,5,10,No
ORD00632,2025-01-10,CUST051,Prime Manufacturing,Electronics,Ludhiana,Punjab,North,Small,P011,Customized Carton Boxes,5-Ply Corrugated Box,Nos,77,62.1,0.05,4781.64,2542.35,2239.29,Express,2025-01-14,2025-01-21,2025-01-22,2025-01-18,In Production,Dispatched,Paid,4781.64,0,SP07,0.468310036,7,4,No
ORD00633,2025-10-29,CUST094,Sunrise Traders,Engineering,Bhubaneswar,Odisha,East,Medium,P007,Pallet Solutions,Wooden Pallet,Nos,30,905.91,0.08,27177.34,17709.22,9468.12,Standard,2025-10-31,2025-11-04,2025-11-04,2025-11-08,Completed,Dispatched,Partially Paid,10501.6,16675.74,SP09,0.348382881,4,0,Yes
ORD00634,2025-03-28,CUST110,Om Manufacturing,Retail,Chennai,Tamil Nadu,South,Medium,P005,Stretch / Film Solutions,Stretch Film Roll,Roll,64,586.64,0.05,37544.74,23118.51,14426.23,Express,2025-04-01,2025-04-03,2025-04-04,2025-04-06,Completed,Dispatched,Outstanding,3460.55,34084.19,SP03,0.384241041,2,0,Yes
ORD00635,2025-01-14,CUST075,Global Traders,Textiles,Coimbatore,Tamil Nadu,South,Large,P012,Customized Carton Boxes,7-Ply Corrugated Box,Nos,13,99.56,0,1294.34,717.46,576.88,Standard,2025-01-16,2025-01-19,2025-01-22,2025-01-20,Completed,Dispatched,Paid,1294.34,0,SP04,0.445694331,3,2,No
ORD00636,2025-11-02,CUST106,Global Pvt Ltd,FMCG,Vijayawada,Andhra Pradesh,South,Medium,P007,Pallet Solutions,Wooden Pallet,Nos,55,978.2,0.05,53800.81,32793.78,21007.03,Scheduled,2025-11-08,2025-11-10,2025-11-13,2025-11-15,Completed,Dispatched,Paid,53800.81,0,SP07,0.390459363,2,0,Yes
ORD00637,2025-02-03,CUST078,Shree Industries,Automotive,Chennai,Tamil Nadu,South,Medium,P001,Strapping Solutions,PP Strapping Roll,Meter,100,89.5,0,8949.6,5428.64,3520.96,Scheduled,2025-02-08,2025-02-09,2025-02-12,2025-02-11,Completed,Dispatched,Paid,8949.6,0,SP11,0.393420935,1,1,No
ORD00638,2025-03-06,CUST042,National Manufacturing,FMCG,Surat,Gujarat,West,Medium,P009,Packaging Tools & Equipment,Manual Strapping Tool,Nos,9,3186.78,0,28681.05,20036.06,8644.99,Scheduled,2025-03-10,2025-03-15,2025-03-24,2025-03-18,Completed,Dispatched,Outstanding,3364.39,25316.66,SP07,0.301418184,5,6,No
ORD00639,2025-10-12,CUST107,Om Traders,FMCG,Kochi,Kerala,South,Small,P011,Customized Carton Boxes,5-Ply Corrugated Box,Nos,9,62.7,0.02,564.34,323.38,240.96,Express,2025-10-17,2025-10-18,2025-10-18,2025-10-24,Completed,Dispatched,Paid,564.34,0,SP05,0.426976645,1,0,Yes
ORD00640,2025-11-03,CUST075,Global Traders,Textiles,Coimbatore,Tamil Nadu,South,Large,P011,Customized Carton Boxes,5-Ply Corrugated Box,Nos,21,60.58,0.03,1272.15,707.29,564.86,Scheduled,2025-11-07,2025-11-14,2025-11-17,2025-11-13,Completed,Dispatched,Partially Paid,821.39,450.76,SP02,0.444019966,7,4,No
ORD00641,2025-06-03,CUST092,Metro Industries,FMCG,Coimbatore,Tamil Nadu,South,Medium,P008,Pallet Solutions,Plastic Pallet,Nos,18,2617.8,0.02,47120.34,29433.26,17687.08,Scheduled,2025-06-05,2025-06-09,2025-06-09,2025-06-10,Pending,Dispatched,Outstanding,2249.79,44870.55,SP06,0.37535977,4,0,Yes
ORD00642,2025-11-22,CUST034,Vertex Logistics,Automotive,Bhopal,Madhya Pradesh,Central,Large,P004,Protective Packaging,EPE Foam Roll,Roll,21,1418.6,0.03,29790.55,19472.98,10317.57,Scheduled,2025-11-26,2025-12-03,2025-12-06,2025-12-01,Pending,Dispatched,Paid,29790.55,0,SP03,0.34633701,7,5,No
ORD00643,2025-11-27,CUST112,National Manufacturing,Chemicals,Chennai,Tamil Nadu,South,Medium,P004,Protective Packaging,EPE Foam Roll,Roll,38,1516.86,0.1,57640.53,33164.24,24476.29,Express,2025-11-29,2025-12-04,2025-12-07,2025-12-02,Completed,Dispatched,Paid,57640.53,0,SP09,0.424636796,5,5,No
ORD00644,2025-02-11,CUST040,National Pvt Ltd,Textiles,Coimbatore,Tamil Nadu,South,Medium,P004,Protective Packaging,EPE Foam Roll,Roll,6,1594.78,0.03,9568.7,5308.7,4260,Scheduled,2025-02-13,2025-02-18,2025-02-18,2025-02-23,Completed,Dispatched,Partially Paid,4027.22,5541.48,SP01,0.445201543,5,0,Yes
ORD00645,2025-03-05,CUST025,Global Logistics,Logistics,Noida,Uttar Pradesh,North,Small,P009,Packaging Tools & Equipment,Manual Strapping Tool,Nos,10,3431.26,0.08,34312.64,21282.03,13030.61,Scheduled,2025-03-10,2025-03-13,2025-03-16,2025-03-17,Completed,Dispatched,Partially Paid,13244.22,21068.42,SP11,0.379761219,3,0,Yes
ORD00646,2025-06-05,CUST016,Shree Pvt Ltd,FMCG,Delhi,Delhi,North,Large,P007,Pallet Solutions,Wooden Pallet,Nos,20,1029.59,0.05,20591.86,12771.2,7820.66,Scheduled,2025-06-08,2025-06-10,2025-06-18,2025-06-15,In Production,Dispatched,Partially Paid,15314.28,5277.58,SP07,0.379793763,2,3,No
ORD00647,2025-02-26,CUST005,Apex Logistics,Electronics,Bhubaneswar,Odisha,East,Large,P005,Stretch / Film Solutions,Stretch Film Roll,Roll,23,690.71,0.02,15886.34,8584.15,7302.19,Scheduled,2025-03-02,2025-03-07,2025-03-11,2025-03-10,Completed,Dispatched,Partially Paid,9297.73,6588.61,SP02,0.459652129,5,1,No
ORD00648,2025-03-07,CUST083,Metro Industries,Engineering,Jaipur,Rajasthan,North,Small,P004,Protective Packaging,EPE Foam Roll,Roll,18,1377,0.05,24786.01,15683.04,9102.97,Scheduled,2025-03-11,2025-03-16,2025-03-17,2025-03-20,Completed,Dispatched,Partially Paid,11182.67,13603.34,SP08,0.367262419,5,0,Yes
ORD00649,2025-01-02,CUST076,Metro Manufacturing,Textiles,Delhi,Delhi,North,Large,P014,Material Handling,Hand Pallet Truck,Nos,31,18361.85,0,569217.33,403090.6,166126.73,Express,2025-01-07,2025-01-13,2025-01-13,2025-01-12,Pending,Dispatched,Paid,569217.33,0,SP06,0.291851146,6,1,No
ORD00650,2025-09-22,CUST035,United Industries,FMCG,Ludhiana,Punjab,North,Medium,P011,Customized Carton Boxes,5-Ply Corrugated Box,Nos,56,53.55,0.05,2998.99,1926.45,1072.54,Express,2025-09-24,2025-09-30,2025-10-01,2025-09-27,Completed,Dispatched,Paid,2998.99,0,SP02,0.357633737,6,4,No
ORD00651,2025-10-20,CUST039,Shree Logistics,Retail,Bhopal,Madhya Pradesh,Central,Small,P003,Protective Packaging,Bubble Wrap Roll,Roll,21,797.76,0,16752.97,10664.63,6088.34,Scheduled,2025-10-22,2025-10-28,2025-10-29,2025-10-31,In Production,Dispatched,Paid,16752.97,0,SP11,0.363418546,6,0,Yes
ORD00652,2025-02-19,CUST049,Metro Enterprises,Retail,Chennai,Tamil Nadu,South,Medium,P003,Protective Packaging,Bubble Wrap Roll,Roll,17,800.86,0.08,13614.68,8813.17,4801.51,Express,2025-02-21,2025-02-25,2025-02-28,2025-02-24,Completed,Dispatched,Paid,13614.68,0,SP04,0.352671528,4,4,No
ORD00653,2025-06-24,CUST085,Global Manufacturing,Pharmaceuticals,Bhubaneswar,Odisha,East,Small,P006,Stretch / Film Solutions,Shrink Film Roll,Roll,34,741.88,0.05,25223.96,15402.46,9821.5,Express,2025-06-26,2025-07-03,2025-07-05,2025-07-07,In Production,Dispatched,Partially Paid,9793.66,15430.3,SP10,0.389371851,7,0,Yes
ORD00654,2025-03-05,CUST076,Metro Manufacturing,Textiles,Delhi,Delhi,North,Large,P004,Protective Packaging,EPE Foam Roll,Roll,31,1537.82,0.08,47672.47,28320.83,19351.64,Express,2025-03-07,2025-03-08,2025-03-08,2025-03-16,In Production,Dispatched,Paid,47672.47,0,SP01,0.40592904,1,0,Yes
ORD00655,2025-06-04,CUST110,Om Manufacturing,Retail,Chennai,Tamil Nadu,South,Medium,P004,Protective Packaging,EPE Foam Roll,Roll,22,1551.87,0.03,34141.24,20436.01,13705.23,Scheduled,2025-06-10,2025-06-16,2025-06-21,2025-06-10,Completed,Dispatched,Paid,34141.24,0,SP07,0.401427423,6,11,No
ORD00656,2025-04-30,CUST119,National Traders,Engineering,Jaipur,Rajasthan,North,Medium,P003,Protective Packaging,Bubble Wrap Roll,Roll,25,794.26,0.03,19856.6,13510.85,6345.75,Scheduled,2025-05-06,2025-05-13,2025-05-17,2025-05-05,Completed,Dispatched,Paid,19856.6,0,SP11,0.319578881,7,12,No
ORD00657,2025-01-14,CUST096,Shree Industries,Retail,Delhi,Delhi,North,Small,P011,Customized Carton Boxes,5-Ply Corrugated Box,Nos,75,61.46,0,4609.44,2521.72,2087.72,Standard,2025-01-19,2025-01-24,2025-01-26,2025-01-28,Completed,Dispatched,Paid,4609.44,0,SP11,0.452922698,5,0,Yes
ORD00658,2025-09-18,CUST013,Prime Industries,Electronics,Delhi,Delhi,North,Medium,P009,Packaging Tools & Equipment,Manual Strapping Tool,Nos,12,3374.21,0.03,40490.55,25606.02,14884.53,Standard,2025-09-22,2025-09-25,2025-09-28,2025-09-30,Completed,Dispatched,Paid,40490.55,0,SP05,0.367605034,3,0,Yes
ORD00659,2025-10-27,CUST079,Shree Manufacturing,Logistics,Indore,Madhya Pradesh,Central,Large,P012,Customized Carton Boxes,7-Ply Corrugated Box,Nos,17,98.62,0.05,1676.56,929.87,746.69,Express,2025-11-01,2025-11-06,2025-11-08,2025-11-05,Completed,Dispatched,Paid,1676.56,0,SP05,0.445370282,5,3,No
ORD00660,2025-07-08,CUST035,United Industries,FMCG,Ludhiana,Punjab,North,Medium,P002,Strapping Solutions,PET Strapping Roll,Kg,75,138.03,0.02,10352.26,5298.65,5053.61,Standard,2025-07-10,2025-07-15,2025-07-25,2025-07-15,In Production,Dispatched,Paid,10352.26,0,SP04,0.488164903,5,10,No
ORD00661,2025-11-24,CUST091,Metro Pvt Ltd,Chemicals,Gurugram,Haryana,North,Medium,P012,Customized Carton Boxes,7-Ply Corrugated Box,Nos,47,99.58,0.03,4680.38,2599.74,2080.64,Express,2025-11-27,2025-12-04,2025-12-04,2025-12-04,Completed,Dispatched,Partially Paid,2721.01,1959.37,SP10,0.444545101,7,0,Yes
ORD00662,2025-06-03,CUST115,Metro Enterprises,Chemicals,Bhubaneswar,Odisha,East,Medium,P005,Stretch / Film Solutions,Stretch Film Roll,Roll,13,582.49,0.05,7572.34,4684.58,2887.76,Standard,2025-06-08,2025-06-11,2025-06-12,2025-06-09,In Production,Dispatched,Paid,7572.34,0,SP12,0.381356357,3,3,No
ORD00663,2025-04-28,CUST034,Vertex Logistics,Automotive,Bhopal,Madhya Pradesh,Central,Large,P009,Packaging Tools & Equipment,Manual Strapping Tool,Nos,11,3528.81,0.05,38816.86,24004.33,14812.53,Standard,2025-05-03,2025-05-08,2025-05-09,2025-05-06,Completed,Dispatched,Partially Paid,19801.45,19015.41,SP06,0.381600418,5,3,No
ORD00664,2025-01-06,CUST068,Shree Enterprises,Engineering,Indore,Madhya Pradesh,Central,Small,P003,Protective Packaging,Bubble Wrap Roll,Roll,10,937.74,0.02,9377.37,5122.85,4254.52,Standard,2025-01-08,2025-01-11,2025-01-15,2025-01-19,Completed,Dispatched,Paid,9377.37,0,SP04,0.453700771,3,0,Yes
ORD00665,2025-04-12,CUST119,National Traders,Engineering,Jaipur,Rajasthan,North,Medium,P001,Strapping Solutions,PP Strapping Roll,Meter,110,87.05,0.03,9575.25,6187.87,3387.38,Standard,2025-04-16,2025-04-18,2025-04-19,2025-04-21,Completed,Dispatched,Paid,9575.25,0,SP05,0.353764131,2,0,Yes
ORD00666,2025-02-21,CUST083,Metro Industries,Engineering,Jaipur,Rajasthan,North,Small,P002,Strapping Solutions,PET Strapping Roll,Kg,145,121.37,0.05,17597.97,10905.09,6692.88,Standard,2025-02-23,2025-03-02,2025-03-03,2025-03-04,In Production,Dispatched,Paid,17597.97,0,SP06,0.380321139,7,0,Yes
ORD00667,2025-07-10,CUST019,Apex Manufacturing,Automotive,Ludhiana,Punjab,North,Medium,P012,Customized Carton Boxes,7-Ply Corrugated Box,Nos,11,85.8,0.08,943.79,648.05,295.74,Scheduled,2025-07-13,2025-07-18,2025-07-22,2025-07-21,Completed,Dispatched,Paid,943.79,0,SP07,0.313353606,5,1,No
ORD00668,2025-12-22,CUST023,Vertex Logistics,Textiles,Noida,Uttar Pradesh,North,Large,P003,Protective Packaging,Bubble Wrap Roll,Roll,113,812.13,0.05,91771.09,56946.3,34824.79,Scheduled,2025-12-26,2025-12-29,2026-01-02,2026-01-02,Completed,Pending,Paid,91771.09,0,SP05,0.379474516,3,0,Yes
ORD00669,2025-03-18,CUST010,Metro Logistics,Textiles,Chandigarh,Chandigarh,North,Small,P009,Packaging Tools & Equipment,Manual Strapping Tool,Nos,25,3361.46,0.08,84036.62,57677.49,26359.13,Express,2025-03-22,2025-03-24,2025-03-24,2025-03-27,In Production,Dispatched,Outstanding,9167.96,74868.66,SP11,0.313662425,2,0,Yes
ORD00670,2025-11-11,CUST024,Sunrise Logistics,Retail,Kolkata,West Bengal,East,Medium,P003,Protective Packaging,Bubble Wrap Roll,Roll,36,821.6,0.05,29577.5,19030.58,10546.92,Standard,2025-11-13,2025-11-15,2025-11-19,2025-11-22,Completed,Dispatched,Paid,29577.5,0,SP06,0.356585918,2,0,Yes
ORD00671,2025-12-31,CUST032,Vertex Industries,Textiles,Bhopal,Madhya Pradesh,Central,Large,P005,Stretch / Film Solutions,Stretch Film Roll,Roll,23,636.61,0.1,14642.09,8447.39,6194.7,Standard,2026-01-04,2026-01-09,2026-01-12,2026-01-12,Completed,Pending,Paid,14642.09,0,SP04,0.423074848,5,0,Yes
ORD00672,2025-08-20,CUST096,Shree Industries,Retail,Delhi,Delhi,North,Small,P011,Customized Carton Boxes,5-Ply Corrugated Box,Nos,7,62.08,0.05,434.59,239.44,195.15,Scheduled,2025-08-23,2025-08-27,2025-08-28,2025-08-29,Completed,Dispatched,Paid,434.59,0,SP02,0.449043926,4,0,Yes
ORD00673,2025-03-10,CUST048,Sunrise Manufacturing,FMCG,Vijayawada,Andhra Pradesh,South,Small,P002,Strapping Solutions,PET Strapping Roll,Kg,50,137.28,0.05,6863.78,3484.52,3379.26,Express,2025-03-12,2025-03-15,2025-03-18,2025-03-23,Completed,Dispatched,Paid,6863.78,0,SP08,0.492332213,3,0,Yes
ORD00674,2025-08-10,CUST072,United Logistics,Textiles,Bhopal,Madhya Pradesh,Central,Large,P003,Protective Packaging,Bubble Wrap Roll,Roll,16,799.72,0.08,12795.53,8127.24,4668.29,Standard,2025-08-15,2025-08-18,2025-08-21,2025-08-20,Completed,Dispatched,Paid,12795.53,0,SP05,0.364837564,3,1,No
ORD00675,2025-09-14,CUST033,Om Manufacturing,Pharmaceuticals,Kochi,Kerala,South,Medium,P003,Protective Packaging,Bubble Wrap Roll,Roll,17,846.75,0.02,14394.77,9015.92,5378.85,Express,2025-09-20,2025-09-25,2025-09-25,2025-09-23,Completed,Dispatched,Paid,14394.77,0,SP04,0.373666964,5,2,No
ORD00676,2025-12-12,CUST058,Sunrise Pvt Ltd,Chemicals,Jaipur,Rajasthan,North,Large,P011,Customized Carton Boxes,5-Ply Corrugated Box,Nos,12,64.13,0,769.58,394.18,375.4,Standard,2025-12-16,2025-12-19,2025-12-21,2025-12-21,Completed,Dispatched,Paid,769.58,0,SP05,0.487798539,3,0,Yes
ORD00677,2025-05-25,CUST032,Vertex Industries,Textiles,Bhopal,Madhya Pradesh,Central,Large,P009,Packaging Tools & Equipment,Manual Strapping Tool,Nos,54,3432.37,0.1,185347.77,120088.89,65258.88,Standard,2025-05-29,2025-06-05,2025-06-08,2025-06-05,Completed,Dispatched,Paid,185347.77,0,SP07,0.352088833,7,3,No
ORD00678,2025-04-27,CUST003,Prime Logistics,Retail,Coimbatore,Tamil Nadu,South,Small,P003,Protective Packaging,Bubble Wrap Roll,Roll,23,897.33,0.02,20638.59,11629.33,9009.26,Standard,2025-04-30,2025-05-06,2025-05-07,2025-05-09,Completed,Dispatched,Paid,20638.59,0,SP06,0.436524976,6,0,Yes
ORD00679,2025-04-07,CUST077,Shree Industries,FMCG,Vijayawada,Andhra Pradesh,South,Large,P007,Pallet Solutions,Wooden Pallet,Nos,4,879.87,0.03,3519.46,2377.38,1142.08,Scheduled,2025-04-12,2025-04-19,2025-04-22,2025-04-15,In Production,Dispatched,Paid,3519.46,0,SP01,0.324504327,7,7,No
ORD00680,2025-09-13,CUST078,Shree Industries,Automotive,Chennai,Tamil Nadu,South,Medium,P004,Protective Packaging,EPE Foam Roll,Roll,25,1524.87,0.08,38121.73,22463.85,15657.88,Standard,2025-09-17,2025-09-20,2025-09-21,2025-09-24,Completed,Dispatched,Partially Paid,18314.89,19806.84,SP10,0.410733721,3,0,Yes
ORD00681,2025-01-17,CUST051,Prime Manufacturing,Electronics,Ludhiana,Punjab,North,Small,P010,Packaging Tools & Equipment,Battery Strapping Machine,Nos,17,38846.48,0.1,660390.1,503872.34,156517.76,Standard,2025-01-20,2025-01-22,2025-01-24,2025-01-31,Completed,Dispatched,Paid,660390.1,0,SP07,0.237008035,2,0,Yes
ORD00682,2025-02-02,CUST119,National Traders,Engineering,Jaipur,Rajasthan,North,Medium,P001,Strapping Solutions,PP Strapping Roll,Meter,130,95.55,0.1,12421.9,7090.23,5331.67,Standard,2025-02-08,2025-02-12,2025-02-19,2025-02-14,Pending,Dispatched,Paid,12421.9,0,SP11,0.429215337,4,5,No
ORD00683,2025-10-11,CUST049,Metro Enterprises,Retail,Chennai,Tamil Nadu,South,Medium,P003,Protective Packaging,Bubble Wrap Roll,Roll,13,818.46,0,10640.01,6370.22,4269.79,Scheduled,2025-10-14,2025-10-15,2025-10-22,2025-10-23,Completed,Dispatched,Outstanding,464.6,10175.41,SP02,0.401295675,1,0,Yes
ORD00684,2025-08-21,CUST017,Global Logistics,Electronics,Patna,Bihar,East,Small,P012,Customized Carton Boxes,7-Ply Corrugated Box,Nos,16,85.42,0.02,1366.79,896.37,470.42,Scheduled,2025-08-23,2025-08-26,2025-08-30,2025-08-26,In Production,Dispatched,Paid,1366.79,0,SP07,0.344178696,3,4,No
ORD00685,2025-09-02,CUST043,Om Logistics,Electronics,Mumbai,Maharashtra,West,Large,P011,Customized Carton Boxes,5-Ply Corrugated Box,Nos,17,58.96,0.02,1002.25,612.31,389.94,Express,2025-09-04,2025-09-08,2025-09-09,2025-09-09,Completed,Dispatched,Partially Paid,592.81,409.44,SP10,0.389064605,4,0,Yes
ORD00686,2025-04-14,CUST112,National Manufacturing,Chemicals,Chennai,Tamil Nadu,South,Medium,P001,Strapping Solutions,PP Strapping Roll,Meter,350,102.24,0.02,35783.99,19888.74,15895.25,Standard,2025-04-20,2025-04-26,2025-04-29,2025-04-23,Pending,Dispatched,Paid,35783.99,0,SP09,0.444200046,6,6,No
ORD00687,2025-06-18,CUST097,Vertex Pvt Ltd,Electronics,Kochi,Kerala,South,Medium,P012,Customized Carton Boxes,7-Ply Corrugated Box,Nos,7,100,0.02,699.97,397.01,302.96,Scheduled,2025-06-24,2025-06-28,2025-07-01,2025-06-30,Completed,Dispatched,Paid,699.97,0,SP12,0.432818549,4,1,No
ORD00688,2025-06-02,CUST034,Vertex Logistics,Automotive,Bhopal,Madhya Pradesh,Central,Large,P001,Strapping Solutions,PP Strapping Roll,Meter,100,105.68,0.02,10567.53,5679.57,4887.96,Scheduled,2025-06-07,2025-06-12,2025-06-13,2025-06-13,In Production,Dispatched,Partially Paid,4474.06,6093.47,SP02,0.462545174,5,0,Yes
ORD00689,2025-07-21,CUST048,Sunrise Manufacturing,FMCG,Vijayawada,Andhra Pradesh,South,Small,P003,Protective Packaging,Bubble Wrap Roll,Roll,21,905.04,0.05,19005.82,10725.7,8280.12,Scheduled,2025-07-23,2025-07-25,2025-07-26,2025-07-30,Completed,Dispatched,Partially Paid,9778.71,9227.11,SP02,0.435662339,2,0,Yes
ORD00690,2025-07-08,CUST072,United Logistics,Textiles,Bhopal,Madhya Pradesh,Central,Large,P004,Protective Packaging,EPE Foam Roll,Roll,12,1380.56,0.02,16566.76,11183,5383.76,Standard,2025-07-10,2025-07-17,2025-07-17,2025-07-21,Completed,Dispatched,Paid,16566.76,0,SP08,0.324973622,7,0,Yes
ORD00691,2025-01-14,CUST054,Prime Industries,Chemicals,Coimbatore,Tamil Nadu,South,Small,P008,Pallet Solutions,Plastic Pallet,Nos,21,2291.31,0.05,48117.56,34939.06,13178.5,Standard,2025-01-16,2025-01-22,2025-01-25,2025-01-25,Completed,Dispatched,Paid,48117.56,0,SP12,0.273881302,6,0,Yes
ORD00692,2025-03-11,CUST102,Global Logistics,Textiles,Bengaluru,Karnataka,South,Medium,P005,Stretch / Film Solutions,Stretch Film Roll,Roll,5,573.03,0.1,2865.17,1797.65,1067.52,Express,2025-03-15,2025-03-21,2025-03-24,2025-03-23,Completed,Dispatched,Paid,2865.17,0,SP05,0.372585222,6,1,No
ORD00693,2025-03-24,CUST044,Apex Industries,Automotive,Noida,Uttar Pradesh,North,Small,P004,Protective Packaging,EPE Foam Roll,Roll,67,1378.62,0.1,92367.84,61801.63,30566.21,Scheduled,2025-03-27,2025-04-03,2025-04-07,2025-04-07,Completed,Dispatched,Partially Paid,60541.17,31826.67,SP05,0.330918315,7,0,Yes
ORD00694,2025-03-20,CUST091,Metro Pvt Ltd,Chemicals,Gurugram,Haryana,North,Medium,P001,Strapping Solutions,PP Strapping Roll,Meter,100,103.99,0.03,10399.14,5386.89,5012.25,Scheduled,2025-03-25,2025-03-28,2025-03-29,2025-03-28,In Production,Dispatched,Paid,10399.14,0,SP09,0.481986972,3,1,No
ORD00695,2025-11-25,CUST067,Metro Manufacturing,Textiles,Delhi,Delhi,North,Medium,P012,Customized Carton Boxes,7-Ply Corrugated Box,Nos,44,91.06,0,4006.59,2500.54,1506.05,Standard,2025-11-27,2025-12-01,2025-12-05,2025-12-07,Completed,Dispatched,Paid,4006.59,0,SP04,0.375893216,4,0,Yes
ORD00696,2025-02-16,CUST113,Vertex Manufacturing,FMCG,Pune,Maharashtra,West,Medium,P009,Packaging Tools & Equipment,Manual Strapping Tool,Nos,87,3539.09,0.02,307900.85,196493.68,111407.17,Scheduled,2025-02-18,2025-02-22,2025-02-22,2025-02-21,Completed,Dispatched,Partially Paid,210651.61,97249.24,SP03,0.361828069,4,1,No
ORD00697,2025-03-27,CUST034,Vertex Logistics,Automotive,Bhopal,Madhya Pradesh,Central,Large,P003,Protective Packaging,Bubble Wrap Roll,Roll,10,951.07,0,9510.74,5124.33,4386.41,Express,2025-03-29,2025-04-02,2025-04-06,2025-04-02,Completed,Dispatched,Paid,9510.74,0,SP07,0.461205963,4,4,No
ORD00698,2025-03-03,CUST082,Global Enterprises,Pharmaceuticals,Coimbatore,Tamil Nadu,South,Small,P013,Material Handling,Platform Trolley,Nos,33,7765.03,0,256246.01,187698.67,68547.34,Express,2025-03-06,2025-03-08,2025-03-08,2025-03-13,Completed,Dispatched,Paid,256246.01,0,SP04,0.26750598,2,0,Yes
ORD00699,2025-02-03,CUST085,Global Manufacturing,Pharmaceuticals,Bhubaneswar,Odisha,East,Small,P014,Material Handling,Hand Pallet Truck,Nos,28,20305.22,0.08,568546.14,373507.39,195038.75,Scheduled,2025-02-07,2025-02-13,2025-02-20,2025-02-13,Completed,Dispatched,Partially Paid,320928.72,247617.42,SP03,0.343048235,6,7,No
ORD00700,2025-05-09,CUST088,United Manufacturing,Electronics,Pune,Maharashtra,West,Medium,P011,Customized Carton Boxes,5-Ply Corrugated Box,Nos,34,61.49,0.1,2090.59,1145.89,944.7,Scheduled,2025-05-11,2025-05-16,2025-05-18,2025-05-20,Pending,Dispatched,Partially Paid,1368.68,721.91,SP06,0.451882005,5,0,Yes
ORD00701,2025-12-08,CUST048,Sunrise Manufacturing,FMCG,Vijayawada,Andhra Pradesh,South,Small,P007,Pallet Solutions,Wooden Pallet,Nos,22,992.62,0.1,21837.62,13951.37,7886.25,Scheduled,2025-12-13,2025-12-14,2025-12-16,2025-12-13,Completed,Dispatched,Paid,21837.62,0,SP12,0.361131387,1,3,No
ORD00702,2025-01-07,CUST059,Global Manufacturing,Textiles,Vijayawada,Andhra Pradesh,South,Small,P012,Customized Carton Boxes,7-Ply Corrugated Box,Nos,3,93.27,0.08,279.8,167.13,112.67,Express,2025-01-10,2025-01-11,2025-01-15,2025-01-13,Completed,Dispatched,Partially Paid,113.33,166.47,SP05,0.402680486,1,2,No
ORD00703,2025-04-14,CUST116,United Manufacturing,Logistics,Coimbatore,Tamil Nadu,South,Medium,P003,Protective Packaging,Bubble Wrap Roll,Roll,13,787,0.03,10230.98,6376.67,3854.31,Scheduled,2025-04-17,2025-04-21,2025-04-22,2025-04-19,Completed,Dispatched,Outstanding,426.83,9804.15,SP01,0.376729306,4,3,No
ORD00704,2025-09-24,CUST049,Metro Enterprises,Retail,Chennai,Tamil Nadu,South,Medium,P004,Protective Packaging,EPE Foam Roll,Roll,16,1614.74,0.02,25835.88,14834.12,11001.76,Scheduled,2025-09-29,2025-10-05,2025-10-07,2025-09-29,Completed,Dispatched,Paid,25835.88,0,SP04,0.425832602,6,8,No
ORD00705,2025-12-18,CUST072,United Logistics,Textiles,Bhopal,Madhya Pradesh,Central,Large,P013,Material Handling,Platform Trolley,Nos,48,8498.36,0.08,407921.21,272042.24,135878.97,Standard,2025-12-21,2025-12-26,2025-12-29,2025-12-31,Completed,Dispatched,Paid,407921.21,0,SP01,0.333101017,5,0,Yes
ORD00706,2025-11-21,CUST033,Om Manufacturing,Pharmaceuticals,Kochi,Kerala,South,Medium,P005,Stretch / Film Solutions,Stretch Film Roll,Roll,5,641.1,0.1,3205.5,1860.79,1344.71,Scheduled,2025-11-24,2025-11-26,2025-11-27,2025-11-27,Completed,Dispatched,Partially Paid,1222.15,1983.35,SP08,0.419500858,2,0,Yes
ORD00707,2025-06-09,CUST007,Shree Industries,Pharmaceuticals,Kolkata,West Bengal,East,Large,P003,Protective Packaging,Bubble Wrap Roll,Roll,32,941.53,0,30129.08,16304.03,13825.05,Standard,2025-06-12,2025-06-18,2025-06-19,2025-06-17,Completed,Dispatched,Paid,30129.08,0,SP05,0.458860675,6,2,No
ORD00708,2025-09-04,CUST104,Om Logistics,Engineering,Chennai,Tamil Nadu,South,Medium,P001,Strapping Solutions,PP Strapping Roll,Meter,180,87.78,0.03,15801.21,10460.79,5340.42,Standard,2025-09-06,2025-09-09,2025-09-12,2025-09-15,Completed,Dispatched,Paid,15801.21,0,SP08,0.337975383,3,0,Yes
ORD00709,2025-01-11,CUST049,Metro Enterprises,Retail,Chennai,Tamil Nadu,South,Medium,P003,Protective Packaging,Bubble Wrap Roll,Roll,5,824.01,0,4120.03,2568.6,1551.43,Express,2025-01-16,2025-01-20,2025-01-20,2025-01-20,Completed,Dispatched,Partially Paid,1946.05,2173.98,SP07,0.376557938,4,0,Yes
ORD00710,2025-10-15,CUST005,Apex Logistics,Electronics,Bhubaneswar,Odisha,East,Large,P005,Stretch / Film Solutions,Stretch Film Roll,Roll,42,592.4,0.1,24880.97,14908.35,9972.62,Scheduled,2025-10-21,2025-10-25,2025-10-30,2025-10-25,Completed,Dispatched,Outstanding,1868.68,23012.29,SP06,0.400813152,4,5,No
ORD00711,2025-09-09,CUST042,National Manufacturing,FMCG,Surat,Gujarat,West,Medium,P004,Protective Packaging,EPE Foam Roll,Roll,31,1546.62,0.03,47945.14,26746.05,21199.09,Standard,2025-09-14,2025-09-18,2025-09-21,2025-09-19,Completed,Dispatched,Outstanding,7137.63,40807.51,SP07,0.442153052,4,2,No
ORD00712,2025-10-17,CUST101,Vertex Manufacturing,Electronics,Jaipur,Rajasthan,North,Medium,P006,Stretch / Film Solutions,Shrink Film Roll,Roll,8,754.47,0.02,6035.79,3512.18,2523.61,Scheduled,2025-10-20,2025-10-22,2025-10-25,2025-10-26,Completed,Dispatched,Paid,6035.79,0,SP06,0.418107655,2,0,Yes
ORD00713,2025-12-23,CUST052,United Manufacturing,Retail,Coimbatore,Tamil Nadu,South,Small,P011,Customized Carton Boxes,5-Ply Corrugated Box,Nos,25,53.92,0.02,1348.06,862.93,485.13,Scheduled,2025-12-25,2025-12-31,2026-01-03,2026-01-03,Completed,Pending,Paid,1348.06,0,SP11,0.359872706,6,0,Yes
ORD00714,2025-01-15,CUST112,National Manufacturing,Chemicals,Chennai,Tamil Nadu,South,Medium,P002,Strapping Solutions,PET Strapping Roll,Kg,65,121.43,0.08,7893.18,4695.93,3197.25,Standard,2025-01-18,2025-01-21,2025-01-25,2025-01-27,Completed,Dispatched,Paid,7893.18,0,SP02,0.405064879,3,0,Yes
ORD00715,2025-11-26,CUST002,Global Pvt Ltd,FMCG,Noida,Uttar Pradesh,North,Large,P013,Material Handling,Platform Trolley,Nos,13,7508.55,0.05,97611.09,72987.13,24623.96,Scheduled,2025-12-01,2025-12-05,2025-12-09,2025-12-02,Completed,Dispatched,Paid,97611.09,0,SP05,0.252266008,4,7,No
ORD00716,2025-09-14,CUST054,Prime Industries,Chemicals,Coimbatore,Tamil Nadu,South,Small,P005,Stretch / Film Solutions,Stretch Film Roll,Roll,5,647.76,0.05,3238.81,1810.21,1428.6,Express,2025-09-20,2025-09-26,2025-09-29,2025-09-28,Completed,Dispatched,Outstanding,309.07,2929.74,SP03,0.44108793,6,1,No
ORD00717,2025-05-18,CUST089,Shree Manufacturing,Electronics,Chandigarh,Chandigarh,North,Small,P002,Strapping Solutions,PET Strapping Roll,Kg,50,115.63,0.03,5781.36,3721.69,2059.67,Express,2025-05-21,2025-05-27,2025-06-02,2025-05-27,In Production,Dispatched,Paid,5781.36,0,SP11,0.356260465,6,6,No
ORD00718,2025-05-28,CUST063,Prime Logistics,FMCG,Bhopal,Madhya Pradesh,Central,Large,P001,Strapping Solutions,PP Strapping Roll,Meter,490,97.22,0.08,47637.81,25997.2,21640.61,Scheduled,2025-06-02,2025-06-04,2025-06-05,2025-06-07,Completed,Dispatched,Paid,47637.81,0,SP04,0.454273822,2,0,Yes
ORD00719,2025-04-06,CUST031,United Industries,Textiles,Bhopal,Madhya Pradesh,Central,Large,P008,Pallet Solutions,Plastic Pallet,Nos,38,2430.84,0.08,92371.89,61879.14,30492.75,Scheduled,2025-04-09,2025-04-10,2025-04-11,2025-04-14,In Production,Dispatched,Paid,92371.89,0,SP03,0.330108543,1,0,Yes
ORD00720,2025-02-10,CUST014,National Industries,Retail,Ahmedabad,Gujarat,West,Medium,P001,Strapping Solutions,PP Strapping Roll,Meter,100,93.11,0,9310.91,5542.87,3768.04,Standard,2025-02-14,2025-02-15,2025-02-18,2025-02-16,Completed,Dispatched,Paid,9310.91,0,SP01,0.404690841,1,2,No
ORD00721,2025-02-01,CUST042,National Manufacturing,FMCG,Surat,Gujarat,West,Medium,P014,Material Handling,Hand Pallet Truck,Nos,20,19508.31,0.05,390166.22,275346.33,114819.89,Scheduled,2025-02-05,2025-02-12,2025-02-12,2025-02-15,Completed,Dispatched,Paid,390166.22,0,SP09,0.294284549,7,0,Yes
ORD00722,2025-05-17,CUST001,Prime Industries,Textiles,Patna,Bihar,East,Small,P008,Pallet Solutions,Plastic Pallet,Nos,53,2436.65,0.1,129142.66,85732.32,43410.34,Express,2025-05-22,2025-05-26,2025-05-28,2025-05-31,Completed,Dispatched,Outstanding,12883.5,116259.16,SP10,0.336142526,4,0,Yes
ORD00723,2025-01-30,CUST068,Shree Enterprises,Engineering,Indore,Madhya Pradesh,Central,Small,P010,Packaging Tools & Equipment,Battery Strapping Machine,Nos,25,37942.01,0.1,948550.18,708823.26,239726.92,Scheduled,2025-02-03,2025-02-10,2025-02-17,2025-02-05,Completed,Dispatched,Outstanding,17485.75,931064.43,SP05,0.252729824,7,12,No
ORD00724,2025-12-25,CUST107,Om Traders,FMCG,Kochi,Kerala,South,Small,P001,Strapping Solutions,PP Strapping Roll,Meter,100,89.04,0,8903.92,5280.62,3623.3,Scheduled,2025-12-28,2025-12-31,2026-01-03,2026-01-08,In Production,Pending,Paid,8903.92,0,SP06,0.406933126,3,0,Yes
ORD00725,2025-01-09,CUST088,United Manufacturing,Electronics,Pune,Maharashtra,West,Medium,P012,Customized Carton Boxes,7-Ply Corrugated Box,Nos,10,86.51,0.02,865.12,582.11,283.01,Express,2025-01-13,2025-01-20,2025-01-20,2025-01-19,Completed,Dispatched,Paid,865.12,0,SP08,0.327133808,7,1,No
ORD00726,2025-12-04,CUST078,Shree Industries,Automotive,Chennai,Tamil Nadu,South,Medium,P006,Stretch / Film Solutions,Shrink Film Roll,Roll,28,782.05,0.03,21897.53,12756.98,9140.55,Standard,2025-12-06,2025-12-12,2025-12-15,2025-12-13,Completed,Dispatched,Outstanding,419.98,21477.55,SP05,0.417423792,6,2,No
ORD00727,2025-12-11,CUST079,Shree Manufacturing,Logistics,Indore,Madhya Pradesh,Central,Large,P004,Protective Packaging,EPE Foam Roll,Roll,26,1483.03,0.1,38558.7,22290.74,16267.96,Standard,2025-12-17,2025-12-24,2025-12-27,2025-12-18,Pending,Dispatched,Paid,38558.7,0,SP03,0.421901153,7,9,No
ORD00728,2025-12-04,CUST114,United Pvt Ltd,Chemicals,Indore,Madhya Pradesh,Central,Large,P003,Protective Packaging,Bubble Wrap Roll,Roll,43,930.54,0.03,40013.13,21833.51,18179.62,Scheduled,2025-12-06,2025-12-07,2025-12-10,2025-12-09,In Production,Dispatched,Outstanding,4316.47,35696.66,SP08,0.454341362,1,1,No
ORD00729,2025-12-10,CUST115,Metro Enterprises,Chemicals,Bhubaneswar,Odisha,East,Medium,P006,Stretch / Film Solutions,Shrink Film Roll,Roll,78,731.62,0.03,57066.46,34078.37,22988.09,Scheduled,2025-12-12,2025-12-18,2025-12-19,2025-12-23,Completed,Dispatched,Partially Paid,37466.13,19600.33,SP02,0.402830139,6,0,Yes
ORD00730,2025-11-26,CUST022,United Manufacturing,Textiles,Patna,Bihar,East,Small,P013,Material Handling,Platform Trolley,Nos,7,7513.23,0.08,52592.6,38434.49,14158.11,Standard,2025-11-30,2025-12-04,2025-12-07,2025-12-09,Completed,Dispatched,Paid,52592.6,0,SP02,0.269203462,4,0,Yes
ORD00731,2025-02-15,CUST050,Prime Industries,Retail,Pune,Maharashtra,West,Large,P001,Strapping Solutions,PP Strapping Roll,Meter,110,96.16,0.08,10577.26,6255.19,4322.07,Scheduled,2025-02-19,2025-02-25,2025-03-01,2025-02-23,Completed,Dispatched,Paid,10577.26,0,SP12,0.408619056,6,6,No
ORD00732,2025-01-01,CUST021,National Pvt Ltd,Logistics,Ludhiana,Punjab,North,Medium,P004,Protective Packaging,EPE Foam Roll,Roll,31,1356.54,0.05,42052.66,28348.93,13703.73,Scheduled,2025-01-05,2025-01-06,2025-01-10,2025-01-14,Completed,Dispatched,Paid,42052.66,0,SP03,0.325870706,1,0,Yes
ORD00733,2025-09-24,CUST120,Prime Manufacturing,Pharmaceuticals,Coimbatore,Tamil Nadu,South,Small,P004,Protective Packaging,EPE Foam Roll,Roll,15,1449.49,0.05,21742.31,13532.28,8210.03,Standard,2025-09-30,2025-10-05,2025-10-06,2025-09-30,Completed,Dispatched,Paid,21742.31,0,SP08,0.377606151,5,6,No
ORD00734,2025-12-15,CUST110,Om Manufacturing,Retail,Chennai,Tamil Nadu,South,Medium,P007,Pallet Solutions,Wooden Pallet,Nos,7,1011.4,0.05,7079.78,4149.63,2930.15,Scheduled,2025-12-20,2025-12-22,2025-12-26,2025-12-24,Completed,Dispatched,Partially Paid,3384.53,3695.25,SP12,0.413875855,2,2,No
ORD00735,2025-03-05,CUST052,United Manufacturing,Retail,Coimbatore,Tamil Nadu,South,Small,P012,Customized Carton Boxes,7-Ply Corrugated Box,Nos,14,90.17,0.08,1262.35,785.98,476.37,Express,2025-03-09,2025-03-16,2025-03-20,2025-03-17,Completed,Dispatched,Paid,1262.35,0,SP03,0.377367608,7,3,No
ORD00736,2025-04-18,CUST007,Shree Industries,Pharmaceuticals,Kolkata,West Bengal,East,Large,P010,Packaging Tools & Equipment,Battery Strapping Machine,Nos,13,34994.48,0.08,454928.18,373089.77,81838.41,Scheduled,2025-04-21,2025-04-27,2025-04-27,2025-04-25,Completed,Dispatched,Paid,454928.18,0,SP07,0.179893033,6,2,No
ORD00737,2025-06-22,CUST052,United Manufacturing,Retail,Coimbatore,Tamil Nadu,South,Small,P008,Pallet Solutions,Plastic Pallet,Nos,9,2269.65,0.03,20426.81,15427.01,4999.8,Standard,2025-06-27,2025-07-03,2025-07-06,2025-07-02,Completed,Dispatched,Paid,20426.81,0,SP12,0.244766559,6,4,No
ORD00738,2025-10-08,CUST008,Metro Traders,Pharmaceuticals,Chennai,Tamil Nadu,South,Small,P002,Strapping Solutions,PET Strapping Roll,Kg,105,120.87,0.05,12691.04,7424.27,5266.77,Scheduled,2025-10-13,2025-10-14,2025-10-15,2025-10-18,Completed,Dispatched,Partially Paid,7765.06,4925.98,SP03,0.414999086,1,0,Yes
ORD00739,2025-08-15,CUST104,Om Logistics,Engineering,Chennai,Tamil Nadu,South,Medium,P001,Strapping Solutions,PP Strapping Roll,Meter,240,103.42,0,24821.44,12827.58,11993.86,Standard,2025-08-20,2025-08-23,2025-08-24,2025-08-23,Completed,Dispatched,Partially Paid,17187.77,7633.67,SP11,0.483205648,3,1,No
ORD00740,2025-03-17,CUST114,United Pvt Ltd,Chemicals,Indore,Madhya Pradesh,Central,Large,P006,Stretch / Film Solutions,Shrink Film Roll,Roll,6,869.74,0,5218.43,2855.86,2362.57,Express,2025-03-22,2025-03-26,2025-04-01,2025-03-22,Completed,Dispatched,Paid,5218.43,0,SP03,0.452735785,4,10,No
ORD00741,2025-11-18,CUST107,Om Traders,FMCG,Kochi,Kerala,South,Small,P014,Material Handling,Hand Pallet Truck,Nos,10,20180.1,0.05,201801.02,128896.39,72904.63,Scheduled,2025-11-23,2025-11-25,2025-11-25,2025-11-24,Completed,Dispatched,Partially Paid,126472.32,75328.7,SP11,0.361269879,2,1,No
ORD00742,2025-02-15,CUST083,Metro Industries,Engineering,Jaipur,Rajasthan,North,Small,P007,Pallet Solutions,Wooden Pallet,Nos,15,888.31,0,13324.61,8963.4,4361.21,Express,2025-02-20,2025-02-27,2025-03-02,2025-02-24,Completed,Dispatched,Paid,13324.61,0,SP11,0.327304889,7,6,No
ORD00743,2025-12-09,CUST015,Metro Manufacturing,Engineering,Hyderabad,Telangana,South,Medium,P014,Material Handling,Hand Pallet Truck,Nos,13,20222.02,0,262886.24,181103.77,81782.47,Scheduled,2025-12-15,2025-12-17,2025-12-17,2025-12-23,Completed,Dispatched,Paid,262886.24,0,SP03,0.311094525,2,0,Yes
ORD00744,2025-07-16,CUST087,Shree Manufacturing,FMCG,Noida,Uttar Pradesh,North,Medium,P002,Strapping Solutions,PET Strapping Roll,Kg,125,131.47,0.08,16434.24,9045.38,7388.86,Express,2025-07-21,2025-07-27,2025-07-30,2025-07-25,Completed,Dispatched,Paid,16434.24,0,SP12,0.449601564,6,5,No
ORD00745,2025-01-11,CUST078,Shree Industries,Automotive,Chennai,Tamil Nadu,South,Medium,P011,Customized Carton Boxes,5-Ply Corrugated Box,Nos,45,61.35,0.05,2760.57,1529.34,1231.23,Standard,2025-01-16,2025-01-21,2025-01-25,2025-01-24,Completed,Dispatched,Paid,2760.57,0,SP11,0.446005716,5,1,No
ORD00746,2025-03-02,CUST053,United Manufacturing,FMCG,Gurugram,Haryana,North,Medium,P012,Customized Carton Boxes,7-Ply Corrugated Box,Nos,4,99.18,0.02,396.72,220.37,176.35,Standard,2025-03-05,2025-03-12,2025-03-21,2025-03-09,In Production,Dispatched,Paid,396.72,0,SP02,0.444520065,7,12,No
ORD00747,2025-10-15,CUST040,National Pvt Ltd,Textiles,Coimbatore,Tamil Nadu,South,Medium,P008,Pallet Solutions,Plastic Pallet,Nos,14,2304.64,0.1,32264.89,22787.16,9477.73,Scheduled,2025-10-19,2025-10-26,2025-10-26,2025-10-21,Completed,Dispatched,Paid,32264.89,0,SP01,0.293747476,7,5,No
ORD00748,2025-05-08,CUST003,Prime Logistics,Retail,Coimbatore,Tamil Nadu,South,Small,P002,Strapping Solutions,PET Strapping Roll,Kg,50,136.26,0.05,6812.9,3779.47,3033.43,Express,2025-05-12,2025-05-13,2025-05-17,2025-05-17,Completed,Dispatched,Paid,6812.9,0,SP10,0.445247985,1,0,Yes
ORD00749,2025-10-03,CUST100,Sunrise Traders,Retail,Jaipur,Rajasthan,North,Large,P013,Material Handling,Platform Trolley,Nos,50,8545.14,0.08,427257.04,262709.11,164547.93,Scheduled,2025-10-09,2025-10-11,2025-10-11,2025-10-08,Completed,Dispatched,Paid,427257.04,0,SP09,0.385126316,2,3,No
ORD00750,2025-04-21,CUST028,United Logistics,Textiles,Bhubaneswar,Odisha,East,Large,P001,Strapping Solutions,PP Strapping Roll,Meter,200,97.42,0.03,19483.49,11042.71,8440.78,Standard,2025-04-27,2025-04-30,2025-05-02,2025-04-28,Completed,Dispatched,Paid,19483.49,0,SP07,0.433227312,3,4,No
ORD00751,2025-08-22,CUST036,National Industries,Electronics,Jaipur,Rajasthan,North,Large,P012,Customized Carton Boxes,7-Ply Corrugated Box,Nos,31,100.86,0.08,3126.59,1710.17,1416.42,Scheduled,2025-08-24,2025-08-27,2025-08-30,2025-08-29,Completed,Dispatched,Partially Paid,1559.72,1566.87,SP11,0.453023901,3,1,No
ORD00752,2025-09-19,CUST057,Apex Enterprises,Textiles,Bengaluru,Karnataka,South,Medium,P007,Pallet Solutions,Wooden Pallet,Nos,103,956.47,0.03,98516.78,61061.02,37455.76,Express,2025-09-25,2025-09-27,2025-09-30,2025-09-26,In Production,Dispatched,Paid,98516.78,0,SP02,0.380196754,2,4,No
ORD00753,2025-09-30,CUST023,Vertex Logistics,Textiles,Noida,Uttar Pradesh,North,Large,P009,Packaging Tools & Equipment,Manual Strapping Tool,Nos,20,3074.43,0.03,61488.61,42919.71,18568.9,Standard,2025-10-02,2025-10-08,2025-10-14,2025-10-11,Completed,Dispatched,Paid,61488.61,0,SP05,0.301989263,6,3,No
ORD00754,2025-01-06,CUST016,Shree Pvt Ltd,FMCG,Delhi,Delhi,North,Large,P012,Customized Carton Boxes,7-Ply Corrugated Box,Nos,23,98.81,0.03,2272.65,1336.42,936.23,Express,2025-01-08,2025-01-12,2025-01-13,2025-01-17,In Production,Dispatched,Paid,2272.65,0,SP02,0.411955206,4,0,Yes
ORD00755,2025-09-28,CUST088,United Manufacturing,Electronics,Pune,Maharashtra,West,Medium,P001,Strapping Solutions,PP Strapping Roll,Meter,130,100.31,0.02,13040.7,7267.63,5773.07,Express,2025-10-02,2025-10-08,2025-10-12,2025-10-07,Completed,Dispatched,Outstanding,762.03,12278.67,SP12,0.442696328,6,5,No
ORD00756,2025-12-14,CUST091,Metro Pvt Ltd,Chemicals,Gurugram,Haryana,North,Medium,P010,Packaging Tools & Equipment,Battery Strapping Machine,Nos,27,40822.19,0.1,1102199.02,801547.42,300651.6,Standard,2025-12-20,2025-12-25,2025-12-29,2025-12-25,Completed,Dispatched,Paid,1102199.02,0,SP03,0.272774331,5,4,No
ORD00757,2025-07-13,CUST015,Metro Manufacturing,Engineering,Hyderabad,Telangana,South,Medium,P012,Customized Carton Boxes,7-Ply Corrugated Box,Nos,15,87.23,0.02,1308.48,817.58,490.9,Scheduled,2025-07-19,2025-07-25,2025-07-27,2025-07-18,Completed,Dispatched,Paid,1308.48,0,SP07,0.375168134,6,9,No
ORD00758,2025-12-28,CUST082,Global Enterprises,Pharmaceuticals,Coimbatore,Tamil Nadu,South,Small,P004,Protective Packaging,EPE Foam Roll,Roll,56,1360.37,0.02,76180.45,48912.09,27268.36,Standard,2026-01-02,2026-01-04,2026-01-07,2026-01-07,Completed,Pending,Paid,76180.45,0,SP05,0.357944328,2,0,Yes
ORD00759,2025-11-22,CUST087,Shree Manufacturing,FMCG,Noida,Uttar Pradesh,North,Medium,P005,Stretch / Film Solutions,Stretch Film Roll,Roll,56,623.47,0.05,34914.58,19929.51,14985.07,Scheduled,2025-11-24,2025-11-27,2025-11-30,2025-12-02,Completed,Dispatched,Paid,34914.58,0,SP01,0.429192332,3,0,Yes
ORD00760,2025-02-13,CUST087,Shree Manufacturing,FMCG,Noida,Uttar Pradesh,North,Medium,P002,Strapping Solutions,PET Strapping Roll,Kg,130,133.98,0.1,17417.44,9714.03,7703.41,Express,2025-02-17,2025-02-22,2025-02-25,2025-02-18,Completed,Dispatched,Paid,17417.44,0,SP09,0.442281414,5,7,No
ORD00761,2025-12-17,CUST055,National Manufacturing,Retail,Ahmedabad,Gujarat,West,Medium,P012,Customized Carton Boxes,7-Ply Corrugated Box,Nos,16,98.98,0.08,1583.72,909.22,674.5,Express,2025-12-23,2025-12-29,2026-01-01,2025-12-28,In Production,Pending,Partially Paid,892.79,690.93,SP04,0.425895992,6,4,No
ORD00762,2025-12-05,CUST077,Shree Industries,FMCG,Vijayawada,Andhra Pradesh,South,Large,P004,Protective Packaging,EPE Foam Roll,Roll,37,1478.46,0.05,54703.07,33760.06,20943.01,Express,2025-12-11,2025-12-17,2025-12-21,2025-12-10,Pending,Dispatched,Partially Paid,22971.22,31731.85,SP03,0.382848897,6,11,No
ORD00763,2025-09-21,CUST051,Prime Manufacturing,Electronics,Ludhiana,Punjab,North,Small,P002,Strapping Solutions,PET Strapping Roll,Kg,50,132.82,0.02,6641.09,3498.66,3142.43,Scheduled,2025-09-25,2025-09-26,2025-09-29,2025-10-03,Completed,Dispatched,Paid,6641.09,0,SP02,0.473179855,1,0,Yes
ORD00764,2025-05-29,CUST037,Prime Pvt Ltd,Logistics,Ahmedabad,Gujarat,West,Small,P009,Packaging Tools & Equipment,Manual Strapping Tool,Nos,165,3326.6,0.03,548888.43,378380.26,170508.17,Scheduled,2025-06-02,2025-06-06,2025-06-08,2025-06-07,Completed,Dispatched,Paid,548888.43,0,SP01,0.310642675,4,1,No
ORD00765,2025-08-26,CUST003,Prime Logistics,Retail,Coimbatore,Tamil Nadu,South,Small,P005,Stretch / Film Solutions,Stretch Film Roll,Roll,26,576.38,0.05,14985.91,9322.18,5663.73,Express,2025-09-01,2025-09-08,2025-09-11,2025-08-31,Completed,Dispatched,Paid,14985.91,0,SP12,0.377937009,7,11,No
ORD00766,2025-04-06,CUST016,Shree Pvt Ltd,FMCG,Delhi,Delhi,North,Large,P003,Protective Packaging,Bubble Wrap Roll,Roll,15,821.33,0.05,12320.01,7800,4520.01,Standard,2025-04-11,2025-04-14,2025-04-14,2025-04-12,Completed,Dispatched,Paid,12320.01,0,SP08,0.366883631,3,2,No
ORD00767,2025-01-04,CUST110,Om Manufacturing,Retail,Chennai,Tamil Nadu,South,Medium,P005,Stretch / Film Solutions,Stretch Film Roll,Roll,16,606.21,0.03,9699.29,5879.27,3820.02,Express,2025-01-07,2025-01-14,2025-01-16,2025-01-12,Completed,Dispatched,Paid,9699.29,0,SP02,0.393845323,7,4,No
ORD00768,2025-08-13,CUST001,Prime Industries,Textiles,Patna,Bihar,East,Small,P004,Protective Packaging,EPE Foam Roll,Roll,64,1495.49,0.02,95711.18,55229.12,40482.06,Standard,2025-08-18,2025-08-20,2025-08-21,2025-08-23,Completed,Dispatched,Outstanding,2721.55,92989.63,SP03,0.42296062,2,0,Yes
ORD00769,2025-07-22,CUST088,United Manufacturing,Electronics,Pune,Maharashtra,West,Medium,P010,Packaging Tools & Equipment,Battery Strapping Machine,Nos,14,37327.19,0.05,522580.7,401102.88,121477.82,Express,2025-07-27,2025-08-02,2025-08-04,2025-07-27,Completed,Dispatched,Paid,522580.7,0,SP08,0.232457532,6,8,No
ORD00770,2025-10-09,CUST005,Apex Logistics,Electronics,Bhubaneswar,Odisha,East,Large,P001,Strapping Solutions,PP Strapping Roll,Meter,100,100.15,0.03,10014.98,5388.32,4626.66,Standard,2025-10-14,2025-10-21,2025-10-22,2025-10-19,In Production,Dispatched,Paid,10014.98,0,SP02,0.461973963,7,3,No
ORD00771,2025-01-11,CUST116,United Manufacturing,Logistics,Coimbatore,Tamil Nadu,South,Medium,P012,Customized Carton Boxes,7-Ply Corrugated Box,Nos,34,84.28,0.08,2865.63,1974.69,890.94,Express,2025-01-14,2025-01-16,2025-01-21,2025-01-24,Completed,Dispatched,Partially Paid,1553.39,1312.24,SP08,0.310905455,2,0,Yes
ORD00772,2025-02-12,CUST098,Prime Pvt Ltd,Engineering,Chennai,Tamil Nadu,South,Large,P007,Pallet Solutions,Wooden Pallet,Nos,16,987.33,0.03,15797.32,9833.56,5963.76,Standard,2025-02-17,2025-02-19,2025-02-23,2025-02-19,Completed,Dispatched,Paid,15797.32,0,SP11,0.377517199,2,4,No
ORD00773,2025-08-08,CUST064,Sunrise Industries,Electronics,Noida,Uttar Pradesh,North,Large,P004,Protective Packaging,EPE Foam Roll,Roll,11,1578.63,0,17364.89,10199.59,7165.3,Express,2025-08-11,2025-08-15,2025-08-15,2025-08-21,Completed,Dispatched,Partially Paid,6914.43,10450.46,SP01,0.412631465,4,0,Yes
ORD00774,2025-05-21,CUST064,Sunrise Industries,Electronics,Noida,Uttar Pradesh,North,Large,P002,Strapping Solutions,PET Strapping Roll,Kg,120,123.05,0.05,14765.48,8781.35,5984.13,Scheduled,2025-05-24,2025-05-26,2025-05-29,2025-05-26,Completed,Dispatched,Paid,14765.48,0,SP11,0.405278393,2,3,No
ORD00775,2025-04-29,CUST075,Global Traders,Textiles,Coimbatore,Tamil Nadu,South,Large,P012,Customized Carton Boxes,7-Ply Corrugated Box,Nos,28,99.66,0.1,2790.47,1651.12,1139.35,Express,2025-05-02,2025-05-05,2025-05-13,2025-05-11,Completed,Dispatched,Paid,2790.47,0,SP12,0.408300394,3,2,No
ORD00776,2025-08-03,CUST113,Vertex Manufacturing,FMCG,Pune,Maharashtra,West,Medium,P001,Strapping Solutions,PP Strapping Roll,Meter,100,91.07,0.05,9107.37,5462.87,3644.5,Scheduled,2025-08-06,2025-08-09,2025-08-11,2025-08-10,Completed,Dispatched,Paid,9107.37,0,SP02,0.400170411,3,1,No
ORD00777,2025-08-09,CUST071,Prime Manufacturing,Engineering,Chandigarh,Chandigarh,North,Medium,P006,Stretch / Film Solutions,Shrink Film Roll,Roll,47,743.23,0.03,34931.68,21402.86,13528.82,Express,2025-08-12,2025-08-15,2025-08-18,2025-08-19,Completed,Dispatched,Partially Paid,24270.17,10661.51,SP06,0.387293712,3,0,Yes
ORD00778,2025-07-05,CUST048,Sunrise Manufacturing,FMCG,Vijayawada,Andhra Pradesh,South,Small,P005,Stretch / Film Solutions,Stretch Film Roll,Roll,19,645.01,0.08,12255.17,7191.94,5063.23,Scheduled,2025-07-11,2025-07-16,2025-07-20,2025-07-15,Completed,Dispatched,Paid,12255.17,0,SP12,0.413150532,5,5,No
ORD00779,2025-11-05,CUST058,Sunrise Pvt Ltd,Chemicals,Jaipur,Rajasthan,North,Large,P003,Protective Packaging,Bubble Wrap Roll,Roll,74,846.96,0.05,62675.37,37074.16,25601.21,Scheduled,2025-11-07,2025-11-08,2025-11-12,2025-11-13,Completed,Dispatched,Paid,62675.37,0,SP08,0.408473217,1,0,Yes
ORD00780,2025-04-14,CUST012,Shree Pvt Ltd,Engineering,Coimbatore,Tamil Nadu,South,Large,P013,Material Handling,Platform Trolley,Nos,7,8224,0.03,57568.03,39071.12,18496.91,Express,2025-04-20,2025-04-26,2025-05-02,2025-04-19,Completed,Dispatched,Paid,57568.03,0,SP08,0.321305245,6,13,No
ORD00781,2025-11-19,CUST078,Shree Industries,Automotive,Chennai,Tamil Nadu,South,Medium,P004,Protective Packaging,EPE Foam Roll,Roll,47,1568.1,0.08,73700.49,43923.49,29777,Express,2025-11-21,2025-11-25,2025-11-25,2025-12-01,In Production,Dispatched,Paid,73700.49,0,SP12,0.404027165,4,0,Yes
ORD00782,2025-03-08,CUST042,National Manufacturing,FMCG,Surat,Gujarat,West,Medium,P005,Stretch / Film Solutions,Stretch Film Roll,Roll,60,610.59,0.08,36635.34,22206.81,14428.53,Scheduled,2025-03-12,2025-03-13,2025-03-17,2025-03-13,Completed,Dispatched,Partially Paid,20625.25,16010.09,SP02,0.393841848,1,4,No
ORD00783,2025-03-26,CUST103,Apex Traders,Textiles,Coimbatore,Tamil Nadu,South,Small,P001,Strapping Solutions,PP Strapping Roll,Meter,280,89.48,0.08,25055.38,15617.96,9437.42,Standard,2025-03-31,2025-04-07,2025-04-11,2025-04-06,Completed,Dispatched,Paid,25055.38,0,SP10,0.376662417,7,5,No
ORD00784,2025-04-22,CUST047,Global Pvt Ltd,Logistics,Coimbatore,Tamil Nadu,South,Small,P012,Customized Carton Boxes,7-Ply Corrugated Box,Nos,86,96.57,0.08,8305.32,4730.6,3574.72,Scheduled,2025-04-28,2025-05-04,2025-05-04,2025-05-05,Completed,Dispatched,Paid,8305.32,0,SP05,0.430413277,6,0,Yes
ORD00785,2025-10-10,CUST036,National Industries,Electronics,Jaipur,Rajasthan,North,Large,P012,Customized Carton Boxes,7-Ply Corrugated Box,Nos,12,100.8,0.05,1209.65,655.54,554.11,Express,2025-10-12,2025-10-14,2025-10-15,2025-10-15,Completed,Dispatched,Paid,1209.65,0,SP01,0.45807465,2,0,Yes
ORD00786,2025-11-25,CUST009,Prime Industries,Retail,Ludhiana,Punjab,North,Small,P011,Customized Carton Boxes,5-Ply Corrugated Box,Nos,46,60.78,0,2796.03,1537.88,1258.15,Express,2025-11-28,2025-12-05,2025-12-10,2025-12-08,Completed,Dispatched,Outstanding,370.75,2425.28,SP12,0.449977289,7,2,No
ORD00787,2025-03-10,CUST043,Om Logistics,Electronics,Mumbai,Maharashtra,West,Large,P012,Customized Carton Boxes,7-Ply Corrugated Box,Nos,9,99.3,0.1,893.71,517.08,376.63,Express,2025-03-15,2025-03-20,2025-03-22,2025-03-20,Completed,Dispatched,Paid,893.71,0,SP03,0.421423057,5,2,No
ORD00788,2025-05-12,CUST033,Om Manufacturing,Pharmaceuticals,Kochi,Kerala,South,Medium,P004,Protective Packaging,EPE Foam Roll,Roll,45,1434.06,0.02,64532.62,40397.67,24134.95,Standard,2025-05-14,2025-05-19,2025-05-23,2025-05-18,Completed,Dispatched,Outstanding,7906.99,56625.63,SP06,0.373996128,5,5,No
ORD00789,2025-05-18,CUST082,Global Enterprises,Pharmaceuticals,Coimbatore,Tamil Nadu,South,Small,P008,Pallet Solutions,Plastic Pallet,Nos,25,2718.34,0.03,67958.47,40811.07,27147.4,Express,2025-05-21,2025-05-26,2025-05-29,2025-05-25,Completed,Dispatched,Paid,67958.47,0,SP03,0.399470441,5,4,No
ORD00790,2025-08-24,CUST118,National Traders,Logistics,Vijayawada,Andhra Pradesh,South,Small,P013,Material Handling,Platform Trolley,Nos,10,7131.95,0.08,71319.46,57657.38,13662.08,Standard,2025-08-27,2025-09-03,2025-09-04,2025-09-01,In Production,Dispatched,Paid,71319.46,0,SP03,0.191561742,7,3,No
ORD00791,2025-07-21,CUST043,Om Logistics,Electronics,Mumbai,Maharashtra,West,Large,P014,Material Handling,Hand Pallet Truck,Nos,5,17181.21,0.05,85906.07,68689.6,17216.47,Scheduled,2025-07-27,2025-07-29,2025-08-01,2025-07-28,Completed,Dispatched,Paid,85906.07,0,SP03,0.200410402,2,4,No
ORD00792,2025-01-07,CUST026,Prime Manufacturing,Pharmaceuticals,Pune,Maharashtra,West,Large,P004,Protective Packaging,EPE Foam Roll,Roll,22,1569.08,0.02,34519.82,19712.97,14806.85,Standard,2025-01-13,2025-01-14,2025-01-19,2025-01-18,Completed,Dispatched,Paid,34519.82,0,SP05,0.428937636,1,1,No
ORD00793,2025-03-15,CUST024,Sunrise Logistics,Retail,Kolkata,West Bengal,East,Medium,P011,Customized Carton Boxes,5-Ply Corrugated Box,Nos,7,60.16,0.08,421.13,241.01,180.12,Scheduled,2025-03-21,2025-03-22,2025-03-22,2025-03-21,In Production,Dispatched,Partially Paid,228.32,192.81,SP08,0.427706409,1,1,No
ORD00794,2025-03-25,CUST092,Metro Industries,FMCG,Coimbatore,Tamil Nadu,South,Medium,P014,Material Handling,Hand Pallet Truck,Nos,5,17416.81,0.03,87084.06,68469.94,18614.12,Standard,2025-03-29,2025-04-01,2025-04-04,2025-04-01,Completed,Dispatched,Paid,87084.06,0,SP02,0.213748877,3,3,No
ORD00795,2025-10-06,CUST057,Apex Enterprises,Textiles,Bengaluru,Karnataka,South,Medium,P007,Pallet Solutions,Wooden Pallet,Nos,45,1049.81,0.05,47241.54,27127.99,20113.55,Express,2025-10-10,2025-10-11,2025-10-15,2025-10-17,In Production,Dispatched,Paid,47241.54,0,SP11,0.425759829,1,0,Yes
ORD00796,2025-05-27,CUST037,Prime Pvt Ltd,Logistics,Ahmedabad,Gujarat,West,Small,P013,Material Handling,Platform Trolley,Nos,25,7232.66,0,180816.54,136077.36,44739.18,Scheduled,2025-05-30,2025-06-05,2025-06-08,2025-06-02,Pending,Dispatched,Paid,180816.54,0,SP06,0.247428581,6,6,No
ORD00797,2025-03-02,CUST104,Om Logistics,Engineering,Chennai,Tamil Nadu,South,Medium,P008,Pallet Solutions,Plastic Pallet,Nos,17,2661.81,0.08,45250.83,29331.93,15918.9,Scheduled,2025-03-06,2025-03-07,2025-03-07,2025-03-16,Completed,Dispatched,Paid,45250.83,0,SP11,0.351792442,1,0,Yes
ORD00798,2025-06-04,CUST119,National Traders,Engineering,Jaipur,Rajasthan,North,Medium,P006,Stretch / Film Solutions,Shrink Film Roll,Roll,19,868.38,0,16499.17,8609.12,7890.05,Scheduled,2025-06-10,2025-06-17,2025-06-19,2025-06-14,Completed,Dispatched,Paid,16499.17,0,SP02,0.478208904,7,5,No
ORD00799,2025-01-02,CUST110,Om Manufacturing,Retail,Chennai,Tamil Nadu,South,Medium,P011,Customized Carton Boxes,5-Ply Corrugated Box,Nos,20,60.43,0.05,1208.6,715.53,493.07,Scheduled,2025-01-05,2025-01-12,2025-01-13,2025-01-12,Completed,Dispatched,Partially Paid,702.36,506.24,SP05,0.407967897,7,1,No
ORD00800,2025-03-16,CUST042,National Manufacturing,FMCG,Surat,Gujarat,West,Medium,P014,Material Handling,Hand Pallet Truck,Nos,11,19816.4,0.05,217980.37,148401.67,69578.7,Scheduled,2025-03-18,2025-03-21,2025-03-22,2025-03-23,Completed,Dispatched,Paid,217980.37,0,SP06,0.319197091,3,0,Yes
ORD00801,2025-03-12,CUST097,Vertex Pvt Ltd,Electronics,Kochi,Kerala,South,Medium,P005,Stretch / Film Solutions,Stretch Film Roll,Roll,7,669.55,0.05,4686.85,2433.64,2253.21,Standard,2025-03-15,2025-03-19,2025-03-22,2025-03-25,Completed,Dispatched,Paid,4686.85,0,SP10,0.480751464,4,0,Yes
ORD00802,2025-08-04,CUST100,Sunrise Traders,Retail,Jaipur,Rajasthan,North,Large,P004,Protective Packaging,EPE Foam Roll,Roll,5,1399.6,0.05,6997.99,4446.71,2551.28,Standard,2025-08-10,2025-08-15,2025-08-16,2025-08-10,Completed,Dispatched,Outstanding,497.48,6500.51,SP02,0.364573256,5,6,No
ORD00803,2025-01-31,CUST111,National Manufacturing,Automotive,Bengaluru,Karnataka,South,Small,P011,Customized Carton Boxes,5-Ply Corrugated Box,Nos,18,54.16,0,974.93,639.94,334.99,Standard,2025-02-04,2025-02-07,2025-02-08,2025-02-09,In Production,Dispatched,Paid,974.93,0,SP01,0.343604156,3,0,Yes
ORD00804,2025-03-12,CUST059,Global Manufacturing,Textiles,Vijayawada,Andhra Pradesh,South,Small,P002,Strapping Solutions,PET Strapping Roll,Kg,240,119.66,0.05,28717.54,16945.83,11771.71,Scheduled,2025-03-14,2025-03-20,2025-03-21,2025-03-23,Completed,Dispatched,Paid,28717.54,0,SP02,0.409913593,6,0,Yes
ORD00805,2025-09-02,CUST098,Prime Pvt Ltd,Engineering,Chennai,Tamil Nadu,South,Large,P005,Stretch / Film Solutions,Stretch Film Roll,Roll,62,574.48,0.02,35618,22172.25,13445.75,Standard,2025-09-08,2025-09-15,2025-09-16,2025-09-07,Completed,Dispatched,Paid,35618,0,SP08,0.377498737,7,9,No
ORD00806,2025-03-13,CUST004,Prime Manufacturing,Electronics,Mumbai,Maharashtra,West,Large,P007,Pallet Solutions,Wooden Pallet,Nos,11,980.33,0.05,10783.67,6827.9,3955.77,Standard,2025-03-19,2025-03-25,2025-03-27,2025-03-25,Completed,Dispatched,Partially Paid,4254.23,6529.44,SP11,0.36682966,6,2,No
ORD00807,2025-01-17,CUST037,Prime Pvt Ltd,Logistics,Ahmedabad,Gujarat,West,Small,P011,Customized Carton Boxes,5-Ply Corrugated Box,Nos,29,64.12,0.03,1859.5,1013.28,846.22,Scheduled,2025-01-23,2025-01-30,2025-01-31,2025-01-30,Completed,Dispatched,Paid,1859.5,0,SP05,0.455079322,7,1,No
ORD00808,2025-10-20,CUST045,Apex Traders,FMCG,Ahmedabad,Gujarat,West,Large,P006,Stretch / Film Solutions,Shrink Film Roll,Roll,16,781.02,0.1,12496.29,7110.64,5385.65,Standard,2025-10-26,2025-10-29,2025-10-30,2025-10-31,Completed,Dispatched,Paid,12496.29,0,SP07,0.430979915,3,0,Yes
ORD00809,2025-11-13,CUST020,Shree Industries,Electronics,Bengaluru,Karnataka,South,Large,P013,Material Handling,Platform Trolley,Nos,30,8404.47,0.05,252134.19,157075.03,95059.16,Express,2025-11-15,2025-11-17,2025-11-20,2025-11-20,Pending,Dispatched,Paid,252134.19,0,SP11,0.377018127,2,0,Yes
ORD00810,2025-11-25,CUST060,Om Pvt Ltd,Chemicals,Pune,Maharashtra,West,Small,P001,Strapping Solutions,PP Strapping Roll,Meter,940,102.28,0,96141.05,49783.56,46357.49,Express,2025-11-30,2025-12-07,2025-12-14,2025-12-02,Completed,Dispatched,Paid,96141.05,0,SP10,0.482182065,7,12,No
ORD00811,2025-06-21,CUST031,United Industries,Textiles,Bhopal,Madhya Pradesh,Central,Large,P006,Stretch / Film Solutions,Shrink Film Roll,Roll,5,823.88,0.02,4119.39,2322.68,1796.71,Scheduled,2025-06-23,2025-06-25,2025-06-27,2025-06-28,Completed,Dispatched,Paid,4119.39,0,SP04,0.436159237,2,0,Yes
ORD00812,2025-11-23,CUST091,Metro Pvt Ltd,Chemicals,Gurugram,Haryana,North,Medium,P013,Material Handling,Platform Trolley,Nos,4,8125.87,0.05,32503.48,21928.81,10574.67,Standard,2025-11-25,2025-11-27,2025-11-29,2025-11-29,Completed,Dispatched,Paid,32503.48,0,SP06,0.325339625,2,0,Yes
ORD00813,2025-02-17,CUST096,Shree Industries,Retail,Delhi,Delhi,North,Small,P002,Strapping Solutions,PET Strapping Roll,Kg,50,124.8,0,6240.22,3743.86,2496.36,Scheduled,2025-02-21,2025-02-22,2025-02-24,2025-02-26,Completed,Dispatched,Paid,6240.22,0,SP11,0.400043588,1,0,Yes
ORD00814,2025-02-19,CUST097,Vertex Pvt Ltd,Electronics,Kochi,Kerala,South,Medium,P004,Protective Packaging,EPE Foam Roll,Roll,9,1533.57,0.05,13802.16,8433.32,5368.84,Scheduled,2025-02-23,2025-02-27,2025-03-03,2025-02-25,Completed,Dispatched,Paid,13802.16,0,SP01,0.388985492,4,6,No
ORD00815,2025-05-29,CUST044,Apex Industries,Automotive,Noida,Uttar Pradesh,North,Small,P005,Stretch / Film Solutions,Stretch Film Roll,Roll,15,631.39,0,9470.81,5344.21,4126.6,Standard,2025-06-01,2025-06-03,2025-06-06,2025-06-04,Completed,Dispatched,Partially Paid,5896.37,3574.44,SP12,0.435717747,2,2,No
ORD00816,2025-03-24,CUST056,National Enterprises,Automotive,Vijayawada,Andhra Pradesh,South,Small,P014,Material Handling,Hand Pallet Truck,Nos,11,19075.24,0.05,209827.65,141529,68298.65,Express,2025-03-30,2025-04-04,2025-04-08,2025-04-06,Completed,Dispatched,Partially Paid,125768.24,84059.41,SP01,0.325498808,5,2,No
ORD00817,2025-12-31,CUST065,Apex Logistics,FMCG,Bhubaneswar,Odisha,East,Medium,P002,Strapping Solutions,PET Strapping Roll,Kg,215,134.41,0.05,28897.22,15078.9,13818.32,Standard,2026-01-05,2026-01-07,2026-01-08,2026-01-14,Pending,Pending,Paid,28897.22,0,SP03,0.478188559,2,0,Yes
ORD00818,2025-06-08,CUST044,Apex Industries,Automotive,Noida,Uttar Pradesh,North,Small,P001,Strapping Solutions,PP Strapping Roll,Meter,100,101.16,0,10116.27,5744.94,4371.33,Express,2025-06-14,2025-06-21,2025-06-25,2025-06-20,Completed,Dispatched,Paid,10116.27,0,SP06,0.43210887,7,5,No
ORD00819,2025-02-15,CUST075,Global Traders,Textiles,Coimbatore,Tamil Nadu,South,Large,P012,Customized Carton Boxes,7-Ply Corrugated Box,Nos,25,96.42,0.05,2410.49,1438.47,972.02,Express,2025-02-17,2025-02-19,2025-02-22,2025-02-24,Pending,Dispatched,Partially Paid,1780.56,629.93,SP01,0.403245813,2,0,Yes
ORD00820,2025-07-06,CUST089,Shree Manufacturing,Electronics,Chandigarh,Chandigarh,North,Small,P006,Stretch / Film Solutions,Shrink Film Roll,Roll,31,848.07,0.08,26290.18,14169.7,12120.48,Standard,2025-07-10,2025-07-14,2025-07-17,2025-07-20,Completed,Dispatched,Paid,26290.18,0,SP11,0.461026893,4,0,Yes
ORD00821,2025-07-31,CUST025,Global Logistics,Logistics,Noida,Uttar Pradesh,North,Small,P006,Stretch / Film Solutions,Shrink Film Roll,Roll,13,762.32,0.02,9910.17,5789.58,4120.59,Standard,2025-08-06,2025-08-10,2025-08-12,2025-08-05,Completed,Dispatched,Partially Paid,4081.25,5828.92,SP05,0.415794078,4,7,No
ORD00822,2025-07-12,CUST017,Global Logistics,Electronics,Patna,Bihar,East,Small,P012,Customized Carton Boxes,7-Ply Corrugated Box,Nos,15,88.24,0,1323.59,837.9,485.69,Express,2025-07-15,2025-07-20,2025-07-23,2025-07-18,In Production,Dispatched,Partially Paid,803.41,520.18,SP02,0.36694898,5,5,No
ORD00823,2025-02-13,CUST118,National Traders,Logistics,Vijayawada,Andhra Pradesh,South,Small,P012,Customized Carton Boxes,7-Ply Corrugated Box,Nos,54,91.25,0.02,4927.43,3079.89,1847.54,Express,2025-02-16,2025-02-22,2025-02-22,2025-02-24,Completed,Dispatched,Paid,4927.43,0,SP04,0.374950025,6,0,Yes
ORD00824,2025-12-26,CUST107,Om Traders,FMCG,Kochi,Kerala,South,Small,P004,Protective Packaging,EPE Foam Roll,Roll,41,1596.65,0.05,65462.55,35258.91,30203.64,Standard,2025-12-31,2026-01-01,2026-01-06,2026-01-07,In Production,Pending,Paid,65462.55,0,SP10,0.461388076,1,0,Yes
ORD00825,2025-07-14,CUST057,Apex Enterprises,Textiles,Bengaluru,Karnataka,South,Medium,P006,Stretch / Film Solutions,Shrink Film Roll,Roll,26,770.41,0,20030.75,11825.55,8205.2,Express,2025-07-16,2025-07-23,2025-07-25,2025-07-25,Completed,Dispatched,Paid,20030.75,0,SP11,0.409630194,7,0,Yes
ORD00826,2025-04-01,CUST011,Vertex Industries,Retail,Hyderabad,Telangana,South,Small,P011,Customized Carton Boxes,5-Ply Corrugated Box,Nos,19,56.34,0.02,1070.39,636.58,433.81,Express,2025-04-03,2025-04-05,2025-04-05,2025-04-10,Completed,Dispatched,Partially Paid,466.31,604.08,SP03,0.405282187,2,0,Yes
ORD00827,2025-01-28,CUST098,Prime Pvt Ltd,Engineering,Chennai,Tamil Nadu,South,Large,P011,Customized Carton Boxes,5-Ply Corrugated Box,Nos,26,62.59,0.02,1627.44,891.09,736.35,Standard,2025-01-30,2025-02-03,2025-02-05,2025-02-06,Completed,Dispatched,Paid,1627.44,0,SP12,0.452459077,4,0,Yes
ORD00828,2025-08-12,CUST074,Global Traders,FMCG,Surat,Gujarat,West,Small,P011,Customized Carton Boxes,5-Ply Corrugated Box,Nos,11,53.1,0.05,584.08,386.68,197.4,Scheduled,2025-08-16,2025-08-22,2025-08-26,2025-08-23,Completed,Dispatched,Outstanding,58.52,525.56,SP03,0.337967402,6,3,No
ORD00829,2025-06-15,CUST057,Apex Enterprises,Textiles,Bengaluru,Karnataka,South,Medium,P005,Stretch / Film Solutions,Stretch Film Roll,Roll,50,638.91,0,31945.26,19013.5,12931.76,Scheduled,2025-06-19,2025-06-20,2025-06-21,2025-06-27,Completed,Dispatched,Paid,31945.26,0,SP12,0.404809978,1,0,Yes
ORD00830,2025-01-02,CUST109,National Enterprises,FMCG,Pune,Maharashtra,West,Medium,P006,Stretch / Film Solutions,Shrink Film Roll,Roll,45,861.47,0.05,38765.99,19748.78,19017.21,Scheduled,2025-01-07,2025-01-14,2025-01-15,2025-01-14,Completed,Dispatched,Paid,38765.99,0,SP09,0.490564281,7,1,No
ORD00831,2025-03-27,CUST096,Shree Industries,Retail,Delhi,Delhi,North,Small,P006,Stretch / Film Solutions,Shrink Film Roll,Roll,21,837.29,0.03,17583.04,9289.86,8293.18,Express,2025-04-02,2025-04-06,2025-04-07,2025-04-06,Completed,Dispatched,Partially Paid,8712.71,8870.33,SP05,0.471657916,4,1,No
ORD00832,2025-09-15,CUST116,United Manufacturing,Logistics,Coimbatore,Tamil Nadu,South,Medium,P004,Protective Packaging,EPE Foam Roll,Roll,84,1349.97,0.05,113397.77,79039.24,34358.53,Standard,2025-09-17,2025-09-23,2025-09-26,2025-09-27,Completed,Dispatched,Partially Paid,54922.02,58475.75,SP08,0.302991232,6,0,Yes
ORD00833,2025-08-08,CUST073,Vertex Industries,Chemicals,Patna,Bihar,East,Medium,P012,Customized Carton Boxes,7-Ply Corrugated Box,Nos,22,101.8,0,2239.52,1281.9,957.62,Express,2025-08-12,2025-08-14,2025-08-18,2025-08-22,Completed,Dispatched,Paid,2239.52,0,SP12,0.427600557,2,0,Yes
ORD00834,2025-11-14,CUST093,Om Traders,Automotive,Bhopal,Madhya Pradesh,Central,Small,P003,Protective Packaging,Bubble Wrap Roll,Roll,31,879.89,0.02,27276.72,15437.44,11839.28,Scheduled,2025-11-16,2025-11-17,2025-11-17,2025-11-20,Completed,Dispatched,Paid,27276.72,0,SP08,0.434043389,1,0,Yes
ORD00835,2025-09-15,CUST015,Metro Manufacturing,Engineering,Hyderabad,Telangana,South,Medium,P006,Stretch / Film Solutions,Shrink Film Roll,Roll,37,838.46,0,31023.05,17298.67,13724.38,Express,2025-09-21,2025-09-28,2025-09-28,2025-09-24,Completed,Dispatched,Partially Paid,13284.82,17738.23,SP02,0.442392995,7,4,No
ORD00836,2025-06-29,CUST054,Prime Industries,Chemicals,Coimbatore,Tamil Nadu,South,Small,P001,Strapping Solutions,PP Strapping Roll,Meter,100,102.29,0.05,10229.35,5621.59,4607.76,Express,2025-07-04,2025-07-08,2025-07-11,2025-07-04,In Production,Dispatched,Paid,10229.35,0,SP11,0.450445043,4,7,No
ORD00837,2025-05-04,CUST071,Prime Manufacturing,Engineering,Chandigarh,Chandigarh,North,Medium,P011,Customized Carton Boxes,5-Ply Corrugated Box,Nos,20,59.18,0.03,1183.52,656.75,526.77,Standard,2025-05-06,2025-05-10,2025-05-14,2025-05-09,In Production,Dispatched,Paid,1183.52,0,SP10,0.445087535,4,5,No
ORD00838,2025-08-09,CUST039,Shree Logistics,Retail,Bhopal,Madhya Pradesh,Central,Small,P005,Stretch / Film Solutions,Stretch Film Roll,Roll,7,564.33,0.1,3950.34,2509.64,1440.7,Scheduled,2025-08-12,2025-08-17,2025-08-20,2025-08-17,Completed,Dispatched,Paid,3950.34,0,SP07,0.364702785,5,3,No
ORD00839,2025-03-30,CUST002,Global Pvt Ltd,FMCG,Noida,Uttar Pradesh,North,Large,P011,Customized Carton Boxes,5-Ply Corrugated Box,Nos,22,59.05,0.08,1298.99,758.59,540.4,Express,2025-04-04,2025-04-07,2025-04-11,2025-04-06,Completed,Dispatched,Partially Paid,754.42,544.57,SP11,0.41601552,3,5,No
ORD00840,2025-05-14,CUST056,National Enterprises,Automotive,Vijayawada,Andhra Pradesh,South,Small,P006,Stretch / Film Solutions,Shrink Film Roll,Roll,13,824.41,0.05,10717.33,5908.84,4808.49,Scheduled,2025-05-20,2025-05-22,2025-05-26,2025-05-22,Completed,Dispatched,Paid,10717.33,0,SP12,0.448664919,2,4,No
ORD00841,2025-10-06,CUST041,Metro Enterprises,Chemicals,Patna,Bihar,East,Medium,P001,Strapping Solutions,PP Strapping Roll,Meter,440,100.48,0.1,44212.96,24779.79,19433.17,Standard,2025-10-08,2025-10-13,2025-10-16,2025-10-11,Completed,Dispatched,Paid,44212.96,0,SP11,0.439535602,5,5,No
ORD00842,2025-04-24,CUST120,Prime Manufacturing,Pharmaceuticals,Coimbatore,Tamil Nadu,South,Small,P003,Protective Packaging,Bubble Wrap Roll,Roll,40,886.19,0.03,35447.8,20390.36,15057.44,Standard,2025-04-28,2025-04-30,2025-05-04,2025-05-02,In Production,Dispatched,Paid,35447.8,0,SP03,0.424777842,2,2,No
ORD00843,2025-11-18,CUST024,Sunrise Logistics,Retail,Kolkata,West Bengal,East,Medium,P012,Customized Carton Boxes,7-Ply Corrugated Box,Nos,9,94.57,0.05,851.17,490.62,360.55,Standard,2025-11-20,2025-11-26,2025-12-06,2025-11-24,Completed,Dispatched,Paid,851.17,0,SP08,0.423593407,6,12,No
ORD00844,2025-07-05,CUST020,Shree Industries,Electronics,Bengaluru,Karnataka,South,Large,P011,Customized Carton Boxes,5-Ply Corrugated Box,Nos,20,54.3,0.1,1085.98,665.87,420.11,Scheduled,2025-07-08,2025-07-12,2025-07-12,2025-07-17,Completed,Dispatched,Paid,1085.98,0,SP07,0.386848745,4,0,Yes
ORD00845,2025-07-12,CUST065,Apex Logistics,FMCG,Bhubaneswar,Odisha,East,Medium,P005,Stretch / Film Solutions,Stretch Film Roll,Roll,12,662.42,0.03,7949.04,4522.78,3426.26,Express,2025-07-16,2025-07-22,2025-07-25,2025-07-19,Completed,Dispatched,Paid,7949.04,0,SP06,0.431028149,6,6,No
ORD00846,2025-09-05,CUST043,Om Logistics,Electronics,Mumbai,Maharashtra,West,Large,P013,Material Handling,Platform Trolley,Nos,10,7296.02,0.08,72960.16,55914.22,17045.94,Scheduled,2025-09-11,2025-09-16,2025-09-20,2025-09-10,Completed,Dispatched,Outstanding,252.13,72708.03,SP03,0.233633534,5,10,No
ORD00847,2025-04-21,CUST095,Vertex Industries,Retail,Bhubaneswar,Odisha,East,Large,P007,Pallet Solutions,Wooden Pallet,Nos,11,960.85,0.05,10569.36,6476.94,4092.42,Standard,2025-04-25,2025-04-26,2025-04-27,2025-04-26,Completed,Dispatched,Partially Paid,5735.25,4834.11,SP06,0.387196576,1,1,No
ORD00848,2025-12-29,CUST094,Sunrise Traders,Engineering,Bhubaneswar,Odisha,East,Medium,P001,Strapping Solutions,PP Strapping Roll,Meter,100,102.21,0.08,10221.04,5635.74,4585.3,Standard,2026-01-04,2026-01-10,2026-01-12,2026-01-10,Completed,Pending,Paid,10221.04,0,SP04,0.44861384,6,2,No
ORD00849,2025-12-18,CUST030,Metro Industries,Textiles,Patna,Bihar,East,Medium,P002,Strapping Solutions,PET Strapping Roll,Kg,470,128.05,0.02,60184.24,35587.61,24596.63,Express,2025-12-22,2025-12-26,2025-12-26,2026-01-01,Completed,Dispatched,Paid,60184.24,0,SP07,0.408688886,4,0,Yes
ORD00850,2025-11-02,CUST076,Metro Manufacturing,Textiles,Delhi,Delhi,North,Large,P011,Customized Carton Boxes,5-Ply Corrugated Box,Nos,20,57.3,0.02,1146.04,714.54,431.5,Standard,2025-11-06,2025-11-13,2025-11-20,2025-11-16,Completed,Dispatched,Paid,1146.04,0,SP01,0.376513909,7,4,No
ORD00851,2025-09-19,CUST107,Om Traders,FMCG,Kochi,Kerala,South,Small,P005,Stretch / Film Solutions,Stretch Film Roll,Roll,55,565.89,0.05,31124.03,19875.69,11248.34,Standard,2025-09-23,2025-09-28,2025-10-01,2025-09-28,In Production,Dispatched,Outstanding,139.78,30984.25,SP06,0.361403713,5,3,No
ORD00852,2025-08-08,CUST016,Shree Pvt Ltd,FMCG,Delhi,Delhi,North,Large,P006,Stretch / Film Solutions,Shrink Film Roll,Roll,6,725.7,0.02,4354.2,2747.69,1606.51,Express,2025-08-11,2025-08-14,2025-08-15,2025-08-14,Completed,Dispatched,Paid,4354.2,0,SP12,0.36895641,3,1,No
ORD00853,2025-01-06,CUST087,Shree Manufacturing,FMCG,Noida,Uttar Pradesh,North,Medium,P002,Strapping Solutions,PET Strapping Roll,Kg,135,134.1,0.1,18103.12,9686.28,8416.84,Standard,2025-01-10,2025-01-12,2025-01-15,2025-01-20,In Production,Dispatched,Paid,18103.12,0,SP09,0.46493864,2,0,Yes
ORD00854,2025-04-22,CUST017,Global Logistics,Electronics,Patna,Bihar,East,Small,P005,Stretch / Film Solutions,Stretch Film Roll,Roll,13,675.17,0.03,8777.15,4932.77,3844.38,Express,2025-04-24,2025-04-29,2025-05-01,2025-05-06,In Production,Dispatched,Partially Paid,5726.92,3050.23,SP06,0.437998667,5,0,Yes
ORD00855,2025-04-12,CUST084,Prime Traders,Chemicals,Noida,Uttar Pradesh,North,Medium,P006,Stretch / Film Solutions,Shrink Film Roll,Roll,24,835.97,0.02,20063.35,10820.48,9242.87,Express,2025-04-15,2025-04-16,2025-04-23,2025-04-24,Completed,Dispatched,Paid,20063.35,0,SP04,0.460684283,1,0,Yes
ORD00856,2025-10-23,CUST036,National Industries,Electronics,Jaipur,Rajasthan,North,Large,P001,Strapping Solutions,PP Strapping Roll,Meter,130,87.33,0.02,11353.21,7407.52,3945.69,Scheduled,2025-10-25,2025-10-28,2025-10-28,2025-11-06,In Production,Dispatched,Paid,11353.21,0,SP09,0.347539595,3,0,Yes
ORD00857,2025-01-21,CUST062,Global Industries,Chemicals,Kochi,Kerala,South,Small,P002,Strapping Solutions,PET Strapping Roll,Kg,50,120.91,0.05,6045.69,3529.93,2515.76,Express,2025-01-25,2025-01-31,2025-01-31,2025-01-27,In Production,Dispatched,Paid,6045.69,0,SP07,0.416124545,6,4,No
ORD00858,2025-02-10,CUST100,Sunrise Traders,Retail,Jaipur,Rajasthan,North,Large,P003,Protective Packaging,Bubble Wrap Roll,Roll,6,903.52,0.1,5421.13,3217.91,2203.22,Standard,2025-02-16,2025-02-23,2025-02-25,2025-02-22,Completed,Dispatched,Partially Paid,3287.58,2133.55,SP06,0.406413423,7,3,No
ORD00859,2025-11-13,CUST057,Apex Enterprises,Textiles,Bengaluru,Karnataka,South,Medium,P007,Pallet Solutions,Wooden Pallet,Nos,10,924.79,0.03,9247.86,6280.71,2967.15,Standard,2025-11-15,2025-11-16,2025-11-17,2025-11-18,Completed,Dispatched,Outstanding,236.09,9011.77,SP12,0.320847201,1,0,Yes
ORD00860,2025-07-08,CUST037,Prime Pvt Ltd,Logistics,Ahmedabad,Gujarat,West,Small,P011,Customized Carton Boxes,5-Ply Corrugated Box,Nos,30,56.2,0,1685.92,1078.95,606.97,Express,2025-07-14,2025-07-15,2025-07-15,2025-07-17,Completed,Dispatched,Paid,1685.92,0,SP12,0.360023014,1,0,Yes
ORD00861,2025-11-10,CUST043,Om Logistics,Electronics,Mumbai,Maharashtra,West,Large,P011,Customized Carton Boxes,5-Ply Corrugated Box,Nos,9,60.05,0.02,540.41,294.35,246.06,Express,2025-11-15,2025-11-18,2025-11-19,2025-11-17,Completed,Dispatched,Paid,540.41,0,SP11,0.45532096,3,2,No
ORD00862,2025-03-04,CUST032,Vertex Industries,Textiles,Bhopal,Madhya Pradesh,Central,Large,P002,Strapping Solutions,PET Strapping Roll,Kg,50,132.71,0.03,6635.56,3764.09,2871.47,Standard,2025-03-10,2025-03-15,2025-03-16,2025-03-18,Completed,Dispatched,Paid,6635.56,0,SP05,0.432739663,5,0,Yes
ORD00863,2025-06-01,CUST110,Om Manufacturing,Retail,Chennai,Tamil Nadu,South,Medium,P012,Customized Carton Boxes,7-Ply Corrugated Box,Nos,17,91.48,0.05,1555.14,940.41,614.73,Standard,2025-06-03,2025-06-06,2025-06-10,2025-06-09,Completed,Dispatched,Paid,1555.14,0,SP04,0.39528917,3,1,No
ORD00864,2025-01-07,CUST060,Om Pvt Ltd,Chemicals,Pune,Maharashtra,West,Small,P001,Strapping Solutions,PP Strapping Roll,Meter,150,105.61,0,15840.86,8479.79,7361.07,Express,2025-01-10,2025-01-14,2025-01-17,2025-01-15,Completed,Dispatched,Partially Paid,10983.79,4857.07,SP12,0.464688786,4,2,No
ORD00865,2025-08-21,CUST016,Shree Pvt Ltd,FMCG,Delhi,Delhi,North,Large,P003,Protective Packaging,Bubble Wrap Roll,Roll,41,923.82,0,37876.55,20866.68,17009.87,Express,2025-08-24,2025-08-31,2025-09-04,2025-08-27,Completed,Dispatched,Paid,37876.55,0,SP04,0.4490871,7,8,No
ORD00866,2025-02-05,CUST069,United Logistics,FMCG,Mumbai,Maharashtra,West,Small,P001,Strapping Solutions,PP Strapping Roll,Meter,100,91.15,0.03,9115.16,5596.06,3519.1,Standard,2025-02-09,2025-02-13,2025-02-14,2025-02-14,Completed,Dispatched,Paid,9115.16,0,SP04,0.386071117,4,0,Yes
ORD00867,2025-01-09,CUST105,United Pvt Ltd,Electronics,Hyderabad,Telangana,South,Large,P001,Strapping Solutions,PP Strapping Roll,Meter,510,103.51,0.03,52788.36,27064.42,25723.94,Express,2025-01-14,2025-01-16,2025-01-18,2025-01-14,Completed,Dispatched,Paid,52788.36,0,SP07,0.487303262,2,4,No
ORD00868,2025-04-19,CUST088,United Manufacturing,Electronics,Pune,Maharashtra,West,Medium,P007,Pallet Solutions,Wooden Pallet,Nos,47,969.45,0.03,45563.98,28303.6,17260.38,Express,2025-04-22,2025-04-26,2025-04-30,2025-04-30,Completed,Dispatched,Paid,45563.98,0,SP12,0.378816337,4,0,Yes
ORD00869,2025-08-05,CUST037,Prime Pvt Ltd,Logistics,Ahmedabad,Gujarat,West,Small,P007,Pallet Solutions,Wooden Pallet,Nos,59,931.05,0.02,54931.85,37334.3,17597.55,Scheduled,2025-08-08,2025-08-11,2025-08-12,2025-08-16,Completed,Dispatched,Paid,54931.85,0,SP01,0.3203524,3,0,Yes
ORD00870,2025-11-27,CUST012,Shree Pvt Ltd,Engineering,Coimbatore,Tamil Nadu,South,Large,P001,Strapping Solutions,PP Strapping Roll,Meter,170,88.18,0,14990.54,9735.62,5254.92,Standard,2025-11-30,2025-12-01,2025-12-04,2025-12-03,Completed,Dispatched,Paid,14990.54,0,SP10,0.35054908,1,1,No
ORD00871,2025-12-25,CUST071,Prime Manufacturing,Engineering,Chandigarh,Chandigarh,North,Medium,P003,Protective Packaging,Bubble Wrap Roll,Roll,5,768.57,0.1,3842.87,2540.99,1301.88,Express,2025-12-30,2026-01-03,2026-01-06,2025-12-31,In Production,Pending,Partially Paid,2552.78,1290.09,SP11,0.338778049,4,6,No
ORD00872,2025-05-28,CUST055,National Manufacturing,Retail,Ahmedabad,Gujarat,West,Medium,P010,Packaging Tools & Equipment,Battery Strapping Machine,Nos,5,38895.49,0.02,194477.47,148194.96,46282.51,Scheduled,2025-06-03,2025-06-06,2025-06-06,2025-06-03,In Production,Dispatched,Paid,194477.47,0,SP04,0.237983917,3,3,No
ORD00873,2025-03-29,CUST078,Shree Industries,Automotive,Chennai,Tamil Nadu,South,Medium,P004,Protective Packaging,EPE Foam Roll,Roll,43,1554.89,0.05,66860.17,39593.66,27266.51,Express,2025-04-02,2025-04-08,2025-04-08,2025-04-05,In Production,Dispatched,Paid,66860.17,0,SP01,0.40781395,6,3,No
ORD00874,2025-04-01,CUST034,Vertex Logistics,Automotive,Bhopal,Madhya Pradesh,Central,Large,P006,Stretch / Film Solutions,Shrink Film Roll,Roll,8,785.27,0.05,6282.16,3646.5,2635.66,Standard,2025-04-05,2025-04-06,2025-04-07,2025-04-06,Pending,Dispatched,Paid,6282.16,0,SP01,0.41954678,1,1,No
ORD00875,2025-01-09,CUST063,Prime Logistics,FMCG,Bhopal,Madhya Pradesh,Central,Large,P003,Protective Packaging,Bubble Wrap Roll,Roll,39,813.17,0.05,31713.73,19711.09,12002.64,Scheduled,2025-01-15,2025-01-21,2025-01-23,2025-01-17,Completed,Dispatched,Paid,31713.73,0,SP06,0.378468253,6,6,No
ORD00876,2025-08-20,CUST018,Sunrise Traders,Chemicals,Hyderabad,Telangana,South,Small,P007,Pallet Solutions,Wooden Pallet,Nos,13,924.16,0.02,12014.09,8125.44,3888.65,Scheduled,2025-08-25,2025-08-31,2025-09-02,2025-09-02,Completed,Dispatched,Paid,12014.09,0,SP06,0.323674119,6,0,Yes
ORD00877,2025-09-23,CUST110,Om Manufacturing,Retail,Chennai,Tamil Nadu,South,Medium,P004,Protective Packaging,EPE Foam Roll,Roll,13,1377.76,0,17910.88,11695.5,6215.38,Standard,2025-09-29,2025-10-03,2025-10-03,2025-10-02,Completed,Dispatched,Paid,17910.88,0,SP06,0.347017009,4,1,No
ORD00878,2025-09-12,CUST026,Prime Manufacturing,Pharmaceuticals,Pune,Maharashtra,West,Large,P006,Stretch / Film Solutions,Shrink Film Roll,Roll,40,721.78,0.03,28871.37,18525.32,10346.05,Scheduled,2025-09-14,2025-09-16,2025-09-20,2025-09-23,Completed,Dispatched,Paid,28871.37,0,SP11,0.358349812,2,0,Yes
ORD00879,2025-10-06,CUST064,Sunrise Industries,Electronics,Noida,Uttar Pradesh,North,Large,P005,Stretch / Film Solutions,Stretch Film Roll,Roll,46,635.29,0.05,29223.5,17471.15,11752.35,Express,2025-10-11,2025-10-16,2025-10-17,2025-10-15,Completed,Dispatched,Paid,29223.5,0,SP04,0.402154088,5,2,No
ORD00880,2025-01-22,CUST069,United Logistics,FMCG,Mumbai,Maharashtra,West,Small,P002,Strapping Solutions,PET Strapping Roll,Kg,90,132.03,0.02,11882.91,6484.45,5398.46,Express,2025-01-28,2025-02-02,2025-02-09,2025-02-05,Completed,Dispatched,Partially Paid,8767.07,3115.84,SP11,0.454304543,5,4,No
ORD00881,2025-03-17,CUST001,Prime Industries,Textiles,Patna,Bihar,East,Small,P011,Customized Carton Boxes,5-Ply Corrugated Box,Nos,96,57.85,0.08,5554.07,3242.68,2311.39,Express,2025-03-22,2025-03-28,2025-03-29,2025-03-30,Completed,Dispatched,Partially Paid,2087.48,3466.59,SP01,0.416161482,6,0,Yes
ORD00882,2025-08-21,CUST019,Apex Manufacturing,Automotive,Ludhiana,Punjab,North,Medium,P004,Protective Packaging,EPE Foam Roll,Roll,5,1424.22,0.1,7121.11,4692.36,2428.75,Express,2025-08-23,2025-08-25,2025-09-01,2025-09-04,Completed,Dispatched,Paid,7121.11,0,SP03,0.341063402,2,0,Yes
ORD00883,2025-06-29,CUST022,United Manufacturing,Textiles,Patna,Bihar,East,Small,P007,Pallet Solutions,Wooden Pallet,Nos,18,940.11,0.02,16921.93,10660.9,6261.03,Scheduled,2025-07-03,2025-07-10,2025-07-14,2025-07-12,Completed,Dispatched,Paid,16921.93,0,SP02,0.36999503,7,2,No
ORD00884,2025-05-29,CUST094,Sunrise Traders,Engineering,Bhubaneswar,Odisha,East,Medium,P003,Protective Packaging,Bubble Wrap Roll,Roll,258,799.53,0.05,206277.45,130637.4,75640.05,Express,2025-06-01,2025-06-02,2025-06-05,2025-06-08,Completed,Dispatched,Paid,206277.45,0,SP10,0.366690833,1,0,Yes
ORD00885,2025-06-09,CUST103,Apex Traders,Textiles,Coimbatore,Tamil Nadu,South,Small,P014,Material Handling,Hand Pallet Truck,Nos,11,20085.53,0,220940.85,153368.49,67572.36,Express,2025-06-12,2025-06-17,2025-06-20,2025-06-19,Completed,Dispatched,Partially Paid,126314.87,94625.98,SP05,0.305839142,5,1,No
ORD00886,2025-02-13,CUST056,National Enterprises,Automotive,Vijayawada,Andhra Pradesh,South,Small,P012,Customized Carton Boxes,7-Ply Corrugated Box,Nos,6,92.04,0,552.22,347.52,204.7,Express,2025-02-17,2025-02-22,2025-02-25,2025-02-26,In Production,Dispatched,Partially Paid,290.89,261.33,SP09,0.370685596,5,0,Yes
ORD00887,2025-12-17,CUST044,Apex Industries,Automotive,Noida,Uttar Pradesh,North,Small,P004,Protective Packaging,EPE Foam Roll,Roll,41,1410.44,0.02,57827.88,35201.52,22626.36,Express,2025-12-21,2025-12-25,2025-12-27,2025-12-28,Pending,Dispatched,Paid,57827.88,0,SP02,0.391270785,4,0,Yes
ORD00888,2025-03-13,CUST018,Sunrise Traders,Chemicals,Hyderabad,Telangana,South,Small,P006,Stretch / Film Solutions,Shrink Film Roll,Roll,11,835.06,0.03,9185.61,5242.25,3943.36,Express,2025-03-19,2025-03-22,2025-03-23,2025-03-27,Completed,Dispatched,Paid,9185.61,0,SP03,0.429297564,3,0,Yes
ORD00889,2025-07-26,CUST037,Prime Pvt Ltd,Logistics,Ahmedabad,Gujarat,West,Small,P001,Strapping Solutions,PP Strapping Roll,Meter,330,95.83,0.05,31624.65,17880.43,13744.22,Scheduled,2025-07-28,2025-08-01,2025-08-05,2025-08-07,Completed,Dispatched,Paid,31624.65,0,SP02,0.434604652,4,0,Yes
ORD00890,2025-05-29,CUST030,Metro Industries,Textiles,Patna,Bihar,East,Medium,P002,Strapping Solutions,PET Strapping Roll,Kg,50,119.83,0.02,5991.29,3528.51,2462.78,Scheduled,2025-06-04,2025-06-08,2025-06-16,2025-06-03,Completed,Dispatched,Partially Paid,2442.41,3548.88,SP08,0.411060056,4,13,No
ORD00891,2025-03-11,CUST049,Metro Enterprises,Retail,Chennai,Tamil Nadu,South,Medium,P012,Customized Carton Boxes,7-Ply Corrugated Box,Nos,14,92.68,0.08,1297.55,805.76,491.79,Standard,2025-03-14,2025-03-20,2025-03-21,2025-03-20,Completed,Dispatched,Outstanding,133.86,1163.69,SP02,0.379014296,6,1,No
ORD00892,2025-01-01,CUST076,Metro Manufacturing,Textiles,Delhi,Delhi,North,Large,P001,Strapping Solutions,PP Strapping Roll,Meter,240,93.6,0.1,22464.36,13073.91,9390.45,Standard,2025-01-04,2025-01-09,2025-01-12,2025-01-14,Completed,Dispatched,Paid,22464.36,0,SP02,0.41801547,5,0,Yes
ORD00893,2025-06-03,CUST109,National Enterprises,FMCG,Pune,Maharashtra,West,Medium,P012,Customized Carton Boxes,7-Ply Corrugated Box,Nos,44,90.66,0.03,3989.06,2455.9,1533.16,Standard,2025-06-08,2025-06-12,2025-06-13,2025-06-11,Completed,Dispatched,Partially Paid,2446.35,1542.71,SP07,0.384341173,4,2,No
ORD00894,2025-03-16,CUST056,National Enterprises,Automotive,Vijayawada,Andhra Pradesh,South,Small,P007,Pallet Solutions,Wooden Pallet,Nos,8,1010.84,0,8086.69,4954.91,3131.78,Express,2025-03-18,2025-03-20,2025-03-21,2025-03-24,Completed,Dispatched,Paid,8086.69,0,SP11,0.387275882,2,0,Yes
ORD00895,2025-02-21,CUST061,Apex Industries,Logistics,Ludhiana,Punjab,North,Large,P002,Strapping Solutions,PET Strapping Roll,Kg,50,122,0.05,6099.99,3781.47,2318.52,Standard,2025-02-27,2025-03-03,2025-03-05,2025-03-02,Completed,Dispatched,Paid,6099.99,0,SP05,0.380085869,4,3,No
ORD00896,2025-08-23,CUST035,United Industries,FMCG,Ludhiana,Punjab,North,Medium,P012,Customized Carton Boxes,7-Ply Corrugated Box,Nos,7,89.47,0,626.31,396,230.31,Express,2025-08-25,2025-08-30,2025-09-02,2025-08-28,Completed,Dispatched,Paid,626.31,0,SP03,0.367725248,5,5,No
ORD00897,2025-08-28,CUST115,Metro Enterprises,Chemicals,Bhubaneswar,Odisha,East,Medium,P007,Pallet Solutions,Wooden Pallet,Nos,26,899.59,0.05,23389.39,16462.38,6927.01,Scheduled,2025-09-02,2025-09-05,2025-09-05,2025-09-04,In Production,Dispatched,Paid,23389.39,0,SP02,0.296160353,3,1,No
ORD00898,2025-03-31,CUST048,Sunrise Manufacturing,FMCG,Vijayawada,Andhra Pradesh,South,Small,P007,Pallet Solutions,Wooden Pallet,Nos,26,887.44,0,23073.44,15515.49,7557.95,Standard,2025-04-03,2025-04-06,2025-04-10,2025-04-10,In Production,Dispatched,Paid,23073.44,0,SP11,0.327560606,3,0,Yes
ORD00899,2025-09-05,CUST015,Metro Manufacturing,Engineering,Hyderabad,Telangana,South,Medium,P007,Pallet Solutions,Wooden Pallet,Nos,10,968.63,0.1,9686.3,6355.87,3330.43,Scheduled,2025-09-10,2025-09-14,2025-09-18,2025-09-12,In Production,Dispatched,Partially Paid,6093.72,3592.58,SP10,0.343828913,4,6,No
ORD00900,2025-06-28,CUST094,Sunrise Traders,Engineering,Bhubaneswar,Odisha,East,Medium,P012,Customized Carton Boxes,7-Ply Corrugated Box,Nos,10,94.27,0.03,942.72,590.72,352,Scheduled,2025-07-04,2025-07-09,2025-07-15,2025-07-04,Completed,Dispatched,Partially Paid,616.5,326.22,SP04,0.373387644,5,11,No
ORD00901,2025-02-23,CUST048,Sunrise Manufacturing,FMCG,Vijayawada,Andhra Pradesh,South,Small,P011,Customized Carton Boxes,5-Ply Corrugated Box,Nos,15,59.35,0.05,890.25,502.74,387.51,Express,2025-02-26,2025-03-04,2025-03-07,2025-03-06,Completed,Dispatched,Paid,890.25,0,SP10,0.435282224,6,1,No
ORD00902,2025-11-20,CUST071,Prime Manufacturing,Engineering,Chandigarh,Chandigarh,North,Medium,P001,Strapping Solutions,PP Strapping Roll,Meter,580,96.43,0.08,55929.4,32170.65,23758.75,Express,2025-11-22,2025-11-24,2025-11-26,2025-11-26,Completed,Dispatched,Outstanding,1641.96,54287.44,SP08,0.424798943,2,0,Yes
ORD00903,2025-12-14,CUST020,Shree Industries,Electronics,Bengaluru,Karnataka,South,Large,P011,Customized Carton Boxes,5-Ply Corrugated Box,Nos,20,61.69,0.03,1233.85,692.02,541.83,Standard,2025-12-18,2025-12-20,2025-12-21,2025-12-21,Completed,Dispatched,Partially Paid,905.56,328.29,SP04,0.439137659,2,0,Yes
ORD00904,2025-01-18,CUST028,United Logistics,Textiles,Bhubaneswar,Odisha,East,Large,P012,Customized Carton Boxes,7-Ply Corrugated Box,Nos,3,99.11,0.08,297.32,168.41,128.91,Standard,2025-01-21,2025-01-22,2025-01-24,2025-01-29,In Production,Dispatched,Paid,297.32,0,SP04,0.433573254,1,0,Yes
ORD00905,2025-10-20,CUST007,Shree Industries,Pharmaceuticals,Kolkata,West Bengal,East,Large,P012,Customized Carton Boxes,7-Ply Corrugated Box,Nos,17,83.02,0.1,1411.38,968.09,443.29,Scheduled,2025-10-25,2025-10-30,2025-11-01,2025-10-30,Completed,Dispatched,Paid,1411.38,0,SP07,0.314082671,5,2,No
ORD00906,2025-02-06,CUST034,Vertex Logistics,Automotive,Bhopal,Madhya Pradesh,Central,Large,P013,Material Handling,Platform Trolley,Nos,33,7370.12,0.08,243214,177906.61,65307.39,Standard,2025-02-12,2025-02-13,2025-02-14,2025-02-19,Completed,Dispatched,Paid,243214,0,SP04,0.268518219,1,0,Yes
ORD00907,2025-05-29,CUST052,United Manufacturing,Retail,Coimbatore,Tamil Nadu,South,Small,P002,Strapping Solutions,PET Strapping Roll,Kg,155,137.63,0.05,21332.55,11085.67,10246.88,Scheduled,2025-06-02,2025-06-06,2025-06-08,2025-06-04,Completed,Dispatched,Paid,21332.55,0,SP10,0.480340137,4,4,No
ORD00908,2025-09-14,CUST084,Prime Traders,Chemicals,Noida,Uttar Pradesh,North,Medium,P001,Strapping Solutions,PP Strapping Roll,Meter,290,93.07,0,26991.55,15831.88,11159.67,Express,2025-09-18,2025-09-22,2025-09-26,2025-09-19,In Production,Dispatched,Paid,26991.55,0,SP07,0.413450506,4,7,No
ORD00909,2025-05-14,CUST091,Metro Pvt Ltd,Chemicals,Gurugram,Haryana,North,Medium,P001,Strapping Solutions,PP Strapping Roll,Meter,650,92.99,0,60444.89,35851.46,24593.43,Express,2025-05-17,2025-05-20,2025-05-20,2025-05-21,In Production,Dispatched,Paid,60444.89,0,SP02,0.4068736,3,0,Yes
ORD00910,2025-10-16,CUST035,United Industries,FMCG,Ludhiana,Punjab,North,Medium,P006,Stretch / Film Solutions,Shrink Film Roll,Roll,38,794.68,0.05,30197.7,16754.55,13443.15,Express,2025-10-22,2025-10-28,2025-10-28,2025-10-26,In Production,Dispatched,Paid,30197.7,0,SP03,0.445171321,6,2,No
ORD00911,2025-05-19,CUST105,United Pvt Ltd,Electronics,Hyderabad,Telangana,South,Large,P002,Strapping Solutions,PET Strapping Roll,Kg,50,117.52,0.05,5876.18,3729.3,2146.88,Standard,2025-05-21,2025-05-22,2025-05-22,2025-05-31,Completed,Dispatched,Paid,5876.18,0,SP01,0.365353001,1,0,Yes
ORD00912,2025-04-11,CUST023,Vertex Logistics,Textiles,Noida,Uttar Pradesh,North,Large,P006,Stretch / Film Solutions,Shrink Film Roll,Roll,8,789.08,0,6312.68,3618.81,2693.87,Scheduled,2025-04-17,2025-04-22,2025-04-25,2025-04-16,Completed,Dispatched,Partially Paid,3980.37,2332.31,SP03,0.426739515,5,9,No
ORD00913,2025-03-01,CUST043,Om Logistics,Electronics,Mumbai,Maharashtra,West,Large,P012,Customized Carton Boxes,7-Ply Corrugated Box,Nos,13,87.7,0.03,1140.06,720,420.06,Standard,2025-03-06,2025-03-07,2025-03-11,2025-03-11,Completed,Dispatched,Outstanding,100.66,1039.4,SP07,0.368454292,1,0,Yes
ORD00914,2025-10-02,CUST083,Metro Industries,Engineering,Jaipur,Rajasthan,North,Small,P003,Protective Packaging,Bubble Wrap Roll,Roll,8,796.68,0.1,6373.43,4019.27,2354.16,Express,2025-10-08,2025-10-09,2025-10-09,2025-10-10,Completed,Dispatched,Paid,6373.43,0,SP06,0.369370967,1,0,Yes
ORD00915,2025-11-05,CUST012,Shree Pvt Ltd,Engineering,Coimbatore,Tamil Nadu,South,Large,P003,Protective Packaging,Bubble Wrap Roll,Roll,9,920.25,0.02,8282.22,4444.68,3837.54,Standard,2025-11-08,2025-11-11,2025-11-12,2025-11-19,Completed,Dispatched,Paid,8282.22,0,SP08,0.463346784,3,0,Yes
ORD00916,2025-12-28,CUST014,National Industries,Retail,Ahmedabad,Gujarat,West,Medium,P014,Material Handling,Hand Pallet Truck,Nos,3,19682.86,0.05,59048.59,39605.89,19442.7,Express,2026-01-01,2026-01-08,2026-01-09,2026-01-09,In Production,Pending,Partially Paid,41758.65,17289.94,SP12,0.329266118,7,0,Yes
ORD00917,2025-10-05,CUST053,United Manufacturing,FMCG,Gurugram,Haryana,North,Medium,P011,Customized Carton Boxes,5-Ply Corrugated Box,Nos,18,55.29,0.03,995.14,625.14,370,Standard,2025-10-11,2025-10-12,2025-10-12,2025-10-15,Completed,Dispatched,Paid,995.14,0,SP09,0.371806982,1,0,Yes
ORD00918,2025-04-29,CUST079,Shree Manufacturing,Logistics,Indore,Madhya Pradesh,Central,Large,P007,Pallet Solutions,Wooden Pallet,Nos,5,1023.51,0.02,5117.57,2989.53,2128.04,Standard,2025-05-03,2025-05-09,2025-05-16,2025-05-07,Completed,Dispatched,Paid,5117.57,0,SP08,0.415830169,6,9,No
ORD00919,2025-01-18,CUST089,Shree Manufacturing,Electronics,Chandigarh,Chandigarh,North,Small,P004,Protective Packaging,EPE Foam Roll,Roll,15,1539.76,0.05,23096.42,13498.06,9598.36,Standard,2025-01-22,2025-01-25,2025-01-29,2025-01-29,Pending,Dispatched,Paid,23096.42,0,SP07,0.415577825,3,0,Yes
ORD00920,2025-07-16,CUST014,National Industries,Retail,Ahmedabad,Gujarat,West,Medium,P006,Stretch / Film Solutions,Shrink Film Roll,Roll,18,814.17,0.08,14655.14,8030.63,6624.51,Scheduled,2025-07-21,2025-07-22,2025-07-23,2025-07-24,Completed,Dispatched,Paid,14655.14,0,SP06,0.452026388,1,0,Yes
ORD00921,2025-01-14,CUST020,Shree Industries,Electronics,Bengaluru,Karnataka,South,Large,P011,Customized Carton Boxes,5-Ply Corrugated Box,Nos,4,58.96,0.03,235.85,131.78,104.07,Scheduled,2025-01-20,2025-01-27,2025-01-29,2025-01-23,Completed,Dispatched,Partially Paid,122.88,112.97,SP12,0.441255035,7,6,No
ORD00922,2025-01-30,CUST073,Vertex Industries,Chemicals,Patna,Bihar,East,Medium,P005,Stretch / Film Solutions,Stretch Film Roll,Roll,13,684.03,0.03,8892.42,4808.65,4083.77,Standard,2025-02-01,2025-02-06,2025-02-09,2025-02-08,In Production,Dispatched,Paid,8892.42,0,SP07,0.459241691,5,1,No
ORD00923,2025-08-28,CUST114,United Pvt Ltd,Chemicals,Indore,Madhya Pradesh,Central,Large,P012,Customized Carton Boxes,7-Ply Corrugated Box,Nos,12,89.26,0.03,1071.15,695.23,375.92,Express,2025-08-31,2025-09-02,2025-09-02,2025-09-06,Pending,Dispatched,Paid,1071.15,0,SP10,0.350949914,2,0,Yes
ORD00924,2025-07-22,CUST065,Apex Logistics,FMCG,Bhubaneswar,Odisha,East,Medium,P011,Customized Carton Boxes,5-Ply Corrugated Box,Nos,32,57.08,0,1826.63,1143.55,683.08,Express,2025-07-24,2025-07-29,2025-07-31,2025-08-01,Completed,Dispatched,Paid,1826.63,0,SP10,0.373956412,5,0,Yes
ORD00925,2025-12-05,CUST044,Apex Industries,Automotive,Noida,Uttar Pradesh,North,Small,P006,Stretch / Film Solutions,Shrink Film Roll,Roll,87,722.1,0.05,62822.9,41725.57,21097.33,Scheduled,2025-12-09,2025-12-16,2025-12-18,2025-12-12,Completed,Dispatched,Paid,62822.9,0,SP09,0.335822288,7,6,No
ORD00926,2025-04-22,CUST066,Om Logistics,Engineering,Kolkata,West Bengal,East,Medium,P003,Protective Packaging,Bubble Wrap Roll,Roll,94,790.17,0.05,74275.83,46673.88,27601.95,Express,2025-04-27,2025-04-28,2025-05-02,2025-04-28,Completed,Dispatched,Paid,74275.83,0,SP05,0.371614158,1,4,No
ORD00927,2025-05-13,CUST019,Apex Manufacturing,Automotive,Ludhiana,Punjab,North,Medium,P013,Material Handling,Platform Trolley,Nos,38,7823.16,0.05,297280.13,200440.06,96840.07,Scheduled,2025-05-18,2025-05-20,2025-05-21,2025-05-20,Completed,Dispatched,Paid,297280.13,0,SP09,0.325753591,2,1,No
ORD00928,2025-08-14,CUST008,Metro Traders,Pharmaceuticals,Chennai,Tamil Nadu,South,Small,P009,Packaging Tools & Equipment,Manual Strapping Tool,Nos,30,2983.5,0.08,89504.98,68971.82,20533.16,Express,2025-08-20,2025-08-23,2025-08-23,2025-08-27,Completed,Dispatched,Partially Paid,55614.38,33890.6,SP09,0.229408017,3,0,Yes
ORD00929,2025-01-23,CUST102,Global Logistics,Textiles,Bengaluru,Karnataka,South,Medium,P011,Customized Carton Boxes,5-Ply Corrugated Box,Nos,10,63.52,0.08,635.24,343.23,292.01,Express,2025-01-29,2025-01-31,2025-02-07,2025-01-29,Completed,Dispatched,Paid,635.24,0,SP11,0.459684529,2,9,No
ORD00930,2025-08-01,CUST032,Vertex Industries,Textiles,Bhopal,Madhya Pradesh,Central,Large,P007,Pallet Solutions,Wooden Pallet,Nos,22,959.62,0.02,21111.75,13173.73,7938.02,Express,2025-08-03,2025-08-09,2025-08-12,2025-08-10,Completed,Dispatched,Partially Paid,10553.47,10558.28,SP10,0.376000095,6,2,No
ORD00931,2025-01-16,CUST071,Prime Manufacturing,Engineering,Chandigarh,Chandigarh,North,Medium,P008,Pallet Solutions,Plastic Pallet,Nos,2,2311.64,0.05,4623.29,3258.33,1364.96,Express,2025-01-19,2025-01-22,2025-01-22,2025-01-25,In Production,Dispatched,Paid,4623.29,0,SP09,0.295235644,3,0,Yes
ORD00932,2025-09-18,CUST091,Metro Pvt Ltd,Chemicals,Gurugram,Haryana,North,Medium,P006,Stretch / Film Solutions,Shrink Film Roll,Roll,43,828.18,0.05,35611.93,19026.05,16585.88,Scheduled,2025-09-24,2025-09-30,2025-10-02,2025-09-26,Completed,Dispatched,Paid,35611.93,0,SP02,0.465739431,6,6,No
ORD00933,2025-02-09,CUST059,Global Manufacturing,Textiles,Vijayawada,Andhra Pradesh,South,Small,P009,Packaging Tools & Equipment,Manual Strapping Tool,Nos,18,2994.84,0.02,53907.11,40761.05,13146.06,Standard,2025-02-12,2025-02-17,2025-02-21,2025-02-23,Completed,Dispatched,Paid,53907.11,0,SP10,0.243865049,5,0,Yes
ORD00934,2025-08-30,CUST020,Shree Industries,Electronics,Bengaluru,Karnataka,South,Large,P013,Material Handling,Platform Trolley,Nos,27,8317.53,0.03,224573.31,143066.22,81507.09,Express,2025-09-05,2025-09-10,2025-09-13,2025-09-09,In Production,Dispatched,Paid,224573.31,0,SP04,0.362942017,5,4,No
ORD00935,2025-08-22,CUST079,Shree Manufacturing,Logistics,Indore,Madhya Pradesh,Central,Large,P003,Protective Packaging,Bubble Wrap Roll,Roll,15,823.08,0.1,12346.16,7570.07,4776.09,Scheduled,2025-08-26,2025-09-01,2025-09-01,2025-08-30,Pending,Dispatched,Paid,12346.16,0,SP02,0.386848218,6,2,No
ORD00936,2025-07-05,CUST027,Om Industries,Retail,Chennai,Tamil Nadu,South,Medium,P012,Customized Carton Boxes,7-Ply Corrugated Box,Nos,21,94.26,0.02,1979.44,1220.87,758.57,Express,2025-07-10,2025-07-15,2025-07-16,2025-07-17,Completed,Dispatched,Partially Paid,1307.58,671.86,SP11,0.383224548,5,0,Yes
ORD00937,2025-10-27,CUST020,Shree Industries,Electronics,Bengaluru,Karnataka,South,Large,P005,Stretch / Film Solutions,Stretch Film Roll,Roll,17,686.8,0,11675.58,6067.91,5607.67,Express,2025-10-30,2025-11-04,2025-11-06,2025-11-05,Completed,Dispatched,Paid,11675.58,0,SP11,0.480290487,5,1,No
ORD00938,2025-04-12,CUST061,Apex Industries,Logistics,Ludhiana,Punjab,North,Large,P012,Customized Carton Boxes,7-Ply Corrugated Box,Nos,15,90.51,0.05,1357.68,817.34,540.34,Express,2025-04-15,2025-04-19,2025-04-23,2025-04-19,Completed,Dispatched,Partially Paid,947.37,410.31,SP01,0.397987744,4,4,No
ORD00939,2025-12-20,CUST042,National Manufacturing,FMCG,Surat,Gujarat,West,Medium,P011,Customized Carton Boxes,5-Ply Corrugated Box,Nos,18,54.35,0.02,978.28,608.74,369.54,Standard,2025-12-23,2025-12-24,2025-12-25,2026-01-02,In Production,Dispatched,Outstanding,102.27,876.01,SP12,0.377744613,1,0,Yes
ORD00940,2025-05-31,CUST030,Metro Industries,Textiles,Patna,Bihar,East,Medium,P008,Pallet Solutions,Plastic Pallet,Nos,29,2526.78,0.1,73276.66,48809.7,24466.96,Scheduled,2025-06-02,2025-06-05,2025-06-07,2025-06-14,Completed,Dispatched,Partially Paid,52339.3,20937.36,SP08,0.333898406,3,0,Yes
ORD00941,2025-08-12,CUST083,Metro Industries,Engineering,Jaipur,Rajasthan,North,Small,P012,Customized Carton Boxes,7-Ply Corrugated Box,Nos,40,86.17,0.1,3446.74,2195.76,1250.98,Standard,2025-08-16,2025-08-23,2025-08-26,2025-08-19,Completed,Dispatched,Paid,3446.74,0,SP01,0.362945856,7,7,No
ORD00942,2025-10-31,CUST055,National Manufacturing,Retail,Ahmedabad,Gujarat,West,Medium,P003,Protective Packaging,Bubble Wrap Roll,Roll,33,951.98,0,31415.21,16633.79,14781.42,Express,2025-11-06,2025-11-09,2025-11-12,2025-11-11,Completed,Dispatched,Partially Paid,14731.83,16683.38,SP01,0.470517943,3,1,No
ORD00943,2025-10-16,CUST094,Sunrise Traders,Engineering,Bhubaneswar,Odisha,East,Medium,P003,Protective Packaging,Bubble Wrap Roll,Roll,51,833.44,0,42505.45,26581.09,15924.36,Standard,2025-10-22,2025-10-27,2025-10-31,2025-10-29,Completed,Dispatched,Paid,42505.45,0,SP12,0.374642781,5,2,No
ORD00944,2025-04-18,CUST041,Metro Enterprises,Chemicals,Patna,Bihar,East,Medium,P006,Stretch / Film Solutions,Shrink Film Roll,Roll,8,822.48,0,6579.81,3857.9,2721.91,Express,2025-04-23,2025-04-28,2025-04-30,2025-05-02,Completed,Dispatched,Paid,6579.81,0,SP08,0.413676079,5,0,Yes
ORD00945,2025-08-13,CUST073,Vertex Industries,Chemicals,Patna,Bihar,East,Medium,P004,Protective Packaging,EPE Foam Roll,Roll,73,1354.09,0.08,98848.84,65602.82,33246.02,Scheduled,2025-08-16,2025-08-18,2025-08-20,2025-08-22,Completed,Dispatched,Outstanding,1423.07,97425.77,SP09,0.336331919,2,0,Yes
ORD00946,2025-03-28,CUST091,Metro Pvt Ltd,Chemicals,Gurugram,Haryana,North,Medium,P006,Stretch / Film Solutions,Shrink Film Roll,Roll,79,727.78,0.05,57494.34,36683.74,20810.6,Standard,2025-03-30,2025-04-04,2025-04-04,2025-04-10,Completed,Dispatched,Paid,57494.34,0,SP05,0.361959108,5,0,Yes
ORD00947,2025-10-20,CUST085,Global Manufacturing,Pharmaceuticals,Bhubaneswar,Odisha,East,Small,P007,Pallet Solutions,Wooden Pallet,Nos,16,998.96,0.02,15983.35,9659.67,6323.68,Express,2025-10-25,2025-10-31,2025-11-08,2025-11-02,Completed,Dispatched,Paid,15983.35,0,SP08,0.395641715,6,6,No
ORD00948,2025-05-15,CUST090,Sunrise Traders,Textiles,Delhi,Delhi,North,Small,P014,Material Handling,Hand Pallet Truck,Nos,26,19451.78,0.1,505746.15,339039.24,166706.91,Standard,2025-05-17,2025-05-24,2025-05-25,2025-05-24,Completed,Dispatched,Paid,505746.15,0,SP06,0.329625663,7,1,No
ORD00949,2025-03-22,CUST060,Om Pvt Ltd,Chemicals,Pune,Maharashtra,West,Small,P012,Customized Carton Boxes,7-Ply Corrugated Box,Nos,9,101.32,0.02,911.87,528.58,383.29,Scheduled,2025-03-28,2025-03-31,2025-04-02,2025-04-03,Completed,Dispatched,Partially Paid,477.23,434.64,SP09,0.420334039,3,0,Yes
ORD00950,2025-06-12,CUST109,National Enterprises,FMCG,Pune,Maharashtra,West,Medium,P011,Customized Carton Boxes,5-Ply Corrugated Box,Nos,5,57.82,0.05,289.12,174.26,114.86,Standard,2025-06-15,2025-06-22,2025-06-26,2025-06-17,Completed,Dispatched,Paid,289.12,0,SP11,0.397274488,7,9,No
ORD00951,2025-04-11,CUST045,Apex Traders,FMCG,Ahmedabad,Gujarat,West,Large,P003,Protective Packaging,Bubble Wrap Roll,Roll,16,879.25,0.08,14068.08,8624.37,5443.71,Scheduled,2025-04-15,2025-04-19,2025-04-20,2025-04-23,Completed,Dispatched,Paid,14068.08,0,SP12,0.386954723,4,0,Yes
ORD00952,2025-04-20,CUST084,Prime Traders,Chemicals,Noida,Uttar Pradesh,North,Medium,P011,Customized Carton Boxes,5-Ply Corrugated Box,Nos,21,58.25,0.05,1223.25,689.04,534.21,Express,2025-04-22,2025-04-26,2025-04-26,2025-05-02,Completed,Dispatched,Paid,1223.25,0,SP11,0.436713673,4,0,Yes
ORD00953,2025-10-26,CUST096,Shree Industries,Retail,Delhi,Delhi,North,Small,P001,Strapping Solutions,PP Strapping Roll,Meter,250,97.16,0.03,24288.99,13502.23,10786.76,Express,2025-10-29,2025-11-04,2025-11-06,2025-11-07,Pending,Dispatched,Outstanding,2433.67,21855.32,SP11,0.444100805,6,0,Yes
ORD00954,2025-07-20,CUST082,Global Enterprises,Pharmaceuticals,Coimbatore,Tamil Nadu,South,Small,P001,Strapping Solutions,PP Strapping Roll,Meter,200,100.94,0.05,20188.62,11058.62,9130,Express,2025-07-26,2025-07-29,2025-08-02,2025-08-01,Completed,Dispatched,Outstanding,2935.51,17253.11,SP04,0.452234972,3,1,No
ORD00955,2025-12-06,CUST054,Prime Industries,Chemicals,Coimbatore,Tamil Nadu,South,Small,P001,Strapping Solutions,PP Strapping Roll,Meter,440,89.31,0.03,39297.88,24494.12,14803.76,Express,2025-12-11,2025-12-12,2025-12-13,2025-12-18,Completed,Dispatched,Paid,39297.88,0,SP08,0.376706326,1,0,Yes
ORD00956,2025-11-04,CUST043,Om Logistics,Electronics,Mumbai,Maharashtra,West,Large,P002,Strapping Solutions,PET Strapping Roll,Kg,50,121.2,0.03,6059.88,3616.99,2442.89,Express,2025-11-09,2025-11-15,2025-11-16,2025-11-09,Completed,Dispatched,Outstanding,511.08,5548.8,SP05,0.403125144,6,7,No
ORD00957,2025-12-12,CUST090,Sunrise Traders,Textiles,Delhi,Delhi,North,Small,P003,Protective Packaging,Bubble Wrap Roll,Roll,32,796.06,0.1,25473.92,15965.57,9508.35,Scheduled,2025-12-16,2025-12-20,2025-12-23,2025-12-24,Completed,Dispatched,Paid,25473.92,0,SP01,0.373258219,4,0,Yes
ORD00958,2025-06-07,CUST071,Prime Manufacturing,Engineering,Chandigarh,Chandigarh,North,Medium,P011,Customized Carton Boxes,5-Ply Corrugated Box,Nos,6,60.65,0.02,363.89,208.72,155.17,Standard,2025-06-12,2025-06-16,2025-06-17,2025-06-21,Completed,Dispatched,Partially Paid,215.42,148.47,SP12,0.426420072,4,0,Yes
ORD00959,2025-01-11,CUST055,National Manufacturing,Retail,Ahmedabad,Gujarat,West,Medium,P001,Strapping Solutions,PP Strapping Roll,Meter,370,95.22,0,35231.45,20505.56,14725.89,Scheduled,2025-01-16,2025-01-17,2025-01-19,2025-01-21,Completed,Dispatched,Paid,35231.45,0,SP04,0.417975701,1,0,Yes
ORD00960,2025-03-22,CUST044,Apex Industries,Automotive,Noida,Uttar Pradesh,North,Small,P008,Pallet Solutions,Plastic Pallet,Nos,14,2594.4,0.05,36321.62,23179.59,13142.03,Standard,2025-03-28,2025-04-01,2025-04-02,2025-03-31,In Production,Dispatched,Paid,36321.62,0,SP01,0.361823894,4,2,No
ORD00961,2025-01-19,CUST114,United Pvt Ltd,Chemicals,Indore,Madhya Pradesh,Central,Large,P011,Customized Carton Boxes,5-Ply Corrugated Box,Nos,16,62.11,0.03,993.76,574.12,419.64,Standard,2025-01-21,2025-01-28,2025-02-01,2025-01-25,In Production,Dispatched,Paid,993.76,0,SP11,0.422274996,7,7,No
ORD00962,2025-12-19,CUST023,Vertex Logistics,Textiles,Noida,Uttar Pradesh,North,Large,P007,Pallet Solutions,Wooden Pallet,Nos,31,904.58,0.03,28042.09,18616.41,9425.68,Standard,2025-12-22,2025-12-23,2025-12-25,2025-12-25,Completed,Dispatched,Paid,28042.09,0,SP02,0.336126159,1,0,Yes
ORD00963,2025-02-07,CUST062,Global Industries,Chemicals,Kochi,Kerala,South,Small,P003,Protective Packaging,Bubble Wrap Roll,Roll,26,828.95,0.05,21552.8,13743.7,7809.1,Scheduled,2025-02-13,2025-02-19,2025-02-28,2025-02-12,Completed,Dispatched,Paid,21552.8,0,SP05,0.362324153,6,16,No
ORD00964,2025-06-15,CUST004,Prime Manufacturing,Electronics,Mumbai,Maharashtra,West,Large,P001,Strapping Solutions,PP Strapping Roll,Meter,110,101.56,0.03,11171.08,6160.76,5010.32,Express,2025-06-20,2025-06-25,2025-06-25,2025-06-24,Completed,Dispatched,Paid,11171.08,0,SP07,0.448508112,5,1,No
ORD00965,2025-02-17,CUST011,Vertex Industries,Retail,Hyderabad,Telangana,South,Small,P005,Stretch / Film Solutions,Stretch Film Roll,Roll,25,575.31,0.08,14382.86,8704.02,5678.84,Express,2025-02-20,2025-02-24,2025-02-28,2025-02-26,In Production,Dispatched,Paid,14382.86,0,SP12,0.394833851,4,2,No
ORD00966,2025-07-21,CUST053,United Manufacturing,FMCG,Gurugram,Haryana,North,Medium,P011,Customized Carton Boxes,5-Ply Corrugated Box,Nos,21,62.73,0.05,1317.32,715.97,601.35,Express,2025-07-25,2025-08-01,2025-08-05,2025-07-27,Completed,Dispatched,Paid,1317.32,0,SP08,0.456495005,7,9,No
ORD00967,2025-10-16,CUST023,Vertex Logistics,Textiles,Noida,Uttar Pradesh,North,Large,P012,Customized Carton Boxes,7-Ply Corrugated Box,Nos,51,100.13,0.02,5106.56,2765.14,2341.42,Express,2025-10-18,2025-10-24,2025-10-26,2025-10-26,Completed,Dispatched,Paid,5106.56,0,SP10,0.458512188,6,0,Yes
ORD00968,2025-05-08,CUST018,Sunrise Traders,Chemicals,Hyderabad,Telangana,South,Small,P009,Packaging Tools & Equipment,Manual Strapping Tool,Nos,10,3270.93,0.05,32709.32,22226.26,10483.06,Express,2025-05-10,2025-05-12,2025-05-15,2025-05-22,Completed,Dispatched,Partially Paid,21488.83,11220.49,SP07,0.32049153,2,0,Yes
ORD00969,2025-06-09,CUST112,National Manufacturing,Chemicals,Chennai,Tamil Nadu,South,Medium,P002,Strapping Solutions,PET Strapping Roll,Kg,55,117.57,0.05,6466.58,3891.22,2575.36,Standard,2025-06-13,2025-06-20,2025-06-21,2025-06-14,Completed,Dispatched,Paid,6466.58,0,SP09,0.398256884,7,7,No
ORD00970,2025-09-08,CUST071,Prime Manufacturing,Engineering,Chandigarh,Chandigarh,North,Medium,P008,Pallet Solutions,Plastic Pallet,Nos,31,2459.81,0.03,76254,52108.31,24145.69,Express,2025-09-14,2025-09-18,2025-09-20,2025-09-16,Completed,Dispatched,Paid,76254,0,SP12,0.316648176,4,4,No
ORD00971,2025-02-09,CUST087,Shree Manufacturing,FMCG,Noida,Uttar Pradesh,North,Medium,P005,Stretch / Film Solutions,Stretch Film Roll,Roll,59,658.64,0.05,38859.77,20885.59,17974.18,Express,2025-02-14,2025-02-16,2025-02-16,2025-02-16,Completed,Dispatched,Paid,38859.77,0,SP08,0.462539536,2,0,Yes
ORD00972,2025-03-29,CUST046,Shree Pvt Ltd,Logistics,Noida,Uttar Pradesh,North,Small,P005,Stretch / Film Solutions,Stretch Film Roll,Roll,47,587.78,0.05,27625.78,17082.79,10542.99,Express,2025-04-04,2025-04-08,2025-04-09,2025-04-11,Completed,Dispatched,Paid,27625.78,0,SP10,0.381635921,4,0,Yes
ORD00973,2025-07-10,CUST031,United Industries,Textiles,Bhopal,Madhya Pradesh,Central,Large,P003,Protective Packaging,Bubble Wrap Roll,Roll,25,805.48,0.03,20137.11,13098.84,7038.27,Express,2025-07-16,2025-07-22,2025-07-23,2025-07-17,Completed,Dispatched,Partially Paid,11917.28,8219.83,SP08,0.349517384,6,6,No
ORD00974,2025-04-18,CUST117,National Pvt Ltd,Textiles,Gurugram,Haryana,North,Large,P006,Stretch / Film Solutions,Shrink Film Roll,Roll,35,780.81,0.02,27328.52,15982.91,11345.61,Express,2025-04-22,2025-04-28,2025-04-29,2025-04-25,In Production,Dispatched,Paid,27328.52,0,SP02,0.415156401,6,4,No
ORD00975,2025-01-03,CUST119,National Traders,Engineering,Jaipur,Rajasthan,North,Medium,P011,Customized Carton Boxes,5-Ply Corrugated Box,Nos,12,54.47,0.05,653.62,399.98,253.64,Standard,2025-01-07,2025-01-13,2025-01-14,2025-01-11,Completed,Dispatched,Paid,653.62,0,SP02,0.388054221,6,3,No
ORD00976,2025-06-29,CUST089,Shree Manufacturing,Electronics,Chandigarh,Chandigarh,North,Small,P011,Customized Carton Boxes,5-Ply Corrugated Box,Nos,70,52.51,0.08,3675.95,2505.87,1170.08,Express,2025-07-05,2025-07-07,2025-07-09,2025-07-04,Completed,Dispatched,Partially Paid,2358.96,1316.99,SP10,0.318306832,2,5,No
ORD00977,2025-07-26,CUST009,Prime Industries,Retail,Ludhiana,Punjab,North,Small,P004,Protective Packaging,EPE Foam Roll,Roll,16,1365.06,0.03,21841.02,14923.97,6917.05,Standard,2025-07-30,2025-08-04,2025-08-11,2025-08-03,Completed,Dispatched,Paid,21841.02,0,SP03,0.316699953,5,8,No
ORD00978,2025-09-25,CUST038,Global Manufacturing,Logistics,Coimbatore,Tamil Nadu,South,Large,P012,Customized Carton Boxes,7-Ply Corrugated Box,Nos,48,96.36,0.05,4625.31,2793.5,1831.81,Standard,2025-10-01,2025-10-07,2025-10-10,2025-10-05,In Production,Dispatched,Paid,4625.31,0,SP01,0.396040482,6,5,No
ORD00979,2025-04-29,CUST105,United Pvt Ltd,Electronics,Hyderabad,Telangana,South,Large,P007,Pallet Solutions,Wooden Pallet,Nos,20,1011.56,0,20231.16,12885.82,7345.34,Scheduled,2025-05-02,2025-05-03,2025-05-07,2025-05-06,Completed,Dispatched,Paid,20231.16,0,SP08,0.36307063,1,1,No
ORD00980,2025-08-06,CUST062,Global Industries,Chemicals,Kochi,Kerala,South,Small,P006,Stretch / Film Solutions,Shrink Film Roll,Roll,15,765.12,0.02,11476.85,6634.74,4842.11,Express,2025-08-11,2025-08-14,2025-08-16,2025-08-19,Completed,Dispatched,Paid,11476.85,0,SP06,0.421902351,3,0,Yes
ORD00981,2025-06-09,CUST024,Sunrise Logistics,Retail,Kolkata,West Bengal,East,Medium,P013,Material Handling,Platform Trolley,Nos,81,7991.29,0,647294.79,430307.88,216986.91,Express,2025-06-15,2025-06-18,2025-06-22,2025-06-15,In Production,Dispatched,Outstanding,13873.21,633421.58,SP09,0.335221159,3,7,No
ORD00982,2025-08-15,CUST058,Sunrise Pvt Ltd,Chemicals,Jaipur,Rajasthan,North,Large,P009,Packaging Tools & Equipment,Manual Strapping Tool,Nos,29,3096.5,0.05,89798.56,62185.51,27613.05,Express,2025-08-20,2025-08-26,2025-08-28,2025-08-21,Completed,Dispatched,Paid,89798.56,0,SP11,0.30749992,6,7,No
ORD00983,2025-06-27,CUST103,Apex Traders,Textiles,Coimbatore,Tamil Nadu,South,Small,P011,Customized Carton Boxes,5-Ply Corrugated Box,Nos,47,59.7,0,2805.79,1692.71,1113.08,Standard,2025-07-02,2025-07-04,2025-07-08,2025-07-10,In Production,Dispatched,Paid,2805.79,0,SP04,0.396708235,2,0,Yes
ORD00984,2025-08-15,CUST019,Apex Manufacturing,Automotive,Ludhiana,Punjab,North,Medium,P001,Strapping Solutions,PP Strapping Roll,Meter,500,101.22,0.08,50611.88,27134.93,23476.95,Standard,2025-08-19,2025-08-24,2025-08-25,2025-08-20,Completed,Dispatched,Outstanding,4606.5,46005.38,SP11,0.463862437,5,5,No
ORD00985,2025-05-21,CUST109,National Enterprises,FMCG,Pune,Maharashtra,West,Medium,P006,Stretch / Film Solutions,Shrink Film Roll,Roll,30,716.81,0.03,21504.33,13480.26,8024.07,Scheduled,2025-05-26,2025-05-30,2025-05-30,2025-05-30,Completed,Dispatched,Paid,21504.33,0,SP08,0.37313741,4,0,Yes
ORD00986,2025-09-09,CUST054,Prime Industries,Chemicals,Coimbatore,Tamil Nadu,South,Small,P002,Strapping Solutions,PET Strapping Roll,Kg,110,133.95,0.08,14734.86,7737.97,6996.89,Standard,2025-09-12,2025-09-16,2025-09-22,2025-09-15,Completed,Dispatched,Partially Paid,10172.61,4562.25,SP07,0.474852832,4,7,No
ORD00987,2025-03-03,CUST087,Shree Manufacturing,FMCG,Noida,Uttar Pradesh,North,Medium,P009,Packaging Tools & Equipment,Manual Strapping Tool,Nos,32,3270.94,0.08,104670.12,69290.37,35379.75,Express,2025-03-05,2025-03-09,2025-03-15,2025-03-13,Completed,Dispatched,Partially Paid,71689.55,32980.57,SP12,0.338011937,4,2,No
ORD00988,2025-03-28,CUST024,Sunrise Logistics,Retail,Kolkata,West Bengal,East,Medium,P011,Customized Carton Boxes,5-Ply Corrugated Box,Nos,22,55.4,0,1218.79,780.64,438.15,Scheduled,2025-04-03,2025-04-09,2025-04-16,2025-04-10,Completed,Dispatched,Partially Paid,828.8,389.99,SP03,0.359495893,6,6,No
ORD00989,2025-05-17,CUST076,Metro Manufacturing,Textiles,Delhi,Delhi,North,Large,P003,Protective Packaging,Bubble Wrap Roll,Roll,48,922.47,0,44278.42,25398.98,18879.44,Express,2025-05-19,2025-05-21,2025-05-24,2025-05-22,Completed,Dispatched,Paid,44278.42,0,SP09,0.426380164,2,2,No
ORD00990,2025-06-29,CUST017,Global Logistics,Electronics,Patna,Bihar,East,Small,P011,Customized Carton Boxes,5-Ply Corrugated Box,Nos,14,62.61,0.05,876.58,501.92,374.66,Standard,2025-07-01,2025-07-04,2025-07-07,2025-07-13,Completed,Dispatched,Outstanding,24,852.58,SP03,0.427411075,3,0,Yes
ORD00991,2025-06-12,CUST071,Prime Manufacturing,Engineering,Chandigarh,Chandigarh,North,Medium,P001,Strapping Solutions,PP Strapping Roll,Meter,120,88.9,0.08,10667.55,6825.89,3841.66,Scheduled,2025-06-18,2025-06-24,2025-06-24,2025-06-19,Completed,Dispatched,Paid,10667.55,0,SP11,0.360125802,6,5,No
ORD00992,2025-04-08,CUST055,National Manufacturing,Retail,Ahmedabad,Gujarat,West,Medium,P006,Stretch / Film Solutions,Shrink Film Roll,Roll,30,718.74,0,21562.08,13334.73,8227.35,Standard,2025-04-11,2025-04-14,2025-04-14,2025-04-19,Completed,Dispatched,Paid,21562.08,0,SP05,0.381565693,3,0,Yes
ORD00993,2025-04-13,CUST049,Metro Enterprises,Retail,Chennai,Tamil Nadu,South,Medium,P011,Customized Carton Boxes,5-Ply Corrugated Box,Nos,28,64.47,0,1805.25,952.02,853.23,Scheduled,2025-04-16,2025-04-19,2025-04-21,2025-04-25,Completed,Dispatched,Paid,1805.25,0,SP11,0.472638139,3,0,Yes
ORD00994,2025-03-29,CUST091,Metro Pvt Ltd,Chemicals,Gurugram,Haryana,North,Medium,P002,Strapping Solutions,PET Strapping Roll,Kg,185,139.09,0,25730.85,12913.05,12817.8,Express,2025-03-31,2025-04-07,2025-04-11,2025-04-09,Completed,Dispatched,Outstanding,3129.8,22601.05,SP04,0.498149109,7,2,No
ORD00995,2025-06-25,CUST119,National Traders,Engineering,Jaipur,Rajasthan,North,Medium,P004,Protective Packaging,EPE Foam Roll,Roll,5,1496.63,0.1,7483.13,4380.01,3103.12,Scheduled,2025-07-01,2025-07-06,2025-07-08,2025-07-01,Completed,Dispatched,Paid,7483.13,0,SP11,0.414682092,5,7,No
ORD00996,2025-11-20,CUST115,Metro Enterprises,Chemicals,Bhubaneswar,Odisha,East,Medium,P001,Strapping Solutions,PP Strapping Roll,Meter,810,89.15,0.05,72215.45,46042.47,26172.98,Scheduled,2025-11-23,2025-11-27,2025-11-28,2025-12-02,Completed,Dispatched,Paid,72215.45,0,SP02,0.362429092,4,0,Yes
ORD00997,2025-11-19,CUST095,Vertex Industries,Retail,Bhubaneswar,Odisha,East,Large,P011,Customized Carton Boxes,5-Ply Corrugated Box,Nos,36,60.91,0,2192.6,1271.15,921.45,Express,2025-11-23,2025-11-30,2025-11-30,2025-11-26,Completed,Dispatched,Paid,2192.6,0,SP03,0.420254492,7,4,No
ORD00998,2025-08-28,CUST099,Prime Pvt Ltd,Textiles,Ludhiana,Punjab,North,Large,P002,Strapping Solutions,PET Strapping Roll,Kg,115,114.15,0.05,13126.71,8038.34,5088.37,Standard,2025-09-03,2025-09-05,2025-09-05,2025-09-09,Completed,Dispatched,Paid,13126.71,0,SP05,0.38763483,2,0,Yes
ORD00999,2025-07-11,CUST108,National Manufacturing,Pharmaceuticals,Jaipur,Rajasthan,North,Small,P006,Stretch / Film Solutions,Shrink Film Roll,Roll,9,772.91,0.1,6956.21,4118.73,2837.48,Express,2025-07-17,2025-07-20,2025-07-23,2025-07-22,Pending,Dispatched,Outstanding,439.27,6516.94,SP10,0.407906029,3,1,No
ORD01000,2025-07-25,CUST093,Om Traders,Automotive,Bhopal,Madhya Pradesh,Central,Small,P006,Stretch / Film Solutions,Shrink Film Roll,Roll,11,816.7,0.02,8983.69,5147.54,3836.15,Scheduled,2025-07-31,2025-08-01,2025-08-02,2025-08-07,Completed,Dispatched,Paid,8983.69,0,SP03,0.427012731,1,0,Yes
ORD01001,2025-03-08,CUST096,Shree Industries,Retail,Delhi,Delhi,North,Small,P007,Pallet Solutions,Wooden Pallet,Nos,11,967.51,0.02,10642.56,6765.06,3877.5,Scheduled,2025-03-12,2025-03-19,2025-03-19,2025-03-14,Completed,Dispatched,Partially Paid,5685.63,4956.93,SP03,0.364339031,7,5,No
ORD01002,2025-04-13,CUST016,Shree Pvt Ltd,FMCG,Delhi,Delhi,North,Large,P001,Strapping Solutions,PP Strapping Roll,Meter,440,93.35,0.05,41074.8,23655.71,17419.09,Scheduled,2025-04-16,2025-04-19,2025-04-21,2025-04-19,In Production,Dispatched,Paid,41074.8,0,SP09,0.424082162,3,2,No
ORD01003,2025-07-11,CUST115,Metro Enterprises,Chemicals,Bhubaneswar,Odisha,East,Medium,P011,Customized Carton Boxes,5-Ply Corrugated Box,Nos,22,54.83,0.08,1206.18,747.1,459.08,Standard,2025-07-13,2025-07-17,2025-07-24,2025-07-21,Completed,Dispatched,Partially Paid,645.78,560.4,SP02,0.380606543,4,3,No
ORD01004,2025-07-18,CUST093,Om Traders,Automotive,Bhopal,Madhya Pradesh,Central,Small,P005,Stretch / Film Solutions,Stretch Film Roll,Roll,9,686.86,0,6181.74,3292.37,2889.37,Standard,2025-07-21,2025-07-24,2025-07-25,2025-07-29,In Production,Dispatched,Partially Paid,3137.48,3044.26,SP06,0.467404,3,0,Yes
ORD01005,2025-09-08,CUST111,National Manufacturing,Automotive,Bengaluru,Karnataka,South,Small,P009,Packaging Tools & Equipment,Manual Strapping Tool,Nos,11,3366,0.08,37026.04,24178.77,12847.27,Scheduled,2025-09-14,2025-09-15,2025-09-16,2025-09-22,Completed,Dispatched,Paid,37026.04,0,SP07,0.346979315,1,0,Yes
ORD01006,2025-02-09,CUST064,Sunrise Industries,Electronics,Noida,Uttar Pradesh,North,Large,P006,Stretch / Film Solutions,Shrink Film Roll,Roll,44,745.14,0,32786.2,19833.06,12953.14,Standard,2025-02-12,2025-02-14,2025-02-21,2025-02-17,Completed,Dispatched,Paid,32786.2,0,SP05,0.395079027,2,4,No
ORD01007,2025-06-09,CUST052,United Manufacturing,Retail,Coimbatore,Tamil Nadu,South,Small,P005,Stretch / Film Solutions,Stretch Film Roll,Roll,82,614.08,0,50354.24,30227.41,20126.83,Standard,2025-06-14,2025-06-20,2025-06-23,2025-06-14,Pending,Dispatched,Paid,50354.24,0,SP08,0.399704772,6,9,No
ORD01008,2025-02-12,CUST095,Vertex Industries,Retail,Bhubaneswar,Odisha,East,Large,P003,Protective Packaging,Bubble Wrap Roll,Roll,22,777.29,0.05,17100.41,11591.98,5508.43,Scheduled,2025-02-16,2025-02-22,2025-02-22,2025-02-23,Completed,Dispatched,Paid,17100.41,0,SP08,0.322122686,6,0,Yes
ORD01009,2025-01-06,CUST120,Prime Manufacturing,Pharmaceuticals,Coimbatore,Tamil Nadu,South,Small,P002,Strapping Solutions,PET Strapping Roll,Kg,675,126.41,0.02,85325.82,46961.65,38364.17,Express,2025-01-11,2025-01-17,2025-01-20,2025-01-17,Completed,Dispatched,Paid,85325.82,0,SP09,0.449619705,6,3,No
ORD01010,2025-07-10,CUST112,National Manufacturing,Chemicals,Chennai,Tamil Nadu,South,Medium,P006,Stretch / Film Solutions,Shrink Film Roll,Roll,38,772.44,0.1,29352.63,16888.83,12463.8,Express,2025-07-15,2025-07-21,2025-07-23,2025-07-23,Completed,Dispatched,Paid,29352.63,0,SP11,0.424622938,6,0,Yes
ORD01011,2025-02-10,CUST116,United Manufacturing,Logistics,Coimbatore,Tamil Nadu,South,Medium,P007,Pallet Solutions,Wooden Pallet,Nos,8,1034.86,0,8278.88,5000.69,3278.19,Standard,2025-02-13,2025-02-14,2025-02-16,2025-02-24,Completed,Dispatched,Paid,8278.88,0,SP08,0.395970228,1,0,Yes
ORD01012,2025-05-25,CUST086,Apex Manufacturing,Engineering,Chennai,Tamil Nadu,South,Medium,P004,Protective Packaging,EPE Foam Roll,Roll,10,1413.44,0.03,14134.4,9164.55,4969.85,Standard,2025-05-27,2025-05-28,2025-05-31,2025-06-06,In Production,Dispatched,Partially Paid,8763.31,5371.09,SP09,0.351613793,1,0,Yes
ORD01013,2025-05-17,CUST109,National Enterprises,FMCG,Pune,Maharashtra,West,Medium,P012,Customized Carton Boxes,7-Ply Corrugated Box,Nos,163,100.67,0.02,16408.97,9298.83,7110.14,Standard,2025-05-20,2025-05-23,2025-05-29,2025-05-28,Completed,Dispatched,Paid,16408.97,0,SP09,0.433308124,3,1,No
ORD01014,2025-07-22,CUST083,Metro Industries,Engineering,Jaipur,Rajasthan,North,Small,P013,Material Handling,Platform Trolley,Nos,22,7484.11,0.08,164650.41,124072.24,40578.17,Scheduled,2025-07-25,2025-07-27,2025-07-30,2025-08-04,Completed,Dispatched,Paid,164650.41,0,SP10,0.246450464,2,0,Yes
ORD01015,2025-05-05,CUST056,National Enterprises,Automotive,Vijayawada,Andhra Pradesh,South,Small,P006,Stretch / Film Solutions,Shrink Film Roll,Roll,54,754.73,0.02,40755.27,25113.89,15641.38,Scheduled,2025-05-11,2025-05-16,2025-05-23,2025-05-10,Completed,Dispatched,Paid,40755.27,0,SP12,0.383787913,5,13,No
ORD01016,2025-02-10,CUST006,Vertex Enterprises,Electronics,Patna,Bihar,East,Medium,P014,Material Handling,Hand Pallet Truck,Nos,15,18533.3,0,277999.53,195112.95,82886.58,Standard,2025-02-14,2025-02-20,2025-02-22,2025-02-21,Completed,Dispatched,Partially Paid,198752.61,79246.92,SP04,0.29815367,6,1,No
ORD01017,2025-10-20,CUST071,Prime Manufacturing,Engineering,Chandigarh,Chandigarh,North,Medium,P007,Pallet Solutions,Wooden Pallet,Nos,13,1009.9,0.08,13128.67,7624.6,5504.07,Express,2025-10-24,2025-10-27,2025-10-31,2025-11-02,In Production,Dispatched,Partially Paid,7078.55,6050.12,SP05,0.419240487,3,0,Yes
ORD01018,2025-12-19,CUST011,Vertex Industries,Retail,Hyderabad,Telangana,South,Small,P003,Protective Packaging,Bubble Wrap Roll,Roll,13,897.62,0.02,11669,6552.02,5116.98,Express,2025-12-22,2025-12-25,2025-12-29,2025-12-24,In Production,Dispatched,Partially Paid,5050.98,6618.02,SP11,0.438510584,3,5,No
ORD01019,2025-03-08,CUST104,Om Logistics,Engineering,Chennai,Tamil Nadu,South,Medium,P006,Stretch / Film Solutions,Shrink Film Roll,Roll,7,835.09,0.08,5845.6,3334.24,2511.36,Express,2025-03-12,2025-03-15,2025-03-18,2025-03-22,Completed,Dispatched,Paid,5845.6,0,SP04,0.429615437,3,0,Yes
ORD01020,2025-02-02,CUST031,United Industries,Textiles,Bhopal,Madhya Pradesh,Central,Large,P001,Strapping Solutions,PP Strapping Roll,Meter,230,87.61,0.05,20150.93,12375.94,7774.99,Standard,2025-02-08,2025-02-11,2025-02-15,2025-02-14,Completed,Dispatched,Paid,20150.93,0,SP06,0.385837775,3,1,No
ORD01021,2025-06-24,CUST111,National Manufacturing,Automotive,Bengaluru,Karnataka,South,Small,P001,Strapping Solutions,PP Strapping Roll,Meter,180,105.59,0,19006.85,9797.46,9209.39,Express,2025-06-28,2025-07-01,2025-07-04,2025-07-01,Completed,Dispatched,Paid,19006.85,0,SP05,0.484530051,3,3,No
ORD01022,2025-07-26,CUST035,United Industries,FMCG,Ludhiana,Punjab,North,Medium,P004,Protective Packaging,EPE Foam Roll,Roll,60,1450.01,0.03,87000.43,52623.21,34377.22,Express,2025-07-28,2025-08-03,2025-08-07,2025-08-01,Completed,Dispatched,Paid,87000.43,0,SP05,0.395138507,6,6,No
ORD01023,2025-06-11,CUST022,United Manufacturing,Textiles,Patna,Bihar,East,Small,P001,Strapping Solutions,PP Strapping Roll,Meter,100,96.36,0.02,9636.39,5471.12,4165.27,Standard,2025-06-16,2025-06-22,2025-06-25,2025-06-16,Completed,Dispatched,Paid,9636.39,0,SP05,0.432243817,6,9,No
ORD01024,2025-10-12,CUST032,Vertex Industries,Textiles,Bhopal,Madhya Pradesh,Central,Large,P006,Stretch / Film Solutions,Shrink Film Roll,Roll,22,776.96,0.02,17093.07,10512.36,6580.71,Standard,2025-10-17,2025-10-19,2025-10-28,2025-10-25,In Production,Dispatched,Paid,17093.07,0,SP10,0.384992866,2,3,No
ORD01025,2025-05-29,CUST105,United Pvt Ltd,Electronics,Hyderabad,Telangana,South,Large,P005,Stretch / Film Solutions,Stretch Film Roll,Roll,29,641.06,0,18590.68,10723.01,7867.67,Express,2025-06-01,2025-06-08,2025-06-09,2025-06-09,Completed,Dispatched,Paid,18590.68,0,SP11,0.423205068,7,0,Yes
ORD01026,2025-02-24,CUST025,Global Logistics,Logistics,Noida,Uttar Pradesh,North,Small,P011,Customized Carton Boxes,5-Ply Corrugated Box,Nos,51,61.04,0.03,3113,1792.14,1320.86,Express,2025-02-28,2025-03-05,2025-03-09,2025-03-09,In Production,Dispatched,Paid,3113,0,SP03,0.424304529,5,0,Yes
ORD01027,2025-04-01,CUST013,Prime Industries,Electronics,Delhi,Delhi,North,Medium,P001,Strapping Solutions,PP Strapping Roll,Meter,220,90.09,0.1,19820.11,12061.86,7758.25,Scheduled,2025-04-06,2025-04-09,2025-04-09,2025-04-14,Completed,Dispatched,Paid,19820.11,0,SP11,0.391433246,3,0,Yes
ORD01028,2025-08-03,CUST106,Global Pvt Ltd,FMCG,Vijayawada,Andhra Pradesh,South,Medium,P006,Stretch / Film Solutions,Shrink Film Roll,Roll,232,811.36,0,188234.97,107989.32,80245.65,Express,2025-08-08,2025-08-12,2025-08-13,2025-08-08,Completed,Dispatched,Paid,188234.97,0,SP10,0.42630575,4,5,No
ORD01029,2025-05-08,CUST077,Shree Industries,FMCG,Vijayawada,Andhra Pradesh,South,Large,P002,Strapping Solutions,PET Strapping Roll,Kg,50,134.61,0.02,6730.4,3539.74,3190.66,Scheduled,2025-05-11,2025-05-16,2025-05-19,2025-05-14,Completed,Dispatched,Paid,6730.4,0,SP04,0.47406692,5,5,No
ORD01030,2025-03-24,CUST002,Global Pvt Ltd,FMCG,Noida,Uttar Pradesh,North,Large,P001,Strapping Solutions,PP Strapping Roll,Meter,150,95.61,0,14341.12,8729.57,5611.55,Standard,2025-03-29,2025-04-01,2025-04-02,2025-03-31,Completed,Dispatched,Paid,14341.12,0,SP04,0.391290917,3,2,No
ORD01031,2025-10-23,CUST116,United Manufacturing,Logistics,Coimbatore,Tamil Nadu,South,Medium,P001,Strapping Solutions,PP Strapping Roll,Meter,740,91.54,0.02,67740.97,39537.38,28203.59,Standard,2025-10-28,2025-11-01,2025-11-02,2025-11-06,Completed,Dispatched,Paid,67740.97,0,SP10,0.416344643,4,0,Yes
ORD01032,2025-06-19,CUST003,Prime Logistics,Retail,Coimbatore,Tamil Nadu,South,Small,P009,Packaging Tools & Equipment,Manual Strapping Tool,Nos,11,3081.96,0.03,33901.55,24625.34,9276.21,Express,2025-06-22,2025-06-24,2025-06-29,2025-06-25,Completed,Dispatched,Paid,33901.55,0,SP02,0.273622003,2,4,No
ORD01033,2025-08-02,CUST023,Vertex Logistics,Textiles,Noida,Uttar Pradesh,North,Large,P005,Stretch / Film Solutions,Stretch Film Roll,Roll,10,607.67,0.05,6076.68,3673.21,2403.47,Scheduled,2025-08-06,2025-08-12,2025-08-16,2025-08-08,Completed,Dispatched,Outstanding,438.26,5638.42,SP01,0.395523542,6,8,No
ORD01034,2025-05-30,CUST021,National Pvt Ltd,Logistics,Ludhiana,Punjab,North,Medium,P009,Packaging Tools & Equipment,Manual Strapping Tool,Nos,12,3155.4,0.02,37864.84,25207.78,12657.06,Standard,2025-06-04,2025-06-11,2025-06-11,2025-06-09,In Production,Dispatched,Paid,37864.84,0,SP02,0.33426947,7,2,No
ORD01035,2025-03-16,CUST004,Prime Manufacturing,Electronics,Mumbai,Maharashtra,West,Large,P007,Pallet Solutions,Wooden Pallet,Nos,186,908.05,0.02,168898.21,113371.22,55526.99,Express,2025-03-20,2025-03-27,2025-03-31,2025-03-22,Completed,Dispatched,Paid,168898.21,0,SP04,0.328760086,7,9,No
ORD01036,2025-05-16,CUST004,Prime Manufacturing,Electronics,Mumbai,Maharashtra,West,Large,P013,Material Handling,Platform Trolley,Nos,14,7079.57,0.08,99114,75934.83,23179.17,Scheduled,2025-05-18,2025-05-21,2025-05-21,2025-05-28,Completed,Dispatched,Paid,99114,0,SP08,0.233863733,3,0,Yes
ORD01037,2025-06-19,CUST043,Om Logistics,Electronics,Mumbai,Maharashtra,West,Large,P014,Material Handling,Hand Pallet Truck,Nos,110,17982.86,0.08,1978114.36,1424162.64,553951.72,Standard,2025-06-24,2025-06-30,2025-07-02,2025-07-03,Completed,Dispatched,Paid,1978114.36,0,SP06,0.28004029,6,0,Yes
ORD01038,2025-10-16,CUST115,Metro Enterprises,Chemicals,Bhubaneswar,Odisha,East,Medium,P003,Protective Packaging,Bubble Wrap Roll,Roll,7,802.07,0.08,5614.47,3735.86,1878.61,Express,2025-10-20,2025-10-26,2025-10-28,2025-10-25,Completed,Dispatched,Paid,5614.47,0,SP03,0.334601485,6,3,No
ORD01039,2025-12-22,CUST055,National Manufacturing,Retail,Ahmedabad,Gujarat,West,Medium,P011,Customized Carton Boxes,5-Ply Corrugated Box,Nos,10,59.73,0.1,597.29,347.86,249.43,Express,2025-12-25,2025-12-27,2025-12-31,2025-12-31,Completed,Dispatched,Paid,597.29,0,SP03,0.417602839,2,0,Yes
ORD01040,2025-10-27,CUST084,Prime Traders,Chemicals,Noida,Uttar Pradesh,North,Medium,P011,Customized Carton Boxes,5-Ply Corrugated Box,Nos,17,64.33,0.02,1093.63,580.1,513.53,Scheduled,2025-10-29,2025-11-01,2025-11-03,2025-11-09,Pending,Dispatched,Paid,1093.63,0,SP03,0.469564661,3,0,Yes
ORD01041,2025-10-28,CUST056,National Enterprises,Automotive,Vijayawada,Andhra Pradesh,South,Small,P002,Strapping Solutions,PET Strapping Roll,Kg,55,123.68,0.02,6802.16,4048.91,2753.25,Standard,2025-11-03,2025-11-06,2025-11-10,2025-11-07,In Production,Dispatched,Paid,6802.16,0,SP08,0.404761135,3,3,No
ORD01042,2025-07-14,CUST079,Shree Manufacturing,Logistics,Indore,Madhya Pradesh,Central,Large,P012,Customized Carton Boxes,7-Ply Corrugated Box,Nos,15,100.27,0.03,1504.12,823.57,680.55,Standard,2025-07-16,2025-07-22,2025-07-22,2025-07-24,Completed,Dispatched,Paid,1504.12,0,SP06,0.452457251,6,0,Yes
ORD01043,2025-09-13,CUST041,Metro Enterprises,Chemicals,Patna,Bihar,East,Medium,P009,Packaging Tools & Equipment,Manual Strapping Tool,Nos,26,2960.29,0.05,76967.49,54434.46,22533.03,Standard,2025-09-18,2025-09-23,2025-09-23,2025-09-26,Completed,Dispatched,Paid,76967.49,0,SP06,0.292760359,5,0,Yes
ORD01044,2025-09-17,CUST044,Apex Industries,Automotive,Noida,Uttar Pradesh,North,Small,P006,Stretch / Film Solutions,Shrink Film Roll,Roll,31,828.52,0.05,25684.01,13955.11,11728.9,Scheduled,2025-09-19,2025-09-22,2025-09-26,2025-09-30,Completed,Dispatched,Paid,25684.01,0,SP09,0.456661557,3,0,Yes
ORD01045,2025-05-07,CUST013,Prime Industries,Electronics,Delhi,Delhi,North,Medium,P011,Customized Carton Boxes,5-Ply Corrugated Box,Nos,60,59.98,0.05,3599.09,2130.68,1468.41,Express,2025-05-10,2025-05-13,2025-05-14,2025-05-15,Completed,Dispatched,Paid,3599.09,0,SP02,0.407994799,3,0,Yes
ORD01046,2025-04-08,CUST040,National Pvt Ltd,Textiles,Coimbatore,Tamil Nadu,South,Medium,P005,Stretch / Film Solutions,Stretch Film Roll,Roll,34,619.7,0.1,21069.87,12230.56,8839.31,Standard,2025-04-10,2025-04-12,2025-04-19,2025-04-17,Completed,Dispatched,Partially Paid,11899.7,9170.17,SP06,0.419523708,2,2,No
ORD01047,2025-11-21,CUST022,United Manufacturing,Textiles,Patna,Bihar,East,Small,P005,Stretch / Film Solutions,Stretch Film Roll,Roll,46,574.13,0,26410.03,17546.12,8863.91,Express,2025-11-23,2025-11-25,2025-11-28,2025-11-27,Completed,Dispatched,Paid,26410.03,0,SP05,0.335626654,2,1,No
ORD01048,2025-10-19,CUST064,Sunrise Industries,Electronics,Noida,Uttar Pradesh,North,Large,P013,Material Handling,Platform Trolley,Nos,10,7860.83,0.05,78608.3,52882.46,25725.84,Express,2025-10-21,2025-10-26,2025-10-29,2025-10-25,Completed,Dispatched,Paid,78608.3,0,SP07,0.327266205,5,4,No
ORD01049,2025-11-04,CUST072,United Logistics,Textiles,Bhopal,Madhya Pradesh,Central,Large,P010,Packaging Tools & Equipment,Battery Strapping Machine,Nos,19,40887.78,0.02,776867.84,517123.53,259744.31,Express,2025-11-08,2025-11-12,2025-11-13,2025-11-14,Completed,Dispatched,Outstanding,62016.2,714851.64,SP05,0.334348131,4,0,Yes
ORD01050,2025-12-14,CUST034,Vertex Logistics,Automotive,Bhopal,Madhya Pradesh,Central,Large,P008,Pallet Solutions,Plastic Pallet,Nos,48,2460.47,0.02,118102.63,78412.2,39690.43,Standard,2025-12-20,2025-12-25,2025-12-30,2025-12-26,Completed,Dispatched,Paid,118102.63,0,SP03,0.336067283,5,4,No
ORD01051,2025-02-03,CUST100,Sunrise Traders,Retail,Jaipur,Rajasthan,North,Large,P001,Strapping Solutions,PP Strapping Roll,Meter,100,87.9,0.08,8790.05,5466.55,3323.5,Standard,2025-02-08,2025-02-14,2025-02-16,2025-02-09,Completed,Dispatched,Paid,8790.05,0,SP04,0.378097963,6,7,No
ORD01052,2025-04-20,CUST034,Vertex Logistics,Automotive,Bhopal,Madhya Pradesh,Central,Large,P009,Packaging Tools & Equipment,Manual Strapping Tool,Nos,13,3127.17,0.03,40653.25,29459.99,11193.26,Express,2025-04-24,2025-04-29,2025-05-01,2025-04-30,Completed,Dispatched,Partially Paid,25154.4,15498.85,SP03,0.275334936,5,1,No
ORD01053,2025-04-09,CUST028,United Logistics,Textiles,Bhubaneswar,Odisha,East,Large,P003,Protective Packaging,Bubble Wrap Roll,Roll,20,789.59,0.05,15791.89,10683.95,5107.94,Standard,2025-04-14,2025-04-21,2025-04-22,2025-04-16,Completed,Dispatched,Outstanding,1720.85,14071.04,SP05,0.323453368,7,6,No
ORD01054,2025-08-30,CUST047,Global Pvt Ltd,Logistics,Coimbatore,Tamil Nadu,South,Small,P002,Strapping Solutions,PET Strapping Roll,Kg,255,115.32,0.02,29407.74,19040.35,10367.39,Express,2025-09-03,2025-09-06,2025-09-07,2025-09-08,Completed,Dispatched,Partially Paid,16918.7,12489.04,SP01,0.352539502,3,0,Yes
ORD01055,2025-07-26,CUST081,Vertex Industries,Engineering,Indore,Madhya Pradesh,Central,Large,P011,Customized Carton Boxes,5-Ply Corrugated Box,Nos,17,60.43,0.03,1027.34,597.63,429.71,Scheduled,2025-07-28,2025-08-01,2025-08-03,2025-08-02,Completed,Dispatched,Paid,1027.34,0,SP12,0.418274378,4,1,No
ORD01056,2025-05-12,CUST114,United Pvt Ltd,Chemicals,Indore,Madhya Pradesh,Central,Large,P003,Protective Packaging,Bubble Wrap Roll,Roll,26,826.78,0.1,21496.33,14033.52,7462.81,Standard,2025-05-16,2025-05-23,2025-05-25,2025-05-17,In Production,Dispatched,Paid,21496.33,0,SP10,0.347166702,7,8,No
ORD01057,2025-09-15,CUST091,Metro Pvt Ltd,Chemicals,Gurugram,Haryana,North,Medium,P011,Customized Carton Boxes,5-Ply Corrugated Box,Nos,5,64.91,0,324.53,175.57,148.96,Scheduled,2025-09-20,2025-09-27,2025-10-02,2025-09-21,Completed,Dispatched,Paid,324.53,0,SP07,0.459002249,7,11,No
ORD01058,2025-12-19,CUST003,Prime Logistics,Retail,Coimbatore,Tamil Nadu,South,Small,P003,Protective Packaging,Bubble Wrap Roll,Roll,20,837.53,0,16750.58,10575.8,6174.78,Express,2025-12-24,2025-12-26,2025-12-28,2026-01-02,Completed,Dispatched,Paid,16750.58,0,SP08,0.368630818,2,0,Yes
ORD01059,2025-05-26,CUST032,Vertex Industries,Textiles,Bhopal,Madhya Pradesh,Central,Large,P011,Customized Carton Boxes,5-Ply Corrugated Box,Nos,68,55.25,0,3756.74,2344.35,1412.39,Express,2025-05-28,2025-06-01,2025-06-02,2025-06-01,Completed,Dispatched,Paid,3756.74,0,SP10,0.375961605,4,1,No
ORD01060,2025-04-13,CUST084,Prime Traders,Chemicals,Noida,Uttar Pradesh,North,Medium,P006,Stretch / Film Solutions,Shrink Film Roll,Roll,9,719.49,0.03,6475.43,4147.48,2327.95,Standard,2025-04-19,2025-04-20,2025-04-23,2025-04-21,Completed,Dispatched,Partially Paid,3021.23,3454.2,SP03,0.359505083,1,2,No
ORD01061,2025-02-04,CUST027,Om Industries,Retail,Chennai,Tamil Nadu,South,Medium,P003,Protective Packaging,Bubble Wrap Roll,Roll,18,838.79,0.08,15098.24,9488.12,5610.12,Express,2025-02-08,2025-02-15,2025-02-17,2025-02-16,Completed,Dispatched,Paid,15098.24,0,SP04,0.371574435,7,1,No
ORD01062,2025-12-13,CUST003,Prime Logistics,Retail,Coimbatore,Tamil Nadu,South,Small,P008,Pallet Solutions,Plastic Pallet,Nos,3,2557.6,0.05,7672.79,5141.36,2531.43,Standard,2025-12-17,2025-12-20,2025-12-24,2025-12-18,Completed,Dispatched,Paid,7672.79,0,SP09,0.329923014,3,6,No
ORD01063,2025-01-31,CUST016,Shree Pvt Ltd,FMCG,Delhi,Delhi,North,Large,P007,Pallet Solutions,Wooden Pallet,Nos,6,909.06,0.05,5454.34,3634.45,1819.89,Scheduled,2025-02-06,2025-02-09,2025-02-09,2025-02-14,Completed,Dispatched,Paid,5454.34,0,SP08,0.333659068,3,0,Yes
ORD01064,2025-05-25,CUST033,Om Manufacturing,Pharmaceuticals,Kochi,Kerala,South,Medium,P007,Pallet Solutions,Wooden Pallet,Nos,33,941.9,0.02,31082.82,19452.38,11630.44,Standard,2025-05-31,2025-06-03,2025-06-03,2025-05-31,Pending,Dispatched,Partially Paid,17263.4,13819.42,SP10,0.374175831,3,3,No
ORD01065,2025-08-28,CUST027,Om Industries,Retail,Chennai,Tamil Nadu,South,Medium,P005,Stretch / Film Solutions,Stretch Film Roll,Roll,97,639.99,0.03,62078.57,33638.98,28439.59,Express,2025-09-03,2025-09-09,2025-09-10,2025-09-03,Completed,Dispatched,Paid,62078.57,0,SP02,0.458122505,6,7,No
ORD01066,2025-04-04,CUST004,Prime Manufacturing,Electronics,Mumbai,Maharashtra,West,Large,P011,Customized Carton Boxes,5-Ply Corrugated Box,Nos,6,62.19,0.1,373.11,196.98,176.13,Standard,2025-04-10,2025-04-13,2025-04-16,2025-04-17,Completed,Dispatched,Outstanding,32.17,340.94,SP10,0.472059178,3,0,Yes
ORD01067,2025-07-19,CUST110,Om Manufacturing,Retail,Chennai,Tamil Nadu,South,Medium,P003,Protective Packaging,Bubble Wrap Roll,Roll,36,776.97,0.08,27971.04,17733.39,10237.65,Express,2025-07-21,2025-07-22,2025-07-23,2025-07-29,Completed,Dispatched,Paid,27971.04,0,SP11,0.366008915,1,0,Yes
ORD01068,2025-12-07,CUST090,Sunrise Traders,Textiles,Delhi,Delhi,North,Small,P013,Material Handling,Platform Trolley,Nos,18,7749.46,0.1,139490.25,96223.03,43267.22,Express,2025-12-10,2025-12-17,2025-12-21,2025-12-17,Completed,Dispatched,Paid,139490.25,0,SP03,0.310180962,7,4,No
ORD01069,2025-02-21,CUST042,National Manufacturing,FMCG,Surat,Gujarat,West,Medium,P009,Packaging Tools & Equipment,Manual Strapping Tool,Nos,72,3162.46,0.08,227696.77,160902.13,66794.64,Standard,2025-02-23,2025-02-28,2025-03-04,2025-02-26,Completed,Dispatched,Outstanding,22479.38,205217.39,SP05,0.293349089,5,6,No
ORD01070,2025-03-25,CUST096,Shree Industries,Retail,Delhi,Delhi,North,Small,P011,Customized Carton Boxes,5-Ply Corrugated Box,Nos,19,61.52,0.02,1168.84,660.75,508.09,Standard,2025-03-30,2025-04-02,2025-04-03,2025-04-02,Completed,Dispatched,Outstanding,166.21,1002.63,SP08,0.434695938,3,1,No
ORD01071,2025-04-17,CUST113,Vertex Manufacturing,FMCG,Pune,Maharashtra,West,Medium,P009,Packaging Tools & Equipment,Manual Strapping Tool,Nos,34,3492.39,0,118741.29,73517.15,45224.14,Standard,2025-04-22,2025-04-23,2025-04-26,2025-04-29,Completed,Dispatched,Paid,118741.29,0,SP09,0.380862798,1,0,Yes
ORD01072,2025-10-24,CUST083,Metro Industries,Engineering,Jaipur,Rajasthan,North,Small,P006,Stretch / Film Solutions,Shrink Film Roll,Roll,21,808.4,0.03,16976.49,9515.28,7461.21,Standard,2025-10-30,2025-10-31,2025-11-06,2025-11-01,Completed,Dispatched,Paid,16976.49,0,SP02,0.439502512,1,5,No
ORD01073,2025-09-17,CUST041,Metro Enterprises,Chemicals,Patna,Bihar,East,Medium,P011,Customized Carton Boxes,5-Ply Corrugated Box,Nos,63,56.15,0.08,3537.44,2156.86,1380.58,Standard,2025-09-21,2025-09-25,2025-10-02,2025-09-30,Completed,Dispatched,Paid,3537.44,0,SP06,0.390276584,4,2,No
ORD01074,2025-07-04,CUST104,Om Logistics,Engineering,Chennai,Tamil Nadu,South,Medium,P012,Customized Carton Boxes,7-Ply Corrugated Box,Nos,12,85.08,0.02,1021.02,685.03,335.99,Scheduled,2025-07-08,2025-07-15,2025-07-15,2025-07-15,Completed,Dispatched,Paid,1021.02,0,SP07,0.329072888,7,0,Yes
ORD01075,2025-08-30,CUST056,National Enterprises,Automotive,Vijayawada,Andhra Pradesh,South,Small,P001,Strapping Solutions,PP Strapping Roll,Meter,210,89.49,0.1,18793.03,11151.03,7642,Standard,2025-09-01,2025-09-04,2025-09-06,2025-09-04,Completed,Dispatched,Paid,18793.03,0,SP12,0.406640121,3,2,No
ORD01076,2025-08-29,CUST076,Metro Manufacturing,Textiles,Delhi,Delhi,North,Large,P004,Protective Packaging,EPE Foam Roll,Roll,16,1519.03,0.02,24304.42,14188.05,10116.37,Standard,2025-08-31,2025-09-01,2025-09-05,2025-09-06,Completed,Dispatched,Paid,24304.42,0,SP03,0.416235812,1,0,Yes
ORD01077,2025-09-23,CUST078,Shree Industries,Automotive,Chennai,Tamil Nadu,South,Medium,P007,Pallet Solutions,Wooden Pallet,Nos,13,894.35,0.08,11626.52,7695.1,3931.42,Express,2025-09-26,2025-10-02,2025-10-03,2025-10-03,Completed,Dispatched,Paid,11626.52,0,SP11,0.338142454,6,0,Yes
ORD01078,2025-07-11,CUST079,Shree Manufacturing,Logistics,Indore,Madhya Pradesh,Central,Large,P006,Stretch / Film Solutions,Shrink Film Roll,Roll,5,830.76,0,4153.82,2301.45,1852.37,Express,2025-07-15,2025-07-20,2025-07-22,2025-07-16,Completed,Dispatched,Outstanding,28.97,4124.85,SP10,0.445943734,5,6,No
ORD01079,2025-09-26,CUST025,Global Logistics,Logistics,Noida,Uttar Pradesh,North,Small,P003,Protective Packaging,Bubble Wrap Roll,Roll,27,829.71,0.03,22402.3,13939.34,8462.96,Express,2025-09-29,2025-10-01,2025-10-01,2025-10-01,Completed,Dispatched,Paid,22402.3,0,SP07,0.377771925,2,0,Yes
ORD01080,2025-10-02,CUST092,Metro Industries,FMCG,Coimbatore,Tamil Nadu,South,Medium,P002,Strapping Solutions,PET Strapping Roll,Kg,50,117.44,0.03,5872.09,3765.56,2106.53,Scheduled,2025-10-07,2025-10-09,2025-10-13,2025-10-07,Completed,Dispatched,Outstanding,475.63,5396.46,SP11,0.358735987,2,6,No
ORD01081,2025-02-19,CUST092,Metro Industries,FMCG,Coimbatore,Tamil Nadu,South,Medium,P013,Material Handling,Platform Trolley,Nos,25,8010.81,0.05,200270.22,132781.48,67488.74,Express,2025-02-24,2025-02-28,2025-03-10,2025-02-27,Completed,Dispatched,Outstanding,2847.52,197422.7,SP05,0.336988395,4,11,No
ORD01082,2025-11-11,CUST083,Metro Industries,Engineering,Jaipur,Rajasthan,North,Small,P007,Pallet Solutions,Wooden Pallet,Nos,12,892.71,0.05,10712.55,7330.76,3381.79,Scheduled,2025-11-13,2025-11-15,2025-11-16,2025-11-20,Completed,Dispatched,Paid,10712.55,0,SP05,0.315684874,2,0,Yes
ORD01083,2025-03-09,CUST026,Prime Manufacturing,Pharmaceuticals,Pune,Maharashtra,West,Large,P001,Strapping Solutions,PP Strapping Roll,Meter,190,102.46,0.05,19467.1,10482.89,8984.21,Standard,2025-03-13,2025-03-17,2025-03-19,2025-03-16,In Production,Dispatched,Paid,19467.1,0,SP04,0.461507364,4,3,No
ORD01084,2025-04-04,CUST039,Shree Logistics,Retail,Bhopal,Madhya Pradesh,Central,Small,P005,Stretch / Film Solutions,Stretch Film Roll,Roll,18,639.48,0.02,11510.6,6690.06,4820.54,Scheduled,2025-04-06,2025-04-08,2025-04-08,2025-04-12,Completed,Dispatched,Paid,11510.6,0,SP10,0.418791375,2,0,Yes
ORD01085,2025-07-27,CUST048,Sunrise Manufacturing,FMCG,Vijayawada,Andhra Pradesh,South,Small,P009,Packaging Tools & Equipment,Manual Strapping Tool,Nos,10,2905.25,0.1,29052.49,22572.12,6480.37,Standard,2025-08-01,2025-08-03,2025-08-06,2025-08-10,Completed,Dispatched,Partially Paid,14087.61,14964.88,SP05,0.223057301,2,0,Yes
ORD01086,2025-06-24,CUST101,Vertex Manufacturing,Electronics,Jaipur,Rajasthan,North,Medium,P001,Strapping Solutions,PP Strapping Roll,Meter,730,100.52,0.02,73379.09,41216.31,32162.78,Express,2025-06-29,2025-07-06,2025-07-10,2025-07-06,Completed,Dispatched,Paid,73379.09,0,SP07,0.438309878,7,4,No
ORD01087,2025-11-25,CUST096,Shree Industries,Retail,Delhi,Delhi,North,Small,P007,Pallet Solutions,Wooden Pallet,Nos,9,920.08,0.03,8280.68,5347.17,2933.51,Express,2025-11-27,2025-12-02,2025-12-03,2025-12-01,Completed,Dispatched,Paid,8280.68,0,SP05,0.354259554,5,2,No
ORD01088,2025-08-20,CUST086,Apex Manufacturing,Engineering,Chennai,Tamil Nadu,South,Medium,P007,Pallet Solutions,Wooden Pallet,Nos,79,891.3,0.05,70412.33,48985.41,21426.92,Standard,2025-08-25,2025-08-30,2025-08-30,2025-09-02,In Production,Dispatched,Outstanding,8872.09,61540.24,SP01,0.304306362,5,0,Yes
ORD01089,2025-04-12,CUST017,Global Logistics,Electronics,Patna,Bihar,East,Small,P008,Pallet Solutions,Plastic Pallet,Nos,6,2295.62,0.02,13773.7,9744.14,4029.56,Standard,2025-04-16,2025-04-21,2025-04-25,2025-04-19,Completed,Dispatched,Paid,13773.7,0,SP12,0.292554651,5,6,No
ORD01090,2025-09-29,CUST081,Vertex Industries,Engineering,Indore,Madhya Pradesh,Central,Large,P006,Stretch / Film Solutions,Shrink Film Roll,Roll,5,738.7,0.02,3693.51,2300.71,1392.8,Scheduled,2025-10-02,2025-10-05,2025-10-06,2025-10-05,Completed,Dispatched,Partially Paid,2684.73,1008.78,SP07,0.377093875,3,1,No
ORD01091,2025-04-14,CUST028,United Logistics,Textiles,Bhubaneswar,Odisha,East,Large,P011,Customized Carton Boxes,5-Ply Corrugated Box,Nos,11,54.29,0.08,597.18,387.62,209.56,Standard,2025-04-18,2025-04-19,2025-04-22,2025-04-23,Completed,Dispatched,Paid,597.18,0,SP12,0.350915972,1,0,Yes
ORD01092,2025-06-03,CUST028,United Logistics,Textiles,Bhubaneswar,Odisha,East,Large,P012,Customized Carton Boxes,7-Ply Corrugated Box,Nos,32,90.13,0.05,2884.03,1792.72,1091.31,Standard,2025-06-05,2025-06-06,2025-06-08,2025-06-16,Completed,Dispatched,Partially Paid,1880.58,1003.45,SP03,0.378397589,1,0,Yes
ORD01093,2025-09-04,CUST080,Vertex Industries,FMCG,Chennai,Tamil Nadu,South,Small,P007,Pallet Solutions,Wooden Pallet,Nos,20,1006.49,0.02,20129.85,12568.26,7561.59,Express,2025-09-07,2025-09-14,2025-09-15,2025-09-15,Completed,Dispatched,Paid,20129.85,0,SP02,0.375640653,7,0,Yes
ORD01094,2025-04-26,CUST055,National Manufacturing,Retail,Ahmedabad,Gujarat,West,Medium,P006,Stretch / Film Solutions,Shrink Film Roll,Roll,60,731.77,0,43905.98,28102.26,15803.72,Express,2025-04-30,2025-05-02,2025-05-05,2025-05-02,Completed,Dispatched,Partially Paid,27173.2,16732.78,SP01,0.359944591,2,3,No
ORD01095,2025-11-23,CUST077,Shree Industries,FMCG,Vijayawada,Andhra Pradesh,South,Large,P009,Packaging Tools & Equipment,Manual Strapping Tool,Nos,22,3325.37,0.05,73158.23,49742.35,23415.88,Express,2025-11-25,2025-11-30,2025-12-08,2025-12-06,Completed,Dispatched,Partially Paid,47345.42,25812.81,SP03,0.320071713,5,2,No
ORD01096,2025-02-06,CUST110,Om Manufacturing,Retail,Chennai,Tamil Nadu,South,Medium,P013,Material Handling,Platform Trolley,Nos,11,8677.64,0.02,95454.05,61782.11,33671.94,Scheduled,2025-02-10,2025-02-13,2025-02-13,2025-02-17,Completed,Dispatched,Paid,95454.05,0,SP08,0.352755488,3,0,Yes
ORD01097,2025-05-30,CUST004,Prime Manufacturing,Electronics,Mumbai,Maharashtra,West,Large,P001,Strapping Solutions,PP Strapping Roll,Meter,180,96.89,0.02,17440.41,10185.08,7255.33,Scheduled,2025-06-02,2025-06-07,2025-06-07,2025-06-05,Completed,Dispatched,Paid,17440.41,0,SP08,0.416006848,5,2,No
ORD01098,2025-12-26,CUST084,Prime Traders,Chemicals,Noida,Uttar Pradesh,North,Medium,P014,Material Handling,Hand Pallet Truck,Nos,47,19397.81,0,911697.11,596898.25,314798.86,Express,2025-12-31,2026-01-04,2026-01-04,2026-01-01,Completed,Pending,Partially Paid,504286.49,407410.62,SP11,0.345288865,4,3,No
ORD01099,2025-05-09,CUST050,Prime Industries,Retail,Pune,Maharashtra,West,Large,P006,Stretch / Film Solutions,Shrink Film Roll,Roll,9,827.94,0.02,7451.48,4000.83,3450.65,Express,2025-05-13,2025-05-14,2025-05-14,2025-05-15,Completed,Dispatched,Paid,7451.48,0,SP02,0.463082502,1,0,Yes
ORD01100,2025-12-29,CUST068,Shree Enterprises,Engineering,Indore,Madhya Pradesh,Central,Small,P011,Customized Carton Boxes,5-Ply Corrugated Box,Nos,20,55.81,0.02,1116.24,710.78,405.46,Scheduled,2026-01-03,2026-01-08,2026-01-12,2026-01-12,Completed,Pending,Outstanding,18.05,1098.19,SP02,0.363237297,5,0,Yes
ORD01101,2025-10-22,CUST058,Sunrise Pvt Ltd,Chemicals,Jaipur,Rajasthan,North,Large,P012,Customized Carton Boxes,7-Ply Corrugated Box,Nos,15,101.18,0,1517.71,875.44,642.27,Scheduled,2025-10-24,2025-10-25,2025-10-26,2025-11-01,Completed,Dispatched,Paid,1517.71,0,SP01,0.423183612,1,0,Yes
ORD01102,2025-06-27,CUST098,Prime Pvt Ltd,Engineering,Chennai,Tamil Nadu,South,Large,P006,Stretch / Film Solutions,Shrink Film Roll,Roll,25,786.96,0,19674.1,10938.82,8735.28,Standard,2025-07-02,2025-07-09,2025-07-12,2025-07-11,Completed,Dispatched,Paid,19674.1,0,SP04,0.443998963,7,1,No
ORD01103,2025-10-18,CUST022,United Manufacturing,Textiles,Patna,Bihar,East,Small,P010,Packaging Tools & Equipment,Battery Strapping Machine,Nos,33,42609.15,0.02,1406102.1,899028.61,507073.49,Scheduled,2025-10-21,2025-10-22,2025-10-24,2025-10-24,Completed,Dispatched,Paid,1406102.1,0,SP06,0.360623521,1,0,Yes
ORD01104,2025-06-30,CUST082,Global Enterprises,Pharmaceuticals,Coimbatore,Tamil Nadu,South,Small,P006,Stretch / Film Solutions,Shrink Film Roll,Roll,45,817.77,0.05,36799.75,20970.09,15829.66,Scheduled,2025-07-03,2025-07-06,2025-07-09,2025-07-05,Completed,Dispatched,Paid,36799.75,0,SP09,0.430156727,3,4,No
ORD01105,2025-11-28,CUST038,Global Manufacturing,Logistics,Coimbatore,Tamil Nadu,South,Large,P006,Stretch / Film Solutions,Shrink Film Roll,Roll,155,845.9,0.03,131114.1,71282.77,59831.33,Scheduled,2025-12-02,2025-12-08,2025-12-11,2025-12-08,Completed,Dispatched,Paid,131114.1,0,SP09,0.45633025,6,3,No
ORD01106,2025-04-27,CUST098,Prime Pvt Ltd,Engineering,Chennai,Tamil Nadu,South,Large,P001,Strapping Solutions,PP Strapping Roll,Meter,530,93.1,0.02,49342.49,28146.96,21195.53,Standard,2025-05-01,2025-05-08,2025-05-10,2025-05-03,Completed,Dispatched,Paid,49342.49,0,SP07,0.429559392,7,7,No
ORD01107,2025-04-14,CUST074,Global Traders,FMCG,Surat,Gujarat,West,Small,P001,Strapping Solutions,PP Strapping Roll,Meter,250,98.28,0.1,24569.99,13902.75,10667.24,Standard,2025-04-18,2025-04-25,2025-04-28,2025-04-24,Completed,Dispatched,Paid,24569.99,0,SP02,0.434157279,7,4,No
ORD01108,2025-04-08,CUST112,National Manufacturing,Chemicals,Chennai,Tamil Nadu,South,Medium,P006,Stretch / Film Solutions,Shrink Film Roll,Roll,48,840.84,0,40360.12,22680.87,17679.25,Standard,2025-04-14,2025-04-17,2025-04-21,2025-04-21,Completed,Dispatched,Paid,40360.12,0,SP02,0.438037598,3,0,Yes
ORD01109,2025-12-31,CUST120,Prime Manufacturing,Pharmaceuticals,Coimbatore,Tamil Nadu,South,Small,P012,Customized Carton Boxes,7-Ply Corrugated Box,Nos,123,84.65,0.02,10412.41,7028.83,3383.58,Scheduled,2026-01-06,2026-01-12,2026-01-15,2026-01-09,Completed,Pending,Paid,10412.41,0,SP05,0.32495647,6,6,No
ORD01110,2025-11-11,CUST001,Prime Industries,Textiles,Patna,Bihar,East,Small,P009,Packaging Tools & Equipment,Manual Strapping Tool,Nos,7,2959.6,0.1,20717.17,15310.83,5406.34,Express,2025-11-17,2025-11-18,2025-11-20,2025-11-19,Completed,Dispatched,Paid,20717.17,0,SP04,0.260959388,1,1,No
ORD01111,2025-12-22,CUST063,Prime Logistics,FMCG,Bhopal,Madhya Pradesh,Central,Large,P006,Stretch / Film Solutions,Shrink Film Roll,Roll,84,787.49,0.03,66149.44,39109.12,27040.32,Scheduled,2025-12-25,2025-12-27,2025-12-28,2026-01-03,Completed,Dispatched,Paid,66149.44,0,SP08,0.40877625,2,0,Yes
ORD01112,2025-08-13,CUST006,Vertex Enterprises,Electronics,Patna,Bihar,East,Medium,P013,Material Handling,Platform Trolley,Nos,15,8049.69,0.02,120745.31,81143.39,39601.92,Express,2025-08-18,2025-08-23,2025-08-27,2025-08-27,Completed,Dispatched,Paid,120745.31,0,SP12,0.32797895,5,0,Yes
ORD01113,2025-07-06,CUST017,Global Logistics,Electronics,Patna,Bihar,East,Small,P013,Material Handling,Platform Trolley,Nos,36,8070.91,0.1,290552.82,202398.4,88154.42,Standard,2025-07-10,2025-07-14,2025-07-16,2025-07-16,In Production,Dispatched,Paid,290552.82,0,SP06,0.30340239,4,0,Yes
ORD01114,2025-12-26,CUST047,Global Pvt Ltd,Logistics,Coimbatore,Tamil Nadu,South,Small,P007,Pallet Solutions,Wooden Pallet,Nos,13,1012.34,0.03,13160.42,7813.21,5347.21,Express,2025-12-29,2026-01-05,2026-01-15,2026-01-09,Completed,Pending,Paid,13160.42,0,SP12,0.406309981,7,6,No
ORD01115,2025-12-26,CUST080,Vertex Industries,FMCG,Chennai,Tamil Nadu,South,Small,P002,Strapping Solutions,PET Strapping Roll,Kg,230,129.95,0.05,29888.9,16051.95,13836.95,Express,2026-01-01,2026-01-08,2026-01-09,2026-01-07,In Production,Pending,Paid,29888.9,0,SP02,0.46294611,7,2,No
ORD01116,2025-03-29,CUST092,Metro Industries,FMCG,Coimbatore,Tamil Nadu,South,Medium,P005,Stretch / Film Solutions,Stretch Film Roll,Roll,11,623.5,0,6858.51,4044.39,2814.12,Scheduled,2025-03-31,2025-04-05,2025-04-08,2025-04-11,In Production,Dispatched,Paid,6858.51,0,SP06,0.410310694,5,0,Yes
ORD01117,2025-02-03,CUST026,Prime Manufacturing,Pharmaceuticals,Pune,Maharashtra,West,Large,P002,Strapping Solutions,PET Strapping Roll,Kg,50,128.72,0.05,6435.77,3648.4,2787.37,Express,2025-02-07,2025-02-12,2025-02-14,2025-02-08,Completed,Dispatched,Partially Paid,3956.2,2479.57,SP09,0.433105907,5,6,No
ORD01118,2025-12-23,CUST092,Metro Industries,FMCG,Coimbatore,Tamil Nadu,South,Medium,P013,Material Handling,Platform Trolley,Nos,8,7657.19,0,61257.53,46153.1,15104.43,Scheduled,2025-12-27,2025-12-30,2025-12-31,2026-01-06,Completed,Dispatched,Paid,61257.53,0,SP06,0.246572625,3,0,Yes
ORD01119,2025-01-04,CUST020,Shree Industries,Electronics,Bengaluru,Karnataka,South,Large,P012,Customized Carton Boxes,7-Ply Corrugated Box,Nos,27,90.66,0,2447.84,1565.55,882.29,Standard,2025-01-10,2025-01-11,2025-01-15,2025-01-18,Completed,Dispatched,Paid,2447.84,0,SP04,0.36043614,1,0,Yes
ORD01120,2025-11-04,CUST108,National Manufacturing,Pharmaceuticals,Jaipur,Rajasthan,North,Small,P009,Packaging Tools & Equipment,Manual Strapping Tool,Nos,30,3255.6,0.02,97668.12,66146.9,31521.22,Scheduled,2025-11-07,2025-11-14,2025-11-15,2025-11-09,Completed,Dispatched,Paid,97668.12,0,SP12,0.322738064,7,6,No
ORD01121,2025-12-17,CUST031,United Industries,Textiles,Bhopal,Madhya Pradesh,Central,Large,P002,Strapping Solutions,PET Strapping Roll,Kg,195,138.22,0.02,26952.49,14252.8,12699.69,Standard,2025-12-22,2025-12-29,2026-01-01,2025-12-28,Completed,Pending,Paid,26952.49,0,SP12,0.471188005,7,4,No
ORD01122,2025-08-09,CUST120,Prime Manufacturing,Pharmaceuticals,Coimbatore,Tamil Nadu,South,Small,P001,Strapping Solutions,PP Strapping Roll,Meter,100,90.03,0,9002.75,5600.47,3402.28,Express,2025-08-13,2025-08-17,2025-08-17,2025-08-16,Completed,Dispatched,Paid,9002.75,0,SP02,0.377915637,4,1,No
ORD01123,2025-09-26,CUST068,Shree Enterprises,Engineering,Indore,Madhya Pradesh,Central,Small,P001,Strapping Solutions,PP Strapping Roll,Meter,130,87.29,0.05,11347.91,7172.61,4175.3,Standard,2025-09-30,2025-10-01,2025-10-05,2025-10-01,Completed,Dispatched,Paid,11347.91,0,SP01,0.367935593,1,4,No
ORD01124,2025-06-17,CUST052,United Manufacturing,Retail,Coimbatore,Tamil Nadu,South,Small,P007,Pallet Solutions,Wooden Pallet,Nos,41,889.43,0.05,36466.79,26333.43,10133.36,Express,2025-06-22,2025-06-25,2025-06-25,2025-07-01,In Production,Dispatched,Outstanding,2927.63,33539.16,SP02,0.277879133,3,0,Yes
ORD01125,2025-12-16,CUST078,Shree Industries,Automotive,Chennai,Tamil Nadu,South,Medium,P003,Protective Packaging,Bubble Wrap Roll,Roll,11,813.27,0.05,8946.01,5855.26,3090.75,Express,2025-12-19,2025-12-24,2025-12-26,2025-12-30,Completed,Dispatched,Partially Paid,3663.75,5282.26,SP01,0.345489218,5,0,Yes
ORD01126,2025-11-15,CUST064,Sunrise Industries,Electronics,Noida,Uttar Pradesh,North,Large,P011,Customized Carton Boxes,5-Ply Corrugated Box,Nos,27,55.46,0.05,1497.29,891.18,606.11,Express,2025-11-17,2025-11-22,2025-11-22,2025-11-24,Completed,Dispatched,Partially Paid,1063.21,434.08,SP04,0.40480468,5,0,Yes
ORD01127,2025-11-05,CUST117,National Pvt Ltd,Textiles,Gurugram,Haryana,North,Large,P014,Material Handling,Hand Pallet Truck,Nos,31,20084.79,0.05,622628.43,405530.46,217097.97,Scheduled,2025-11-08,2025-11-13,2025-11-15,2025-11-17,Completed,Dispatched,Paid,622628.43,0,SP02,0.348679822,5,0,Yes
ORD01128,2025-06-23,CUST043,Om Logistics,Electronics,Mumbai,Maharashtra,West,Large,P006,Stretch / Film Solutions,Shrink Film Roll,Roll,43,848.96,0.05,36505.22,19409.29,17095.93,Express,2025-06-26,2025-06-29,2025-06-30,2025-07-01,Completed,Dispatched,Partially Paid,26161.25,10343.97,SP11,0.468314668,3,0,Yes
ORD01129,2025-12-29,CUST044,Apex Industries,Automotive,Noida,Uttar Pradesh,North,Small,P006,Stretch / Film Solutions,Shrink Film Roll,Roll,39,850.68,0.05,33176.5,17151.69,16024.81,Express,2026-01-04,2026-01-05,2026-01-09,2026-01-04,Completed,Pending,Paid,33176.5,0,SP09,0.483016894,1,5,No
ORD01130,2025-11-26,CUST010,Metro Logistics,Textiles,Chandigarh,Chandigarh,North,Small,P011,Customized Carton Boxes,5-Ply Corrugated Box,Nos,10,59.7,0.08,597.04,358.23,238.81,Express,2025-11-29,2025-12-02,2025-12-04,2025-12-03,Completed,Dispatched,Outstanding,33.77,563.27,SP01,0.39998995,3,1,No
ORD01131,2025-09-09,CUST090,Sunrise Traders,Textiles,Delhi,Delhi,North,Small,P001,Strapping Solutions,PP Strapping Roll,Meter,270,93.13,0.03,25144.07,15232.5,9911.57,Standard,2025-09-11,2025-09-14,2025-09-18,2025-09-21,Completed,Dispatched,Outstanding,2579.98,22564.09,SP09,0.394191155,3,0,Yes
ORD01132,2025-01-22,CUST026,Prime Manufacturing,Pharmaceuticals,Pune,Maharashtra,West,Large,P001,Strapping Solutions,PP Strapping Roll,Meter,140,99.84,0.03,13977.65,7745.5,6232.15,Standard,2025-01-25,2025-01-26,2025-01-28,2025-02-05,Completed,Dispatched,Paid,13977.65,0,SP01,0.445865364,1,0,Yes
ORD01133,2025-06-05,CUST108,National Manufacturing,Pharmaceuticals,Jaipur,Rajasthan,North,Small,P013,Material Handling,Platform Trolley,Nos,10,7370.95,0.08,73709.53,57526.75,16182.78,Scheduled,2025-06-10,2025-06-12,2025-06-19,2025-06-18,Completed,Dispatched,Paid,73709.53,0,SP12,0.219548001,2,1,No
ORD01134,2025-01-23,CUST032,Vertex Industries,Textiles,Bhopal,Madhya Pradesh,Central,Large,P007,Pallet Solutions,Wooden Pallet,Nos,33,923.58,0.05,30478.29,19745.88,10732.41,Scheduled,2025-01-26,2025-01-27,2025-01-30,2025-01-30,Completed,Dispatched,Paid,30478.29,0,SP11,0.352132944,1,0,Yes
ORD01135,2025-11-10,CUST120,Prime Manufacturing,Pharmaceuticals,Coimbatore,Tamil Nadu,South,Small,P004,Protective Packaging,EPE Foam Roll,Roll,9,1490.8,0.05,13417.22,8243.11,5174.11,Express,2025-11-12,2025-11-13,2025-11-16,2025-11-18,Completed,Dispatched,Paid,13417.22,0,SP03,0.385632046,1,0,Yes
ORD01136,2025-07-19,CUST055,National Manufacturing,Retail,Ahmedabad,Gujarat,West,Medium,P011,Customized Carton Boxes,5-Ply Corrugated Box,Nos,12,52.88,0.08,634.55,418.65,215.9,Scheduled,2025-07-22,2025-07-25,2025-07-28,2025-07-24,Completed,Dispatched,Paid,634.55,0,SP12,0.340241116,3,4,No
ORD01137,2025-11-17,CUST089,Shree Manufacturing,Electronics,Chandigarh,Chandigarh,North,Small,P008,Pallet Solutions,Plastic Pallet,Nos,48,2333.39,0.1,112002.68,79885.46,32117.22,Express,2025-11-21,2025-11-23,2025-11-25,2025-11-28,Completed,Dispatched,Paid,112002.68,0,SP05,0.286754031,2,0,Yes
ORD01138,2025-11-04,CUST119,National Traders,Engineering,Jaipur,Rajasthan,North,Medium,P005,Stretch / Film Solutions,Stretch Film Roll,Roll,34,604.51,0.05,20553.24,12733.77,7819.47,Standard,2025-11-06,2025-11-12,2025-11-15,2025-11-09,Completed,Dispatched,Partially Paid,8133.99,12419.25,SP08,0.380449506,6,6,No
ORD01139,2025-02-04,CUST058,Sunrise Pvt Ltd,Chemicals,Jaipur,Rajasthan,North,Large,P006,Stretch / Film Solutions,Shrink Film Roll,Roll,13,718.86,0.08,9345.24,6011.18,3334.06,Express,2025-02-07,2025-02-12,2025-02-14,2025-02-11,Completed,Dispatched,Partially Paid,5275.43,4069.81,SP10,0.356765583,5,3,No
ORD01140,2025-05-14,CUST033,Om Manufacturing,Pharmaceuticals,Kochi,Kerala,South,Medium,P005,Stretch / Film Solutions,Stretch Film Roll,Roll,17,625.85,0.03,10639.5,5910.11,4729.39,Standard,2025-05-16,2025-05-23,2025-05-23,2025-05-25,In Production,Dispatched,Outstanding,202.87,10436.63,SP08,0.44451243,7,0,Yes
ORD01141,2025-09-03,CUST005,Apex Logistics,Electronics,Bhubaneswar,Odisha,East,Large,P006,Stretch / Film Solutions,Shrink Film Roll,Roll,11,769.58,0.08,8465.34,5166.2,3299.14,Express,2025-09-05,2025-09-06,2025-09-07,2025-09-08,Completed,Dispatched,Partially Paid,4439.05,4026.29,SP08,0.389723272,1,0,Yes
ORD01142,2025-03-15,CUST043,Om Logistics,Electronics,Mumbai,Maharashtra,West,Large,P005,Stretch / Film Solutions,Stretch Film Roll,Roll,57,669.75,0,38175.51,20751.64,17423.87,Standard,2025-03-20,2025-03-25,2025-03-25,2025-03-28,Completed,Dispatched,Paid,38175.51,0,SP03,0.456414859,5,0,Yes
ORD01143,2025-06-24,CUST110,Om Manufacturing,Retail,Chennai,Tamil Nadu,South,Medium,P007,Pallet Solutions,Wooden Pallet,Nos,9,949.48,0.03,8545.32,5609.46,2935.86,Standard,2025-06-28,2025-06-30,2025-07-02,2025-07-06,Completed,Dispatched,Paid,8545.32,0,SP04,0.343563494,2,0,Yes
ORD01144,2025-04-05,CUST016,Shree Pvt Ltd,FMCG,Delhi,Delhi,North,Large,P007,Pallet Solutions,Wooden Pallet,Nos,16,857.7,0.1,13723.27,10288.8,3434.47,Standard,2025-04-08,2025-04-11,2025-04-14,2025-04-10,Completed,Dispatched,Paid,13723.27,0,SP03,0.250266154,3,4,No
ORD01145,2025-10-08,CUST101,Vertex Manufacturing,Electronics,Jaipur,Rajasthan,North,Medium,P007,Pallet Solutions,Wooden Pallet,Nos,4,998.93,0.03,3995.74,2555.58,1440.16,Standard,2025-10-12,2025-10-13,2025-10-13,2025-10-14,Completed,Dispatched,Paid,3995.74,0,SP03,0.360423851,1,0,Yes
ORD01146,2025-02-23,CUST036,National Industries,Electronics,Jaipur,Rajasthan,North,Large,P005,Stretch / Film Solutions,Stretch Film Roll,Roll,36,685.55,0.05,24679.69,13109.21,11570.48,Scheduled,2025-02-26,2025-02-27,2025-03-02,2025-02-28,In Production,Dispatched,Partially Paid,14840.26,9839.43,SP09,0.468825986,1,2,No
ORD01147,2025-02-07,CUST001,Prime Industries,Textiles,Patna,Bihar,East,Small,P010,Packaging Tools & Equipment,Battery Strapping Machine,Nos,9,37091.79,0.05,333826.13,244631.88,89194.25,Express,2025-02-09,2025-02-15,2025-02-18,2025-02-21,Completed,Dispatched,Paid,333826.13,0,SP10,0.267187742,6,0,Yes
ORD01148,2025-05-09,CUST087,Shree Manufacturing,FMCG,Noida,Uttar Pradesh,North,Medium,P005,Stretch / Film Solutions,Stretch Film Roll,Roll,14,582.81,0,8159.3,4885.6,3273.7,Express,2025-05-13,2025-05-19,2025-05-22,2025-05-21,Completed,Dispatched,Paid,8159.3,0,SP11,0.401223144,6,1,No
ORD01149,2025-03-31,CUST002,Global Pvt Ltd,FMCG,Noida,Uttar Pradesh,North,Large,P011,Customized Carton Boxes,5-Ply Corrugated Box,Nos,26,59.45,0.08,1545.66,926.64,619.02,Scheduled,2025-04-05,2025-04-08,2025-04-09,2025-04-10,Completed,Dispatched,Paid,1545.66,0,SP09,0.400489111,3,0,Yes
ORD01150,2025-04-27,CUST073,Vertex Industries,Chemicals,Patna,Bihar,East,Medium,P001,Strapping Solutions,PP Strapping Roll,Meter,100,96.35,0.08,9635.33,5675.75,3959.58,Express,2025-05-02,2025-05-04,2025-05-06,2025-05-05,Completed,Dispatched,Paid,9635.33,0,SP08,0.410943891,2,1,No
ORD01151,2025-07-06,CUST107,Om Traders,FMCG,Kochi,Kerala,South,Small,P007,Pallet Solutions,Wooden Pallet,Nos,60,996.53,0,59791.64,38411.38,21380.26,Scheduled,2025-07-10,2025-07-13,2025-07-16,2025-07-13,Completed,Dispatched,Paid,59791.64,0,SP11,0.357579421,3,3,No
ORD01152,2025-11-13,CUST117,National Pvt Ltd,Textiles,Gurugram,Haryana,North,Large,P002,Strapping Solutions,PET Strapping Roll,Kg,100,126.83,0.05,12683.36,7068.08,5615.28,Scheduled,2025-11-17,2025-11-21,2025-11-25,2025-11-24,Completed,Dispatched,Paid,12683.36,0,SP08,0.44272811,4,1,No
ORD01153,2025-06-03,CUST054,Prime Industries,Chemicals,Coimbatore,Tamil Nadu,South,Small,P009,Packaging Tools & Equipment,Manual Strapping Tool,Nos,27,3294.22,0.02,88944.03,57795.51,31148.52,Standard,2025-06-09,2025-06-13,2025-06-13,2025-06-11,Completed,Dispatched,Paid,88944.03,0,SP08,0.350203606,4,2,No
ORD01154,2025-01-13,CUST030,Metro Industries,Textiles,Patna,Bihar,East,Medium,P003,Protective Packaging,Bubble Wrap Roll,Roll,63,798.2,0.05,50286.75,32557.86,17728.89,Standard,2025-01-16,2025-01-20,2025-01-24,2025-01-20,Completed,Dispatched,Paid,50286.75,0,SP03,0.352555892,4,4,No
ORD01155,2025-07-30,CUST029,Prime Pvt Ltd,Chemicals,Mumbai,Maharashtra,West,Medium,P010,Packaging Tools & Equipment,Battery Strapping Machine,Nos,113,35067.15,0.05,3962588.3,3161034.45,801553.85,Scheduled,2025-08-03,2025-08-07,2025-08-08,2025-08-06,Completed,Dispatched,Paid,3962588.3,0,SP01,0.202280376,4,2,No
ORD01156,2025-12-13,CUST044,Apex Industries,Automotive,Noida,Uttar Pradesh,North,Small,P002,Strapping Solutions,PET Strapping Roll,Kg,155,127.69,0.1,19792.4,10834.18,8958.22,Scheduled,2025-12-15,2025-12-22,2025-12-24,2025-12-19,Completed,Dispatched,Paid,19792.4,0,SP03,0.452609082,7,5,No
ORD01157,2025-04-20,CUST091,Metro Pvt Ltd,Chemicals,Gurugram,Haryana,North,Medium,P007,Pallet Solutions,Wooden Pallet,Nos,42,979.23,0,41127.54,26358.24,14769.3,Express,2025-04-24,2025-05-01,2025-05-01,2025-04-30,Completed,Dispatched,Outstanding,4340.62,36786.92,SP05,0.359109735,7,1,No
ORD01158,2025-02-21,CUST040,National Pvt Ltd,Textiles,Coimbatore,Tamil Nadu,South,Medium,P011,Customized Carton Boxes,5-Ply Corrugated Box,Nos,27,58.2,0,1571.28,923.96,647.32,Scheduled,2025-02-27,2025-03-01,2025-03-02,2025-02-28,Completed,Dispatched,Paid,1571.28,0,SP08,0.411969859,2,2,No
ORD01159,2025-12-25,CUST053,United Manufacturing,FMCG,Gurugram,Haryana,North,Medium,P003,Protective Packaging,Bubble Wrap Roll,Roll,28,915.27,0,25627.57,13958.57,11669,Express,2025-12-29,2026-01-04,2026-01-05,2025-12-31,Completed,Pending,Paid,25627.57,0,SP08,0.455329943,6,5,No
ORD01160,2025-07-14,CUST040,National Pvt Ltd,Textiles,Coimbatore,Tamil Nadu,South,Medium,P006,Stretch / Film Solutions,Shrink Film Roll,Roll,51,832.53,0.02,42458.98,24515.83,17943.15,Express,2025-07-19,2025-07-21,2025-07-21,2025-07-28,In Production,Dispatched,Outstanding,5693.67,36765.31,SP11,0.422599648,2,0,Yes
ORD01161,2025-10-18,CUST113,Vertex Manufacturing,FMCG,Pune,Maharashtra,West,Medium,P004,Protective Packaging,EPE Foam Roll,Roll,19,1366.9,0,25971.06,17407.91,8563.15,Standard,2025-10-22,2025-10-25,2025-10-28,2025-10-28,Completed,Dispatched,Partially Paid,19067.06,6904,SP11,0.329718926,3,0,Yes
ORD01162,2025-06-14,CUST064,Sunrise Industries,Electronics,Noida,Uttar Pradesh,North,Large,P007,Pallet Solutions,Wooden Pallet,Nos,20,998.71,0.03,19974.2,12567.2,7407,Express,2025-06-18,2025-06-24,2025-06-24,2025-06-24,In Production,Dispatched,Paid,19974.2,0,SP05,0.370828369,6,0,Yes
ORD01163,2025-04-09,CUST091,Metro Pvt Ltd,Chemicals,Gurugram,Haryana,North,Medium,P003,Protective Packaging,Bubble Wrap Roll,Roll,123,863.39,0.02,106197.37,60973.33,45224.04,Express,2025-04-15,2025-04-18,2025-04-22,2025-04-14,In Production,Dispatched,Paid,106197.37,0,SP07,0.425848964,3,8,No
ORD01164,2025-06-22,CUST032,Vertex Industries,Textiles,Bhopal,Madhya Pradesh,Central,Large,P011,Customized Carton Boxes,5-Ply Corrugated Box,Nos,60,59.07,0.05,3544.36,2100.11,1444.25,Express,2025-06-24,2025-06-27,2025-06-30,2025-06-28,Completed,Dispatched,Outstanding,304.98,3239.38,SP07,0.40747836,3,2,No
ORD01165,2025-04-13,CUST032,Vertex Industries,Textiles,Bhopal,Madhya Pradesh,Central,Large,P006,Stretch / Film Solutions,Shrink Film Roll,Roll,8,736.13,0.05,5889.03,3803.75,2085.28,Express,2025-04-18,2025-04-22,2025-04-25,2025-04-18,Completed,Dispatched,Paid,5889.03,0,SP07,0.354095666,4,7,No
ORD01166,2025-12-29,CUST091,Metro Pvt Ltd,Chemicals,Gurugram,Haryana,North,Medium,P007,Pallet Solutions,Wooden Pallet,Nos,21,1003.72,0.05,21078.04,13419.89,7658.15,Scheduled,2026-01-02,2026-01-04,2026-01-06,2026-01-07,Completed,Pending,Paid,21078.04,0,SP06,0.36332363,2,0,Yes
ORD01167,2025-09-18,CUST044,Apex Industries,Automotive,Noida,Uttar Pradesh,North,Small,P001,Strapping Solutions,PP Strapping Roll,Meter,100,90.73,0,9073.31,5809.88,3263.43,Standard,2025-09-20,2025-09-21,2025-09-22,2025-09-24,Completed,Dispatched,Paid,9073.31,0,SP02,0.359673592,1,0,Yes
ORD01168,2025-01-05,CUST056,National Enterprises,Automotive,Vijayawada,Andhra Pradesh,South,Small,P007,Pallet Solutions,Wooden Pallet,Nos,27,1041.27,0.02,28114.25,16976,11138.25,Scheduled,2025-01-07,2025-01-13,2025-01-21,2025-01-19,Completed,Dispatched,Outstanding,2804.14,25310.11,SP02,0.396178095,6,2,No
ORD01169,2025-01-29,CUST090,Sunrise Traders,Textiles,Delhi,Delhi,North,Small,P005,Stretch / Film Solutions,Stretch Film Roll,Roll,13,664.73,0.02,8641.55,4685.17,3956.38,Express,2025-02-01,2025-02-03,2025-02-05,2025-02-05,Completed,Dispatched,Partially Paid,5502.87,3138.68,SP06,0.457832218,2,0,Yes
ORD01170,2025-11-17,CUST086,Apex Manufacturing,Engineering,Chennai,Tamil Nadu,South,Medium,P008,Pallet Solutions,Plastic Pallet,Nos,5,2264.82,0,11324.1,8363.04,2961.06,Standard,2025-11-23,2025-11-25,2025-11-28,2025-11-25,Completed,Dispatched,Partially Paid,7026.19,4297.91,SP08,0.261483032,2,3,No
ORD01171,2025-04-05,CUST030,Metro Industries,Textiles,Patna,Bihar,East,Medium,P006,Stretch / Film Solutions,Shrink Film Roll,Roll,19,778.6,0.03,14793.44,9089.85,5703.59,Standard,2025-04-11,2025-04-12,2025-04-12,2025-04-12,Completed,Dispatched,Outstanding,275.18,14518.26,SP04,0.385548595,1,0,Yes
ORD01172,2025-04-06,CUST082,Global Enterprises,Pharmaceuticals,Coimbatore,Tamil Nadu,South,Small,P014,Material Handling,Hand Pallet Truck,Nos,8,20353.44,0.02,162827.49,101408.87,61418.62,Express,2025-04-10,2025-04-17,2025-04-18,2025-04-13,In Production,Dispatched,Paid,162827.49,0,SP04,0.377200557,7,5,No
ORD01173,2025-08-07,CUST049,Metro Enterprises,Retail,Chennai,Tamil Nadu,South,Medium,P001,Strapping Solutions,PP Strapping Roll,Meter,100,89.65,0.02,8965.31,5753.47,3211.84,Standard,2025-08-11,2025-08-18,2025-08-20,2025-08-15,Completed,Dispatched,Outstanding,216.87,8748.44,SP02,0.358251973,7,5,No
ORD01174,2025-09-10,CUST019,Apex Manufacturing,Automotive,Ludhiana,Punjab,North,Medium,P005,Stretch / Film Solutions,Stretch Film Roll,Roll,6,580.37,0.1,3482.22,2088.1,1394.12,Scheduled,2025-09-14,2025-09-20,2025-09-20,2025-09-24,Completed,Dispatched,Partially Paid,2579.86,902.36,SP02,0.400353797,6,0,Yes
ORD01175,2025-06-13,CUST012,Shree Pvt Ltd,Engineering,Coimbatore,Tamil Nadu,South,Large,P006,Stretch / Film Solutions,Shrink Film Roll,Roll,13,756.84,0.02,9838.98,6263.11,3575.87,Express,2025-06-19,2025-06-26,2025-06-28,2025-06-27,Completed,Dispatched,Paid,9838.98,0,SP12,0.363439096,7,1,No
ORD01176,2025-09-03,CUST073,Vertex Industries,Chemicals,Patna,Bihar,East,Medium,P010,Packaging Tools & Equipment,Battery Strapping Machine,Nos,83,40147.83,0.02,3332269.81,2337273.52,994996.29,Scheduled,2025-09-07,2025-09-11,2025-09-13,2025-09-15,Pending,Dispatched,Paid,3332269.81,0,SP06,0.298594156,4,0,Yes
ORD01177,2025-07-29,CUST107,Om Traders,FMCG,Kochi,Kerala,South,Small,P011,Customized Carton Boxes,5-Ply Corrugated Box,Nos,11,60.72,0.05,667.94,362.3,305.64,Standard,2025-08-03,2025-08-07,2025-08-09,2025-08-09,In Production,Dispatched,Paid,667.94,0,SP03,0.457586011,4,0,Yes
ORD01178,2025-06-12,CUST120,Prime Manufacturing,Pharmaceuticals,Coimbatore,Tamil Nadu,South,Small,P006,Stretch / Film Solutions,Shrink Film Roll,Roll,10,722.84,0.05,7228.38,4627.47,2600.91,Standard,2025-06-17,2025-06-24,2025-06-25,2025-06-23,Completed,Dispatched,Partially Paid,4244.32,2984.06,SP04,0.359819213,7,2,No
ORD01179,2025-02-18,CUST058,Sunrise Pvt Ltd,Chemicals,Jaipur,Rajasthan,North,Large,P002,Strapping Solutions,PET Strapping Roll,Kg,160,130.55,0.1,20887.35,11944.2,8943.15,Scheduled,2025-02-20,2025-02-24,2025-02-27,2025-02-25,Completed,Dispatched,Paid,20887.35,0,SP05,0.428161064,4,2,No
ORD01180,2025-04-27,CUST072,United Logistics,Textiles,Bhopal,Madhya Pradesh,Central,Large,P009,Packaging Tools & Equipment,Manual Strapping Tool,Nos,11,3503.62,0.05,38539.78,23037.15,15502.63,Standard,2025-04-30,2025-05-04,2025-05-08,2025-05-09,In Production,Dispatched,Paid,38539.78,0,SP02,0.402250091,4,0,Yes
ORD01181,2025-06-15,CUST064,Sunrise Industries,Electronics,Noida,Uttar Pradesh,North,Large,P007,Pallet Solutions,Wooden Pallet,Nos,27,982.94,0,26539.29,17429.17,9110.12,Scheduled,2025-06-20,2025-06-25,2025-06-27,2025-06-22,In Production,Dispatched,Partially Paid,19446.47,7092.82,SP03,0.343269168,5,5,No
ORD01182,2025-06-23,CUST008,Metro Traders,Pharmaceuticals,Chennai,Tamil Nadu,South,Small,P009,Packaging Tools & Equipment,Manual Strapping Tool,Nos,11,2903.02,0.1,31933.2,24093.78,7839.42,Scheduled,2025-06-27,2025-07-03,2025-07-07,2025-07-04,Completed,Dispatched,Paid,31933.2,0,SP03,0.245494344,6,3,No
ORD01183,2025-07-09,CUST080,Vertex Industries,FMCG,Chennai,Tamil Nadu,South,Small,P001,Strapping Solutions,PP Strapping Roll,Meter,100,88.75,0,8875.13,5282.39,3592.74,Express,2025-07-15,2025-07-19,2025-07-19,2025-07-14,Completed,Dispatched,Paid,8875.13,0,SP11,0.404809845,4,5,No
ORD01184,2025-09-01,CUST038,Global Manufacturing,Logistics,Coimbatore,Tamil Nadu,South,Large,P011,Customized Carton Boxes,5-Ply Corrugated Box,Nos,35,53.88,0.03,1885.83,1203.33,682.5,Standard,2025-09-05,2025-09-10,2025-09-12,2025-09-15,Completed,Dispatched,Outstanding,167.7,1718.13,SP04,0.36190961,5,0,Yes
ORD01185,2025-09-08,CUST014,National Industries,Retail,Ahmedabad,Gujarat,West,Medium,P003,Protective Packaging,Bubble Wrap Roll,Roll,42,884.83,0,37162.72,22427.15,14735.57,Express,2025-09-14,2025-09-18,2025-09-18,2025-09-18,Completed,Dispatched,Partially Paid,20874.09,16288.63,SP10,0.396514841,4,0,Yes
ORD01186,2025-05-17,CUST021,National Pvt Ltd,Logistics,Ludhiana,Punjab,North,Medium,P002,Strapping Solutions,PET Strapping Roll,Kg,90,135.03,0.05,12152.35,6243,5909.35,Standard,2025-05-19,2025-05-23,2025-05-26,2025-05-25,Completed,Dispatched,Paid,12152.35,0,SP04,0.486272202,4,1,No
ORD01187,2025-11-21,CUST067,Metro Manufacturing,Textiles,Delhi,Delhi,North,Medium,P005,Stretch / Film Solutions,Stretch Film Roll,Roll,7,685.33,0.02,4797.33,2486.28,2311.05,Scheduled,2025-11-23,2025-11-26,2025-11-28,2025-12-05,Completed,Dispatched,Paid,4797.33,0,SP09,0.481736716,3,0,Yes
ORD01188,2025-04-13,CUST020,Shree Industries,Electronics,Bengaluru,Karnataka,South,Large,P003,Protective Packaging,Bubble Wrap Roll,Roll,35,851.02,0.05,29785.68,17759.41,12026.27,Express,2025-04-16,2025-04-21,2025-04-25,2025-04-19,Completed,Dispatched,Outstanding,1109.04,28676.64,SP07,0.403760129,5,6,No
ORD01189,2025-12-25,CUST110,Om Manufacturing,Retail,Chennai,Tamil Nadu,South,Medium,P012,Customized Carton Boxes,7-Ply Corrugated Box,Nos,4,98.93,0.03,395.71,217.11,178.6,Express,2025-12-27,2025-12-30,2026-01-01,2026-01-02,Completed,Pending,Paid,395.71,0,SP08,0.451340628,3,0,Yes
ORD01190,2025-03-17,CUST076,Metro Manufacturing,Textiles,Delhi,Delhi,North,Large,P011,Customized Carton Boxes,5-Ply Corrugated Box,Nos,6,55.75,0.08,334.48,209.5,124.98,Standard,2025-03-22,2025-03-28,2025-03-31,2025-03-30,Completed,Dispatched,Paid,334.48,0,SP12,0.373654628,6,1,No
ORD01191,2025-11-07,CUST033,Om Manufacturing,Pharmaceuticals,Kochi,Kerala,South,Medium,P012,Customized Carton Boxes,7-Ply Corrugated Box,Nos,22,93.62,0.05,2059.64,1196.4,863.24,Scheduled,2025-11-12,2025-11-15,2025-11-18,2025-11-21,Completed,Dispatched,Outstanding,43.79,2015.85,SP07,0.419121788,3,0,Yes
ORD01192,2025-10-09,CUST104,Om Logistics,Engineering,Chennai,Tamil Nadu,South,Medium,P004,Protective Packaging,EPE Foam Roll,Roll,30,1341.33,0.02,40240.05,28125.93,12114.12,Scheduled,2025-10-11,2025-10-17,2025-10-20,2025-10-19,Completed,Dispatched,Partially Paid,23188.2,17051.85,SP01,0.301046346,6,1,No
ORD01193,2025-09-19,CUST060,Om Pvt Ltd,Chemicals,Pune,Maharashtra,West,Small,P001,Strapping Solutions,PP Strapping Roll,Meter,100,86.07,0.1,8606.57,5420.56,3186.01,Express,2025-09-21,2025-09-27,2025-09-30,2025-10-01,Completed,Dispatched,Paid,8606.57,0,SP06,0.370183476,6,0,Yes
ORD01194,2025-06-23,CUST009,Prime Industries,Retail,Ludhiana,Punjab,North,Small,P009,Packaging Tools & Equipment,Manual Strapping Tool,Nos,16,3495.71,0.02,55931.34,35064.32,20867.02,Standard,2025-06-25,2025-06-29,2025-07-01,2025-06-29,Completed,Dispatched,Paid,55931.34,0,SP09,0.373082783,4,2,No
ORD01195,2025-02-15,CUST079,Shree Manufacturing,Logistics,Indore,Madhya Pradesh,Central,Large,P011,Customized Carton Boxes,5-Ply Corrugated Box,Nos,22,62.39,0.02,1372.61,766.26,606.35,Standard,2025-02-18,2025-02-22,2025-02-23,2025-02-21,In Production,Dispatched,Paid,1372.61,0,SP11,0.441749659,4,2,No
ORD01196,2025-12-24,CUST085,Global Manufacturing,Pharmaceuticals,Bhubaneswar,Odisha,East,Small,P002,Strapping Solutions,PET Strapping Roll,Kg,250,129.6,0.05,32400.05,19015.12,13384.93,Express,2025-12-27,2025-12-31,2025-12-31,2025-12-29,Completed,Dispatched,Paid,32400.05,0,SP06,0.413114486,4,2,No
ORD01197,2025-07-18,CUST020,Shree Industries,Electronics,Bengaluru,Karnataka,South,Large,P001,Strapping Solutions,PP Strapping Roll,Meter,450,98.5,0,44324.98,23844.66,20480.32,Standard,2025-07-23,2025-07-24,2025-07-28,2025-07-27,Completed,Dispatched,Partially Paid,19061.95,25263.03,SP04,0.462049165,1,1,No
ORD01198,2025-04-28,CUST065,Apex Logistics,FMCG,Bhubaneswar,Odisha,East,Medium,P007,Pallet Solutions,Wooden Pallet,Nos,20,898.23,0.08,17964.68,12704.88,5259.8,Standard,2025-05-04,2025-05-08,2025-05-08,2025-05-08,Completed,Dispatched,Paid,17964.68,0,SP03,0.292785622,4,0,Yes
ORD01199,2025-10-02,CUST050,Prime Industries,Retail,Pune,Maharashtra,West,Large,P013,Material Handling,Platform Trolley,Nos,23,7947.55,0.1,182793.55,130747.57,52045.98,Scheduled,2025-10-04,2025-10-10,2025-10-14,2025-10-11,Completed,Dispatched,Paid,182793.55,0,SP05,0.284725473,6,3,No
ORD01200,2025-06-21,CUST066,Om Logistics,Engineering,Kolkata,West Bengal,East,Medium,P012,Customized Carton Boxes,7-Ply Corrugated Box,Nos,93,101.26,0.05,9417.03,5356.76,4060.27,Express,2025-06-24,2025-06-27,2025-07-03,2025-07-02,Completed,Dispatched,Paid,9417.03,0,SP04,0.431162479,3,1,No
ORD01201,2025-04-05,CUST003,Prime Logistics,Retail,Coimbatore,Tamil Nadu,South,Small,P001,Strapping Solutions,PP Strapping Roll,Meter,220,101.21,0.05,22265.67,12104.31,10161.36,Scheduled,2025-04-07,2025-04-08,2025-04-11,2025-04-11,In Production,Dispatched,Paid,22265.67,0,SP11,0.45636893,1,0,Yes
ORD01202,2025-04-20,CUST111,National Manufacturing,Automotive,Bengaluru,Karnataka,South,Small,P001,Strapping Solutions,PP Strapping Roll,Meter,200,92.35,0.03,18470.51,11565.34,6905.17,Scheduled,2025-04-26,2025-05-03,2025-05-05,2025-04-30,Completed,Dispatched,Paid,18470.51,0,SP01,0.373848367,7,5,No
ORD01203,2025-06-08,CUST065,Apex Logistics,FMCG,Bhubaneswar,Odisha,East,Medium,P012,Customized Carton Boxes,7-Ply Corrugated Box,Nos,37,91.64,0.02,3390.52,2144.43,1246.09,Scheduled,2025-06-10,2025-06-12,2025-06-13,2025-06-18,In Production,Dispatched,Paid,3390.52,0,SP03,0.367521796,2,0,Yes
ORD01204,2025-09-09,CUST057,Apex Enterprises,Textiles,Bengaluru,Karnataka,South,Medium,P006,Stretch / Film Solutions,Shrink Film Roll,Roll,20,808.4,0.08,16167.93,8892.09,7275.84,Scheduled,2025-09-14,2025-09-19,2025-09-23,2025-09-18,Completed,Dispatched,Outstanding,2067.91,14100.02,SP01,0.450016793,5,5,No
ORD01205,2025-01-06,CUST088,United Manufacturing,Electronics,Pune,Maharashtra,West,Medium,P011,Customized Carton Boxes,5-Ply Corrugated Box,Nos,25,58.45,0.02,1461.34,895.42,565.92,Scheduled,2025-01-10,2025-01-11,2025-01-13,2025-01-18,Completed,Dispatched,Paid,1461.34,0,SP04,0.387261007,1,0,Yes
ORD01206,2025-08-05,CUST077,Shree Industries,FMCG,Vijayawada,Andhra Pradesh,South,Large,P012,Customized Carton Boxes,7-Ply Corrugated Box,Nos,4,87.97,0.1,351.9,220.12,131.78,Express,2025-08-09,2025-08-10,2025-08-12,2025-08-16,Completed,Dispatched,Paid,351.9,0,SP08,0.374481387,1,0,Yes
ORD01207,2025-04-15,CUST099,Prime Pvt Ltd,Textiles,Ludhiana,Punjab,North,Large,P007,Pallet Solutions,Wooden Pallet,Nos,293,949.59,0,278231.31,181989.25,96242.06,Scheduled,2025-04-17,2025-04-23,2025-04-23,2025-04-27,Completed,Dispatched,Partially Paid,127437.38,150793.93,SP10,0.345906649,6,0,Yes
ORD01208,2025-09-03,CUST001,Prime Industries,Textiles,Patna,Bihar,East,Small,P001,Strapping Solutions,PP Strapping Roll,Meter,570,99.41,0,56665.61,32311.49,24354.12,Standard,2025-09-05,2025-09-11,2025-09-17,2025-09-11,Completed,Dispatched,Paid,56665.61,0,SP01,0.429786602,6,6,No
ORD01209,2025-10-23,CUST062,Global Industries,Chemicals,Kochi,Kerala,South,Small,P007,Pallet Solutions,Wooden Pallet,Nos,14,995.69,0.03,13939.69,8459.01,5480.68,Express,2025-10-25,2025-10-31,2025-10-31,2025-11-01,Completed,Dispatched,Paid,13939.69,0,SP04,0.393170867,6,0,Yes
ORD01210,2025-05-01,CUST026,Prime Manufacturing,Pharmaceuticals,Pune,Maharashtra,West,Large,P002,Strapping Solutions,PET Strapping Roll,Kg,135,137.08,0,18506.06,10205.13,8300.93,Standard,2025-05-06,2025-05-13,2025-05-13,2025-05-06,In Production,Dispatched,Paid,18506.06,0,SP12,0.448551988,7,7,No
ORD01211,2025-01-25,CUST095,Vertex Industries,Retail,Bhubaneswar,Odisha,East,Large,P005,Stretch / Film Solutions,Stretch Film Roll,Roll,5,668.04,0,3340.22,1847.58,1492.64,Scheduled,2025-01-29,2025-02-01,2025-02-01,2025-02-08,In Production,Dispatched,Paid,3340.22,0,SP09,0.446868769,3,0,Yes
ORD01212,2025-03-16,CUST008,Metro Traders,Pharmaceuticals,Chennai,Tamil Nadu,South,Small,P007,Pallet Solutions,Wooden Pallet,Nos,19,951.62,0.02,18080.7,11213.84,6866.86,Scheduled,2025-03-20,2025-03-26,2025-03-28,2025-03-27,Completed,Dispatched,Paid,18080.7,0,SP08,0.379789499,6,1,No
ORD01213,2025-12-12,CUST119,National Traders,Engineering,Jaipur,Rajasthan,North,Medium,P005,Stretch / Film Solutions,Stretch Film Roll,Roll,57,675.48,0.05,38502.41,21683.38,16819.03,Scheduled,2025-12-18,2025-12-22,2025-12-28,2025-12-23,In Production,Dispatched,Paid,38502.41,0,SP11,0.436830578,4,5,No
ORD01214,2025-03-26,CUST102,Global Logistics,Textiles,Bengaluru,Karnataka,South,Medium,P003,Protective Packaging,Bubble Wrap Roll,Roll,18,935.33,0.05,16835.92,8902.25,7933.67,Scheduled,2025-03-28,2025-03-31,2025-04-04,2025-04-02,Completed,Dispatched,Partially Paid,11228.06,5607.86,SP07,0.471234717,3,2,No
ORD01215,2025-02-11,CUST089,Shree Manufacturing,Electronics,Chandigarh,Chandigarh,North,Small,P012,Customized Carton Boxes,7-Ply Corrugated Box,Nos,7,94.14,0.05,659,407.9,251.1,Standard,2025-02-16,2025-02-17,2025-02-23,2025-02-24,Completed,Dispatched,Paid,659,0,SP11,0.381031866,1,0,Yes
ORD01216,2025-12-30,CUST042,National Manufacturing,FMCG,Surat,Gujarat,West,Medium,P007,Pallet Solutions,Wooden Pallet,Nos,56,923.67,0.02,51725.57,34674.1,17051.47,Express,2026-01-03,2026-01-07,2026-01-07,2026-01-09,In Production,Pending,Paid,51725.57,0,SP04,0.329652626,4,0,Yes
ORD01217,2025-10-23,CUST047,Global Pvt Ltd,Logistics,Coimbatore,Tamil Nadu,South,Small,P009,Packaging Tools & Equipment,Manual Strapping Tool,Nos,55,3465.46,0.08,190600.15,117235.12,73365.03,Standard,2025-10-27,2025-11-02,2025-11-05,2025-10-29,Completed,Dispatched,Paid,190600.15,0,SP09,0.384915909,6,7,No
ORD01218,2025-02-25,CUST015,Metro Manufacturing,Engineering,Hyderabad,Telangana,South,Medium,P002,Strapping Solutions,PET Strapping Roll,Kg,50,115.67,0.1,5783.45,3587.3,2196.15,Standard,2025-03-02,2025-03-04,2025-03-04,2025-03-06,Completed,Dispatched,Partially Paid,2466.08,3317.37,SP01,0.379730092,2,0,Yes
ORD01219,2025-06-01,CUST071,Prime Manufacturing,Engineering,Chandigarh,Chandigarh,North,Medium,P002,Strapping Solutions,PET Strapping Roll,Kg,180,122.34,0.08,22020.46,13522.67,8497.79,Scheduled,2025-06-03,2025-06-05,2025-06-11,2025-06-07,Pending,Dispatched,Paid,22020.46,0,SP10,0.385904291,2,4,No
ORD01220,2025-06-03,CUST071,Prime Manufacturing,Engineering,Chandigarh,Chandigarh,North,Medium,P004,Protective Packaging,EPE Foam Roll,Roll,13,1313.98,0.1,17081.76,11128.86,5952.9,Standard,2025-06-07,2025-06-11,2025-06-13,2025-06-11,Completed,Dispatched,Outstanding,1258.93,15822.83,SP08,0.348494535,4,2,No
ORD01221,2025-06-13,CUST036,National Industries,Electronics,Jaipur,Rajasthan,North,Large,P002,Strapping Solutions,PET Strapping Roll,Kg,50,119.16,0.05,5958.22,3570.49,2387.73,Scheduled,2025-06-17,2025-06-18,2025-06-20,2025-06-25,Completed,Dispatched,Paid,5958.22,0,SP10,0.400745525,1,0,Yes
ORD01222,2025-06-29,CUST053,United Manufacturing,FMCG,Gurugram,Haryana,North,Medium,P001,Strapping Solutions,PP Strapping Roll,Meter,250,94.95,0.05,23736.36,13597.58,10138.78,Standard,2025-07-04,2025-07-05,2025-07-08,2025-07-04,Completed,Dispatched,Paid,23736.36,0,SP04,0.427141314,1,4,No
ORD01223,2025-11-20,CUST067,Metro Manufacturing,Textiles,Delhi,Delhi,North,Medium,P005,Stretch / Film Solutions,Stretch Film Roll,Roll,7,595.89,0.05,4171.21,2569.46,1601.75,Scheduled,2025-11-22,2025-11-26,2025-11-29,2025-11-30,Pending,Dispatched,Paid,4171.21,0,SP08,0.384001285,4,0,Yes
ORD01224,2025-04-21,CUST010,Metro Logistics,Textiles,Chandigarh,Chandigarh,North,Small,P012,Customized Carton Boxes,7-Ply Corrugated Box,Nos,31,85.38,0,2646.91,1772.79,874.12,Standard,2025-04-27,2025-05-01,2025-05-01,2025-04-26,Completed,Dispatched,Partially Paid,999.58,1647.33,SP08,0.330241678,4,5,No
ORD01225,2025-05-21,CUST014,National Industries,Retail,Ahmedabad,Gujarat,West,Medium,P010,Packaging Tools & Equipment,Battery Strapping Machine,Nos,19,42413.28,0.02,805852.28,541558.59,264293.69,Standard,2025-05-27,2025-05-31,2025-06-04,2025-05-26,Completed,Dispatched,Paid,805852.28,0,SP01,0.327967912,4,9,No
ORD01226,2025-05-29,CUST069,United Logistics,FMCG,Mumbai,Maharashtra,West,Small,P014,Material Handling,Hand Pallet Truck,Nos,28,18043.65,0,505222.28,385051.42,120170.86,Standard,2025-06-04,2025-06-07,2025-06-10,2025-06-04,Pending,Dispatched,Paid,505222.28,0,SP07,0.237857404,3,6,No
ORD01227,2025-12-01,CUST031,United Industries,Textiles,Bhopal,Madhya Pradesh,Central,Large,P006,Stretch / Film Solutions,Shrink Film Roll,Roll,134,800.32,0.02,107243.24,64018.1,43225.14,Scheduled,2025-12-04,2025-12-11,2025-12-14,2025-12-06,Completed,Dispatched,Outstanding,11482.98,95760.26,SP02,0.403057013,7,8,No
ORD01228,2025-02-21,CUST024,Sunrise Logistics,Retail,Kolkata,West Bengal,East,Medium,P011,Customized Carton Boxes,5-Ply Corrugated Box,Nos,24,59.58,0.05,1429.81,792.14,637.67,Scheduled,2025-02-24,2025-02-26,2025-02-27,2025-03-07,Completed,Dispatched,Paid,1429.81,0,SP09,0.445982333,2,0,Yes
ORD01229,2025-12-22,CUST095,Vertex Industries,Retail,Bhubaneswar,Odisha,East,Large,P011,Customized Carton Boxes,5-Ply Corrugated Box,Nos,25,63.61,0.02,1590.13,843.44,746.69,Standard,2025-12-26,2026-01-01,2026-01-05,2025-12-28,Completed,Pending,Paid,1590.13,0,SP02,0.469577959,6,8,No
ORD01230,2025-05-15,CUST019,Apex Manufacturing,Automotive,Ludhiana,Punjab,North,Medium,P014,Material Handling,Hand Pallet Truck,Nos,19,17832.49,0.02,338817.28,241504.01,97313.27,Standard,2025-05-19,2025-05-23,2025-05-26,2025-05-28,In Production,Dispatched,Outstanding,4389.93,334427.35,SP11,0.287214601,4,0,Yes
ORD01231,2025-04-11,CUST021,National Pvt Ltd,Logistics,Ludhiana,Punjab,North,Medium,P011,Customized Carton Boxes,5-Ply Corrugated Box,Nos,5,61.31,0.03,306.54,174.12,132.42,Scheduled,2025-04-16,2025-04-22,2025-04-26,2025-04-21,Completed,Dispatched,Outstanding,19,287.54,SP01,0.431982775,6,5,No
ORD01232,2025-04-29,CUST052,United Manufacturing,Retail,Coimbatore,Tamil Nadu,South,Small,P003,Protective Packaging,Bubble Wrap Roll,Roll,29,879.34,0.02,25500.96,15396.7,10104.26,Scheduled,2025-05-02,2025-05-04,2025-05-06,2025-05-06,Completed,Dispatched,Paid,25500.96,0,SP11,0.396230573,2,0,Yes
ORD01233,2025-05-17,CUST076,Metro Manufacturing,Textiles,Delhi,Delhi,North,Large,P008,Pallet Solutions,Plastic Pallet,Nos,41,2310.95,0.05,94748.78,66977.56,27771.22,Scheduled,2025-05-23,2025-05-28,2025-05-28,2025-05-26,Completed,Dispatched,Outstanding,3035.2,91713.58,SP08,0.293103721,5,2,No
ORD01234,2025-09-02,CUST109,National Enterprises,FMCG,Pune,Maharashtra,West,Medium,P004,Protective Packaging,EPE Foam Roll,Roll,25,1476.57,0.03,36914.25,23431.51,13482.74,Scheduled,2025-09-07,2025-09-09,2025-09-09,2025-09-09,Completed,Dispatched,Paid,36914.25,0,SP03,0.365244858,2,0,Yes
ORD01235,2025-09-19,CUST120,Prime Manufacturing,Pharmaceuticals,Coimbatore,Tamil Nadu,South,Small,P005,Stretch / Film Solutions,Stretch Film Roll,Roll,72,617.58,0.02,44465.41,26273.63,18191.78,Scheduled,2025-09-22,2025-09-29,2025-09-29,2025-10-01,Pending,Dispatched,Paid,44465.41,0,SP06,0.409122057,7,0,Yes
ORD01236,2025-04-26,CUST052,United Manufacturing,Retail,Coimbatore,Tamil Nadu,South,Small,P001,Strapping Solutions,PP Strapping Roll,Meter,280,100.77,0.08,28215.66,15064.87,13150.79,Express,2025-04-30,2025-05-04,2025-05-08,2025-05-07,In Production,Dispatched,Paid,28215.66,0,SP10,0.466081247,4,1,No
ORD01237,2025-04-26,CUST024,Sunrise Logistics,Retail,Kolkata,West Bengal,East,Medium,P009,Packaging Tools & Equipment,Manual Strapping Tool,Nos,17,3311.63,0.05,56297.63,39094.63,17203,Express,2025-04-29,2025-05-03,2025-05-07,2025-05-09,Completed,Dispatched,Partially Paid,31442.42,24855.21,SP02,0.305572366,4,0,Yes
ORD01238,2025-08-10,CUST035,United Industries,FMCG,Ludhiana,Punjab,North,Medium,P002,Strapping Solutions,PET Strapping Roll,Kg,255,138.42,0,35297.33,18146.79,17150.54,Express,2025-08-16,2025-08-17,2025-08-20,2025-08-16,Completed,Dispatched,Partially Paid,16270.51,19026.82,SP08,0.485887743,1,4,No
ORD01239,2025-11-29,CUST036,National Industries,Electronics,Jaipur,Rajasthan,North,Large,P004,Protective Packaging,EPE Foam Roll,Roll,94,1517.13,0.05,142610.68,84048.6,58562.08,Scheduled,2025-12-03,2025-12-06,2025-12-10,2025-12-13,Completed,Dispatched,Outstanding,16202.38,126408.3,SP10,0.410643018,3,0,Yes
ORD01240,2025-12-22,CUST078,Shree Industries,Automotive,Chennai,Tamil Nadu,South,Medium,P004,Protective Packaging,EPE Foam Roll,Roll,41,1521.78,0.03,62393.07,37918.06,24475.01,Scheduled,2025-12-28,2026-01-03,2026-01-07,2026-01-05,Completed,Pending,Paid,62393.07,0,SP09,0.392271289,6,2,No
ORD01241,2025-11-12,CUST047,Global Pvt Ltd,Logistics,Coimbatore,Tamil Nadu,South,Small,P008,Pallet Solutions,Plastic Pallet,Nos,64,2626.3,0.05,168083.4,105499.7,62583.7,Scheduled,2025-11-14,2025-11-17,2025-11-19,2025-11-21,Completed,Dispatched,Paid,168083.4,0,SP04,0.372337185,3,0,Yes
ORD01242,2025-06-28,CUST044,Apex Industries,Automotive,Noida,Uttar Pradesh,North,Small,P007,Pallet Solutions,Wooden Pallet,Nos,19,886.38,0.05,16841.25,11294.78,5546.47,Scheduled,2025-07-02,2025-07-04,2025-07-06,2025-07-11,Completed,Dispatched,Paid,16841.25,0,SP03,0.32933838,2,0,Yes
ORD01243,2025-12-19,CUST100,Sunrise Traders,Retail,Jaipur,Rajasthan,North,Large,P012,Customized Carton Boxes,7-Ply Corrugated Box,Nos,27,96.71,0,2611.08,1503.54,1107.54,Scheduled,2025-12-23,2025-12-25,2025-12-27,2026-01-01,Completed,Dispatched,Paid,2611.08,0,SP12,0.424169309,2,0,Yes
ORD01244,2025-05-30,CUST077,Shree Industries,FMCG,Vijayawada,Andhra Pradesh,South,Large,P011,Customized Carton Boxes,5-Ply Corrugated Box,Nos,65,56.58,0,3677.73,2302.8,1374.93,Scheduled,2025-06-02,2025-06-04,2025-06-08,2025-06-09,Completed,Dispatched,Paid,3677.73,0,SP05,0.373852893,2,0,Yes
ORD01245,2025-10-18,CUST045,Apex Traders,FMCG,Ahmedabad,Gujarat,West,Large,P011,Customized Carton Boxes,5-Ply Corrugated Box,Nos,59,56.2,0.03,3315.53,1972.12,1343.41,Standard,2025-10-23,2025-10-28,2025-10-30,2025-10-25,Completed,Dispatched,Paid,3315.53,0,SP02,0.405187104,5,5,No
ORD01246,2025-04-07,CUST096,Shree Industries,Retail,Delhi,Delhi,North,Small,P009,Packaging Tools & Equipment,Manual Strapping Tool,Nos,70,3032.22,0.02,212255.74,150162.16,62093.58,Express,2025-04-11,2025-04-15,2025-04-18,2025-04-20,Completed,Dispatched,Paid,212255.74,0,SP11,0.292541347,4,0,Yes
ORD01247,2025-09-08,CUST039,Shree Logistics,Retail,Bhopal,Madhya Pradesh,Central,Small,P002,Strapping Solutions,PET Strapping Roll,Kg,60,133.33,0.08,8000.08,4210.36,3789.72,Standard,2025-09-14,2025-09-15,2025-09-18,2025-09-19,Completed,Dispatched,Paid,8000.08,0,SP05,0.473710263,1,0,Yes
ORD01248,2025-02-25,CUST001,Prime Industries,Textiles,Patna,Bihar,East,Small,P003,Protective Packaging,Bubble Wrap Roll,Roll,47,915.73,0.05,43039.46,24645.06,18394.4,Standard,2025-03-03,2025-03-08,2025-03-10,2025-03-04,In Production,Dispatched,Partially Paid,24817.71,18221.75,SP02,0.427384544,5,6,No
ORD01249,2025-06-22,CUST062,Global Industries,Chemicals,Kochi,Kerala,South,Small,P008,Pallet Solutions,Plastic Pallet,Nos,24,2463.98,0.05,59135.46,41361.73,17773.73,Express,2025-06-28,2025-07-04,2025-07-06,2025-07-01,Completed,Dispatched,Paid,59135.46,0,SP04,0.300559597,6,5,No
ORD01250,2025-03-19,CUST108,National Manufacturing,Pharmaceuticals,Jaipur,Rajasthan,North,Small,P004,Protective Packaging,EPE Foam Roll,Roll,25,1427.56,0.05,35689.08,22979.91,12709.17,Standard,2025-03-21,2025-03-26,2025-03-30,2025-03-29,Completed,Dispatched,Outstanding,3299.26,32389.82,SP02,0.356108087,5,1,No
ORD01251,2025-10-20,CUST007,Shree Industries,Pharmaceuticals,Kolkata,West Bengal,East,Large,P002,Strapping Solutions,PET Strapping Roll,Kg,325,131.23,0.02,42649.51,24502.7,18146.81,Express,2025-10-26,2025-10-29,2025-11-06,2025-10-26,Completed,Dispatched,Paid,42649.51,0,SP02,0.425486952,3,11,No
ORD01252,2025-01-02,CUST106,Global Pvt Ltd,FMCG,Vijayawada,Andhra Pradesh,South,Medium,P002,Strapping Solutions,PET Strapping Roll,Kg,160,131.64,0,21061.71,11835.18,9226.53,Standard,2025-01-05,2025-01-11,2025-01-13,2025-01-13,Completed,Dispatched,Paid,21061.71,0,SP07,0.438071268,6,0,Yes
ORD01253,2025-12-31,CUST094,Sunrise Traders,Engineering,Bhubaneswar,Odisha,East,Medium,P013,Material Handling,Platform Trolley,Nos,17,7873.13,0.03,133843.17,93561.62,40281.55,Scheduled,2026-01-05,2026-01-09,2026-01-10,2026-01-11,Completed,Pending,Paid,133843.17,0,SP08,0.300960819,4,0,Yes
ORD01254,2025-08-12,CUST036,National Industries,Electronics,Jaipur,Rajasthan,North,Large,P012,Customized Carton Boxes,7-Ply Corrugated Box,Nos,16,91.05,0,1456.74,892.38,564.36,Standard,2025-08-18,2025-08-21,2025-08-23,2025-08-17,Completed,Dispatched,Partially Paid,594.07,862.67,SP10,0.387412991,3,6,No
ORD01255,2025-12-24,CUST093,Om Traders,Automotive,Bhopal,Madhya Pradesh,Central,Small,P007,Pallet Solutions,Wooden Pallet,Nos,99,967.97,0.02,95828.88,60634.4,35194.48,Express,2025-12-29,2025-12-31,2026-01-03,2026-01-01,Completed,Pending,Paid,95828.88,0,SP10,0.367263814,2,2,No
ORD01256,2025-08-29,CUST027,Om Industries,Retail,Chennai,Tamil Nadu,South,Medium,P002,Strapping Solutions,PET Strapping Roll,Kg,70,124.42,0.02,8709.23,5221.23,3488,Express,2025-08-31,2025-09-06,2025-09-10,2025-09-06,Completed,Dispatched,Partially Paid,4250.75,4458.48,SP01,0.400494648,6,4,No
ORD01257,2025-09-09,CUST031,United Industries,Textiles,Bhopal,Madhya Pradesh,Central,Large,P002,Strapping Solutions,PET Strapping Roll,Kg,570,115.35,0,65748.74,43268.53,22480.21,Standard,2025-09-14,2025-09-20,2025-09-27,2025-09-20,Completed,Dispatched,Paid,65748.74,0,SP04,0.341910887,6,7,No
ORD01258,2025-10-27,CUST029,Prime Pvt Ltd,Chemicals,Mumbai,Maharashtra,West,Medium,P003,Protective Packaging,Bubble Wrap Roll,Roll,15,899.29,0.08,13489.41,7893.99,5595.42,Scheduled,2025-11-02,2025-11-07,2025-11-11,2025-11-04,Pending,Dispatched,Paid,13489.41,0,SP03,0.414800944,5,7,No
ORD01259,2025-02-17,CUST095,Vertex Industries,Retail,Bhubaneswar,Odisha,East,Large,P011,Customized Carton Boxes,5-Ply Corrugated Box,Nos,8,63.77,0.05,510.14,284.91,225.23,Express,2025-02-23,2025-03-01,2025-03-05,2025-02-22,Completed,Dispatched,Paid,510.14,0,SP05,0.441506253,6,11,No
ORD01260,2025-04-06,CUST098,Prime Pvt Ltd,Engineering,Chennai,Tamil Nadu,South,Large,P006,Stretch / Film Solutions,Shrink Film Roll,Roll,44,782.02,0.05,34409,20176.56,14232.44,Scheduled,2025-04-09,2025-04-13,2025-04-15,2025-04-13,Completed,Dispatched,Paid,34409,0,SP08,0.413625505,4,2,No
ORD01261,2025-08-05,CUST008,Metro Traders,Pharmaceuticals,Chennai,Tamil Nadu,South,Small,P001,Strapping Solutions,PP Strapping Roll,Meter,540,103.16,0.03,55708.53,30289.26,25419.27,Express,2025-08-08,2025-08-10,2025-08-10,2025-08-13,Completed,Dispatched,Partially Paid,22264.19,33444.34,SP09,0.456290446,2,0,Yes
ORD01262,2025-07-08,CUST075,Global Traders,Textiles,Coimbatore,Tamil Nadu,South,Large,P009,Packaging Tools & Equipment,Manual Strapping Tool,Nos,24,2983.74,0.03,71609.83,52540.15,19069.68,Scheduled,2025-07-11,2025-07-13,2025-07-17,2025-07-15,Completed,Dispatched,Partially Paid,48359.72,23250.11,SP09,0.266299752,2,2,No
ORD01263,2025-01-30,CUST101,Vertex Manufacturing,Electronics,Jaipur,Rajasthan,North,Medium,P011,Customized Carton Boxes,5-Ply Corrugated Box,Nos,65,61.35,0.05,3987.8,2223.04,1764.76,Express,2025-02-04,2025-02-06,2025-02-07,2025-02-04,In Production,Dispatched,Paid,3987.8,0,SP08,0.442539746,2,3,No
ORD01264,2025-05-06,CUST107,Om Traders,FMCG,Kochi,Kerala,South,Small,P002,Strapping Solutions,PET Strapping Roll,Kg,110,134.71,0.05,14818.62,8259.97,6558.65,Express,2025-05-11,2025-05-13,2025-05-13,2025-05-14,Completed,Dispatched,Paid,14818.62,0,SP08,0.442595194,2,0,Yes
ORD01265,2025-09-28,CUST117,National Pvt Ltd,Textiles,Gurugram,Haryana,North,Large,P001,Strapping Solutions,PP Strapping Roll,Meter,460,87.6,0.02,40294.75,26237.03,14057.72,Scheduled,2025-10-03,2025-10-09,2025-10-12,2025-10-11,Completed,Dispatched,Paid,40294.75,0,SP10,0.348872248,6,1,No
ORD01266,2025-07-27,CUST118,National Traders,Logistics,Vijayawada,Andhra Pradesh,South,Small,P003,Protective Packaging,Bubble Wrap Roll,Roll,9,924.16,0.02,8317.48,4440.36,3877.12,Express,2025-07-31,2025-08-05,2025-08-08,2025-08-03,Completed,Dispatched,Partially Paid,6220.53,2096.95,SP02,0.466141187,5,5,No
ORD01267,2025-11-06,CUST046,Shree Pvt Ltd,Logistics,Noida,Uttar Pradesh,North,Small,P011,Customized Carton Boxes,5-Ply Corrugated Box,Nos,27,53.29,0.08,1438.96,929.91,509.05,Scheduled,2025-11-11,2025-11-15,2025-11-18,2025-11-15,Completed,Dispatched,Paid,1438.96,0,SP03,0.35376244,4,3,No
ORD01268,2025-08-19,CUST002,Global Pvt Ltd,FMCG,Noida,Uttar Pradesh,North,Large,P007,Pallet Solutions,Wooden Pallet,Nos,25,964.47,0,24111.68,15526.82,8584.86,Express,2025-08-25,2025-09-01,2025-09-02,2025-08-28,Completed,Dispatched,Outstanding,1760.55,22351.13,SP12,0.356045701,7,5,No
ORD01269,2025-08-27,CUST001,Prime Industries,Textiles,Patna,Bihar,East,Small,P007,Pallet Solutions,Wooden Pallet,Nos,9,962.81,0.05,8665.32,5472,3193.32,Express,2025-08-31,2025-09-02,2025-09-05,2025-09-03,Completed,Dispatched,Outstanding,486.17,8179.15,SP08,0.368517262,2,2,No
ORD01270,2025-07-17,CUST113,Vertex Manufacturing,FMCG,Pune,Maharashtra,West,Medium,P012,Customized Carton Boxes,7-Ply Corrugated Box,Nos,11,94.84,0.08,1043.22,636.72,406.5,Express,2025-07-22,2025-07-23,2025-07-27,2025-07-26,Completed,Dispatched,Paid,1043.22,0,SP06,0.389658941,1,1,No
ORD01271,2025-04-10,CUST097,Vertex Pvt Ltd,Electronics,Kochi,Kerala,South,Medium,P005,Stretch / Film Solutions,Stretch Film Roll,Roll,54,572.61,0.02,30920.72,19667.08,11253.64,Scheduled,2025-04-14,2025-04-19,2025-04-20,2025-04-15,Completed,Dispatched,Partially Paid,17123.98,13796.74,SP09,0.363951422,5,5,No
ORD01272,2025-07-10,CUST035,United Industries,FMCG,Ludhiana,Punjab,North,Medium,P005,Stretch / Film Solutions,Stretch Film Roll,Roll,17,602.14,0.02,10236.39,6397.84,3838.55,Scheduled,2025-07-12,2025-07-16,2025-07-19,2025-07-20,Completed,Dispatched,Paid,10236.39,0,SP10,0.374990597,4,0,Yes
ORD01273,2025-03-05,CUST114,United Pvt Ltd,Chemicals,Indore,Madhya Pradesh,Central,Large,P006,Stretch / Film Solutions,Shrink Film Roll,Roll,99,831.29,0.03,82297.95,44198.89,38099.06,Standard,2025-03-10,2025-03-17,2025-03-20,2025-03-16,Completed,Dispatched,Partially Paid,61678.84,20619.11,SP07,0.462940571,7,4,No
ORD01274,2025-06-19,CUST100,Sunrise Traders,Retail,Jaipur,Rajasthan,North,Large,P011,Customized Carton Boxes,5-Ply Corrugated Box,Nos,14,56.18,0.05,786.52,491.78,294.74,Standard,2025-06-24,2025-06-30,2025-07-02,2025-06-26,In Production,Dispatched,Paid,786.52,0,SP01,0.374739358,6,6,No
ORD01275,2025-01-23,CUST089,Shree Manufacturing,Electronics,Chandigarh,Chandigarh,North,Small,P004,Protective Packaging,EPE Foam Roll,Roll,14,1407.31,0.05,19702.39,12202.99,7499.4,Express,2025-01-27,2025-01-28,2025-01-29,2025-01-31,Completed,Dispatched,Partially Paid,11207.16,8495.23,SP04,0.380634025,1,0,Yes
ORD01276,2025-01-01,CUST092,Metro Industries,FMCG,Coimbatore,Tamil Nadu,South,Medium,P002,Strapping Solutions,PET Strapping Roll,Kg,50,136.82,0.03,6841.19,3489.76,3351.43,Standard,2025-01-03,2025-01-05,2025-01-05,2025-01-10,In Production,Dispatched,Paid,6841.19,0,SP11,0.489889917,2,0,Yes
ORD01277,2025-08-24,CUST086,Apex Manufacturing,Engineering,Chennai,Tamil Nadu,South,Medium,P002,Strapping Solutions,PET Strapping Roll,Kg,55,126.26,0.02,6944.28,4152.09,2792.19,Scheduled,2025-08-28,2025-09-02,2025-09-04,2025-09-05,Completed,Dispatched,Paid,6944.28,0,SP06,0.402084881,5,0,Yes
ORD01278,2025-09-27,CUST061,Apex Industries,Logistics,Ludhiana,Punjab,North,Large,P002,Strapping Solutions,PET Strapping Roll,Kg,145,136.3,0,19763.56,11001.26,8762.3,Express,2025-09-30,2025-10-06,2025-10-10,2025-10-10,In Production,Dispatched,Partially Paid,7092.95,12670.61,SP05,0.443356359,6,0,Yes
ORD01279,2025-06-18,CUST018,Sunrise Traders,Chemicals,Hyderabad,Telangana,South,Small,P010,Packaging Tools & Equipment,Battery Strapping Machine,Nos,9,37853.89,0.03,340685.03,248361.17,92323.86,Standard,2025-06-24,2025-06-27,2025-07-06,2025-06-29,Completed,Dispatched,Outstanding,11427.86,329257.17,SP04,0.270994766,3,7,No
ORD01280,2025-08-26,CUST094,Sunrise Traders,Engineering,Bhubaneswar,Odisha,East,Medium,P003,Protective Packaging,Bubble Wrap Roll,Roll,18,809.61,0.02,14572.9,8913.75,5659.15,Standard,2025-08-29,2025-08-30,2025-09-03,2025-09-08,Completed,Dispatched,Paid,14572.9,0,SP03,0.388333825,1,0,Yes
ORD01281,2025-11-16,CUST111,National Manufacturing,Automotive,Bengaluru,Karnataka,South,Small,P009,Packaging Tools & Equipment,Manual Strapping Tool,Nos,38,3396.7,0.02,129074.78,87142.19,41932.59,Express,2025-11-21,2025-11-27,2025-11-27,2025-11-26,Completed,Dispatched,Paid,129074.78,0,SP01,0.324870513,6,1,No
ORD01282,2025-06-20,CUST039,Shree Logistics,Retail,Bhopal,Madhya Pradesh,Central,Small,P011,Customized Carton Boxes,5-Ply Corrugated Box,Nos,12,60.95,0.05,731.38,403.88,327.5,Standard,2025-06-24,2025-06-25,2025-06-27,2025-06-28,Pending,Dispatched,Outstanding,47.19,684.19,SP05,0.447783642,1,0,Yes
ORD01283,2025-05-05,CUST081,Vertex Industries,Engineering,Indore,Madhya Pradesh,Central,Large,P001,Strapping Solutions,PP Strapping Roll,Meter,100,93.35,0.05,9334.78,5702.47,3632.31,Standard,2025-05-11,2025-05-18,2025-05-19,2025-05-15,Completed,Dispatched,Paid,9334.78,0,SP12,0.389115758,7,4,No
ORD01284,2025-01-05,CUST058,Sunrise Pvt Ltd,Chemicals,Jaipur,Rajasthan,North,Large,P012,Customized Carton Boxes,7-Ply Corrugated Box,Nos,40,83.84,0.05,3353.5,2218.67,1134.83,Standard,2025-01-08,2025-01-13,2025-01-16,2025-01-17,In Production,Dispatched,Partially Paid,1176.52,2176.98,SP01,0.33840167,5,0,Yes
ORD01285,2025-03-10,CUST060,Om Pvt Ltd,Chemicals,Pune,Maharashtra,West,Small,P012,Customized Carton Boxes,7-Ply Corrugated Box,Nos,8,90.68,0.03,725.44,436.26,289.18,Standard,2025-03-14,2025-03-21,2025-03-23,2025-03-20,Completed,Dispatched,Paid,725.44,0,SP10,0.39862704,7,3,No
ORD01286,2025-02-12,CUST067,Metro Manufacturing,Textiles,Delhi,Delhi,North,Medium,P002,Strapping Solutions,PET Strapping Roll,Kg,50,134.43,0,6721.54,3666.88,3054.66,Scheduled,2025-02-14,2025-02-19,2025-02-19,2025-02-20,In Production,Dispatched,Partially Paid,3947.88,2773.66,SP09,0.454458353,5,0,Yes
ORD01287,2025-02-06,CUST101,Vertex Manufacturing,Electronics,Jaipur,Rajasthan,North,Medium,P014,Material Handling,Hand Pallet Truck,Nos,38,20625.65,0,783774.52,494150.51,289624.01,Express,2025-02-12,2025-02-15,2025-02-16,2025-02-12,In Production,Dispatched,Paid,783774.52,0,SP10,0.369524656,3,4,No
ORD01288,2025-04-25,CUST022,United Manufacturing,Textiles,Patna,Bihar,East,Small,P003,Protective Packaging,Bubble Wrap Roll,Roll,10,836.56,0,8365.62,5310.19,3055.43,Scheduled,2025-04-29,2025-04-30,2025-05-03,2025-05-05,Completed,Dispatched,Partially Paid,3910.6,4455.02,SP07,0.365236528,1,0,Yes
ORD01289,2025-08-03,CUST013,Prime Industries,Electronics,Delhi,Delhi,North,Medium,P006,Stretch / Film Solutions,Shrink Film Roll,Roll,18,726.64,0.08,13079.56,7961.13,5118.43,Standard,2025-08-06,2025-08-13,2025-08-15,2025-08-13,Completed,Dispatched,Partially Paid,7652.5,5427.06,SP03,0.391330442,7,2,No
ORD01290,2025-02-25,CUST077,Shree Industries,FMCG,Vijayawada,Andhra Pradesh,South,Large,P007,Pallet Solutions,Wooden Pallet,Nos,9,917.69,0.03,8259.21,5292.05,2967.16,Express,2025-03-02,2025-03-04,2025-03-05,2025-03-03,Completed,Dispatched,Paid,8259.21,0,SP02,0.359254699,2,2,No
ORD01291,2025-11-26,CUST110,Om Manufacturing,Retail,Chennai,Tamil Nadu,South,Medium,P010,Packaging Tools & Equipment,Battery Strapping Machine,Nos,67,37755.41,0.08,2529612.78,1975686.48,553926.3,Express,2025-12-02,2025-12-08,2025-12-12,2025-12-05,Completed,Dispatched,Paid,2529612.78,0,SP04,0.218976716,6,7,No
ORD01292,2025-06-26,CUST099,Prime Pvt Ltd,Textiles,Ludhiana,Punjab,North,Large,P005,Stretch / Film Solutions,Stretch Film Roll,Roll,23,686.39,0,15786.86,8755.35,7031.51,Standard,2025-06-28,2025-06-29,2025-06-29,2025-07-05,In Production,Dispatched,Paid,15786.86,0,SP06,0.445402696,1,0,Yes
ORD01293,2025-12-29,CUST020,Shree Industries,Electronics,Bengaluru,Karnataka,South,Large,P002,Strapping Solutions,PET Strapping Roll,Kg,255,123.88,0.02,31588.78,18344.45,13244.33,Express,2026-01-03,2026-01-09,2026-01-11,2026-01-12,Completed,Pending,Outstanding,441.69,31147.09,SP03,0.419273236,6,0,Yes
ORD01294,2025-01-22,CUST029,Prime Pvt Ltd,Chemicals,Mumbai,Maharashtra,West,Medium,P013,Material Handling,Platform Trolley,Nos,10,7048.41,0.08,70484.11,57051.37,13432.74,Standard,2025-01-25,2025-01-27,2025-01-31,2025-02-05,Completed,Dispatched,Paid,70484.11,0,SP11,0.190578274,2,0,Yes
ORD01295,2025-07-04,CUST009,Prime Industries,Retail,Ludhiana,Punjab,North,Small,P012,Customized Carton Boxes,7-Ply Corrugated Box,Nos,16,95.97,0.08,1535.54,887.52,648.02,Scheduled,2025-07-08,2025-07-15,2025-07-19,2025-07-14,Completed,Dispatched,Partially Paid,628.22,907.32,SP11,0.422014405,7,5,No
ORD01296,2025-09-16,CUST028,United Logistics,Textiles,Bhubaneswar,Odisha,East,Large,P006,Stretch / Film Solutions,Shrink Film Roll,Roll,7,726.84,0.03,5087.87,3353.42,1734.45,Scheduled,2025-09-20,2025-09-25,2025-09-28,2025-09-29,Completed,Dispatched,Paid,5087.87,0,SP10,0.34089904,5,0,Yes
ORD01297,2025-10-08,CUST063,Prime Logistics,FMCG,Bhopal,Madhya Pradesh,Central,Large,P001,Strapping Solutions,PP Strapping Roll,Meter,210,93.64,0.08,19664.7,11591.38,8073.32,Express,2025-10-12,2025-10-17,2025-10-20,2025-10-13,Completed,Dispatched,Paid,19664.7,0,SP08,0.410548851,5,7,No
ORD01298,2025-11-08,CUST092,Metro Industries,FMCG,Coimbatore,Tamil Nadu,South,Medium,P003,Protective Packaging,Bubble Wrap Roll,Roll,32,919.38,0,29420.22,16611.59,12808.63,Scheduled,2025-11-14,2025-11-16,2025-11-18,2025-11-22,Completed,Dispatched,Outstanding,1012.67,28407.55,SP05,0.43536826,2,0,Yes
ORD01299,2025-07-22,CUST070,National Logistics,Textiles,Coimbatore,Tamil Nadu,South,Small,P003,Protective Packaging,Bubble Wrap Roll,Roll,15,762.62,0.1,11439.34,7871.22,3568.12,Express,2025-07-26,2025-07-27,2025-08-05,2025-07-30,Completed,Dispatched,Paid,11439.34,0,SP09,0.311916597,1,6,No
ORD01300,2025-10-07,CUST062,Global Industries,Chemicals,Kochi,Kerala,South,Small,P006,Stretch / Film Solutions,Shrink Film Roll,Roll,44,762.5,0.1,33549.97,19875.42,13674.55,Scheduled,2025-10-12,2025-10-13,2025-10-17,2025-10-16,Completed,Dispatched,Paid,33549.97,0,SP09,0.407587548,1,1,No
ORD01301,2025-05-28,CUST030,Metro Industries,Textiles,Patna,Bihar,East,Medium,P006,Stretch / Film Solutions,Shrink Film Roll,Roll,11,817.81,0.05,8995.9,4808.96,4186.94,Express,2025-05-30,2025-06-06,2025-06-07,2025-06-08,Completed,Dispatched,Paid,8995.9,0,SP02,0.465427584,7,0,Yes
ORD01302,2025-06-18,CUST081,Vertex Industries,Engineering,Indore,Madhya Pradesh,Central,Large,P007,Pallet Solutions,Wooden Pallet,Nos,41,902.1,0.02,36986,25924.73,11061.27,Express,2025-06-21,2025-06-25,2025-06-29,2025-06-24,Completed,Dispatched,Paid,36986,0,SP04,0.299066404,4,5,No
ORD01303,2025-03-25,CUST064,Sunrise Industries,Electronics,Noida,Uttar Pradesh,North,Large,P007,Pallet Solutions,Wooden Pallet,Nos,11,902.99,0.08,9932.93,7010.57,2922.36,Standard,2025-03-29,2025-03-30,2025-04-01,2025-04-03,Completed,Dispatched,Paid,9932.93,0,SP01,0.294209262,1,0,Yes
ORD01304,2025-05-03,CUST049,Metro Enterprises,Retail,Chennai,Tamil Nadu,South,Medium,P011,Customized Carton Boxes,5-Ply Corrugated Box,Nos,45,63.31,0.03,2849.04,1471.4,1377.64,Scheduled,2025-05-05,2025-05-12,2025-05-19,2025-05-10,Completed,Dispatched,Paid,2849.04,0,SP02,0.483545335,7,9,No
ORD01305,2025-09-04,CUST022,United Manufacturing,Textiles,Patna,Bihar,East,Small,P012,Customized Carton Boxes,7-Ply Corrugated Box,Nos,57,101.78,0.03,5801.73,3107.82,2693.91,Scheduled,2025-09-10,2025-09-13,2025-09-13,2025-09-14,Completed,Dispatched,Paid,5801.73,0,SP01,0.464328743,3,0,Yes
ORD01306,2025-11-14,CUST072,United Logistics,Textiles,Bhopal,Madhya Pradesh,Central,Large,P013,Material Handling,Platform Trolley,Nos,21,8171.87,0.03,171609.21,110439.26,61169.95,Standard,2025-11-16,2025-11-17,2025-11-18,2025-11-21,Completed,Dispatched,Partially Paid,103416.53,68192.68,SP06,0.356449109,1,0,Yes
ORD01307,2025-07-19,CUST056,National Enterprises,Automotive,Vijayawada,Andhra Pradesh,South,Small,P009,Packaging Tools & Equipment,Manual Strapping Tool,Nos,137,3535.8,0,484404.47,294434.35,189970.12,Standard,2025-07-24,2025-07-25,2025-07-29,2025-07-30,Completed,Dispatched,Paid,484404.47,0,SP11,0.392172516,1,0,Yes
ORD01308,2025-09-11,CUST075,Global Traders,Textiles,Coimbatore,Tamil Nadu,South,Large,P003,Protective Packaging,Bubble Wrap Roll,Roll,8,838.23,0,6705.88,4176.63,2529.25,Express,2025-09-17,2025-09-24,2025-09-27,2025-09-22,Completed,Dispatched,Outstanding,3.74,6702.14,SP01,0.377168992,7,5,No
ORD01309,2025-12-07,CUST001,Prime Industries,Textiles,Patna,Bihar,East,Small,P009,Packaging Tools & Equipment,Manual Strapping Tool,Nos,8,3220,0.08,25759.96,17722.11,8037.85,Standard,2025-12-11,2025-12-17,2025-12-19,2025-12-18,Completed,Dispatched,Paid,25759.96,0,SP10,0.312028823,6,1,No
ORD01310,2025-09-24,CUST021,National Pvt Ltd,Logistics,Ludhiana,Punjab,North,Medium,P005,Stretch / Film Solutions,Stretch Film Roll,Roll,16,629.32,0,10069.19,5763.84,4305.35,Scheduled,2025-09-30,2025-10-07,2025-10-12,2025-10-08,Completed,Dispatched,Paid,10069.19,0,SP01,0.427576598,7,4,No
ORD01311,2025-11-23,CUST024,Sunrise Logistics,Retail,Kolkata,West Bengal,East,Medium,P011,Customized Carton Boxes,5-Ply Corrugated Box,Nos,12,62.98,0.05,755.7,393.96,361.74,Standard,2025-11-27,2025-11-29,2025-12-01,2025-12-06,Completed,Dispatched,Partially Paid,555.92,199.78,SP12,0.478682017,2,0,Yes
ORD01312,2025-05-13,CUST110,Om Manufacturing,Retail,Chennai,Tamil Nadu,South,Medium,P002,Strapping Solutions,PET Strapping Roll,Kg,130,112.83,0.1,14667.45,9015.11,5652.34,Express,2025-05-18,2025-05-20,2025-05-22,2025-05-23,Pending,Dispatched,Outstanding,678.48,13988.97,SP07,0.385366236,2,0,Yes
ORD01313,2025-01-12,CUST074,Global Traders,FMCG,Surat,Gujarat,West,Small,P011,Customized Carton Boxes,5-Ply Corrugated Box,Nos,23,54.54,0.05,1254.4,828.28,426.12,Express,2025-01-14,2025-01-17,2025-01-19,2025-01-19,In Production,Dispatched,Outstanding,21.33,1233.07,SP06,0.339700255,3,0,Yes
ORD01314,2025-06-12,CUST054,Prime Industries,Chemicals,Coimbatore,Tamil Nadu,South,Small,P004,Protective Packaging,EPE Foam Roll,Roll,8,1363.94,0.05,10911.5,7376.88,3534.62,Scheduled,2025-06-14,2025-06-16,2025-06-20,2025-06-20,Completed,Dispatched,Paid,10911.5,0,SP02,0.323935298,2,0,Yes
ORD01315,2025-12-31,CUST044,Apex Industries,Automotive,Noida,Uttar Pradesh,North,Small,P003,Protective Packaging,Bubble Wrap Roll,Roll,20,830.43,0.05,16608.69,10647.66,5961.03,Express,2026-01-06,2026-01-11,2026-01-15,2026-01-09,Completed,Pending,Paid,16608.69,0,SP02,0.358910305,5,6,No
ORD01316,2025-12-03,CUST045,Apex Traders,FMCG,Ahmedabad,Gujarat,West,Large,P008,Pallet Solutions,Plastic Pallet,Nos,56,2404.42,0.1,134647.7,89489.87,45157.83,Scheduled,2025-12-07,2025-12-10,2025-12-16,2025-12-10,Completed,Dispatched,Outstanding,7293.76,127353.94,SP02,0.335377656,3,6,No
ORD01317,2025-05-16,CUST083,Metro Industries,Engineering,Jaipur,Rajasthan,North,Small,P001,Strapping Solutions,PP Strapping Roll,Meter,100,90.76,0.03,9075.76,5804.45,3271.31,Express,2025-05-19,2025-05-24,2025-05-31,2025-05-24,Completed,Dispatched,Outstanding,1105.77,7969.99,SP04,0.360444745,5,7,No
ORD01318,2025-12-29,CUST069,United Logistics,FMCG,Mumbai,Maharashtra,West,Small,P012,Customized Carton Boxes,7-Ply Corrugated Box,Nos,60,100.64,0,6038.39,3444.75,2593.64,Scheduled,2026-01-01,2026-01-03,2026-01-07,2026-01-06,Completed,Pending,Paid,6038.39,0,SP04,0.429525089,2,1,No
ORD01319,2025-01-31,CUST006,Vertex Enterprises,Electronics,Patna,Bihar,East,Medium,P001,Strapping Solutions,PP Strapping Roll,Meter,1300,99.92,0.03,129893.8,73509.99,56383.81,Express,2025-02-05,2025-02-07,2025-02-11,2025-02-11,Completed,Dispatched,Paid,129893.8,0,SP05,0.434076222,2,0,Yes
ORD01320,2025-05-08,CUST003,Prime Logistics,Retail,Coimbatore,Tamil Nadu,South,Small,P006,Stretch / Film Solutions,Shrink Film Roll,Roll,31,858.27,0.05,26606.5,14895.76,11710.74,Standard,2025-05-14,2025-05-21,2025-05-21,2025-05-19,Completed,Dispatched,Paid,26606.5,0,SP12,0.440145829,7,2,No
ORD01321,2025-05-10,CUST052,United Manufacturing,Retail,Coimbatore,Tamil Nadu,South,Small,P007,Pallet Solutions,Wooden Pallet,Nos,7,995.24,0.08,6966.68,4377.05,2589.63,Standard,2025-05-13,2025-05-18,2025-05-22,2025-05-24,Completed,Dispatched,Paid,6966.68,0,SP11,0.371716513,5,0,Yes
ORD01322,2025-07-22,CUST046,Shree Pvt Ltd,Logistics,Noida,Uttar Pradesh,North,Small,P001,Strapping Solutions,PP Strapping Roll,Meter,100,95.5,0.05,9549.83,5543.95,4005.88,Standard,2025-07-25,2025-07-27,2025-07-29,2025-07-28,Completed,Dispatched,Partially Paid,3751,5798.83,SP08,0.419471341,2,1,No
ORD01323,2025-03-15,CUST008,Metro Traders,Pharmaceuticals,Chennai,Tamil Nadu,South,Small,P012,Customized Carton Boxes,7-Ply Corrugated Box,Nos,23,99.54,0,2289.42,1330.23,959.19,Scheduled,2025-03-18,2025-03-24,2025-03-24,2025-03-25,Completed,Dispatched,Paid,2289.42,0,SP04,0.418966376,6,0,Yes
ORD01324,2025-11-22,CUST017,Global Logistics,Electronics,Patna,Bihar,East,Small,P011,Customized Carton Boxes,5-Ply Corrugated Box,Nos,7,63.06,0.08,441.41,229.29,212.12,Express,2025-11-25,2025-11-27,2025-11-30,2025-12-02,Completed,Dispatched,Outstanding,62.84,378.57,SP01,0.480550962,2,0,Yes
ORD01325,2025-05-10,CUST120,Prime Manufacturing,Pharmaceuticals,Coimbatore,Tamil Nadu,South,Small,P007,Pallet Solutions,Wooden Pallet,Nos,24,1012.68,0.08,24304.33,15253.8,9050.53,Express,2025-05-12,2025-05-16,2025-05-21,2025-05-17,Completed,Dispatched,Paid,24304.33,0,SP03,0.372383439,4,4,No
ORD01326,2025-05-26,CUST006,Vertex Enterprises,Electronics,Patna,Bihar,East,Medium,P006,Stretch / Film Solutions,Shrink Film Roll,Roll,31,822.51,0.05,25497.66,13929.81,11567.85,Scheduled,2025-05-30,2025-06-01,2025-06-04,2025-05-31,Completed,Dispatched,Paid,25497.66,0,SP04,0.453682809,2,4,No
ORD01327,2025-08-19,CUST017,Global Logistics,Electronics,Patna,Bihar,East,Small,P001,Strapping Solutions,PP Strapping Roll,Meter,250,101.72,0.03,25429.61,13344.73,12084.88,Standard,2025-08-22,2025-08-28,2025-08-30,2025-08-31,Completed,Dispatched,Paid,25429.61,0,SP11,0.47522868,6,0,Yes
ORD01328,2025-09-06,CUST050,Prime Industries,Retail,Pune,Maharashtra,West,Large,P003,Protective Packaging,Bubble Wrap Roll,Roll,21,883.35,0.05,18550.4,11305.95,7244.45,Scheduled,2025-09-11,2025-09-13,2025-09-17,2025-09-19,Completed,Dispatched,Paid,18550.4,0,SP02,0.390527967,2,0,Yes
ORD01329,2025-05-20,CUST117,National Pvt Ltd,Textiles,Gurugram,Haryana,North,Large,P014,Material Handling,Hand Pallet Truck,Nos,61,20584.94,0.02,1255681.18,806307.68,449373.5,Standard,2025-05-26,2025-06-02,2025-06-10,2025-05-31,Pending,Dispatched,Paid,1255681.18,0,SP11,0.35787229,7,10,No
ORD01330,2025-10-12,CUST093,Om Traders,Automotive,Bhopal,Madhya Pradesh,Central,Small,P006,Stretch / Film Solutions,Shrink Film Roll,Roll,9,776.89,0,6991.99,4290.38,2701.61,Scheduled,2025-10-18,2025-10-23,2025-10-27,2025-10-19,Pending,Dispatched,Paid,6991.99,0,SP09,0.386386422,5,8,No
ORD01331,2025-08-03,CUST064,Sunrise Industries,Electronics,Noida,Uttar Pradesh,North,Large,P003,Protective Packaging,Bubble Wrap Roll,Roll,36,921.48,0,33173.17,18602.04,14571.13,Scheduled,2025-08-09,2025-08-12,2025-08-12,2025-08-15,Completed,Dispatched,Paid,33173.17,0,SP05,0.439244426,3,0,Yes
ORD01332,2025-10-28,CUST016,Shree Pvt Ltd,FMCG,Delhi,Delhi,North,Large,P008,Pallet Solutions,Plastic Pallet,Nos,44,2314.91,0.1,101855.99,73958.85,27897.14,Express,2025-10-31,2025-11-06,2025-11-09,2025-11-11,Completed,Dispatched,Paid,101855.99,0,SP01,0.273888065,6,0,Yes
ORD01333,2025-06-22,CUST105,United Pvt Ltd,Electronics,Hyderabad,Telangana,South,Large,P011,Customized Carton Boxes,5-Ply Corrugated Box,Nos,3,64.16,0,192.49,99.93,92.56,Standard,2025-06-26,2025-06-30,2025-07-01,2025-07-05,Completed,Dispatched,Outstanding,16.32,176.17,SP04,0.480856148,4,0,Yes
ORD01334,2025-07-30,CUST022,United Manufacturing,Textiles,Patna,Bihar,East,Small,P012,Customized Carton Boxes,7-Ply Corrugated Box,Nos,41,95.92,0.08,3932.73,2391.5,1541.23,Standard,2025-08-01,2025-08-03,2025-08-06,2025-08-10,Completed,Dispatched,Paid,3932.73,0,SP04,0.391898249,2,0,Yes
ORD01335,2025-04-20,CUST045,Apex Traders,FMCG,Ahmedabad,Gujarat,West,Large,P003,Protective Packaging,Bubble Wrap Roll,Roll,33,824.81,0.03,27218.67,16732.46,10486.21,Standard,2025-04-23,2025-04-26,2025-04-26,2025-04-25,In Production,Dispatched,Paid,27218.67,0,SP06,0.385257987,3,1,No
ORD01336,2025-05-02,CUST107,Om Traders,FMCG,Kochi,Kerala,South,Small,P001,Strapping Solutions,PP Strapping Roll,Meter,100,93.44,0,9344.27,5444.04,3900.23,Express,2025-05-08,2025-05-09,2025-05-09,2025-05-11,Completed,Dispatched,Paid,9344.27,0,SP12,0.417392691,1,0,Yes
ORD01337,2025-05-22,CUST097,Vertex Pvt Ltd,Electronics,Kochi,Kerala,South,Medium,P008,Pallet Solutions,Plastic Pallet,Nos,24,2560.96,0.05,61463.16,40865.64,20597.52,Scheduled,2025-05-28,2025-05-30,2025-05-30,2025-06-03,Completed,Dispatched,Paid,61463.16,0,SP10,0.335119769,2,0,Yes
ORD01338,2025-04-28,CUST106,Global Pvt Ltd,FMCG,Vijayawada,Andhra Pradesh,South,Medium,P012,Customized Carton Boxes,7-Ply Corrugated Box,Nos,14,99.42,0.03,1391.93,825.81,566.12,Scheduled,2025-05-04,2025-05-07,2025-05-07,2025-05-09,In Production,Dispatched,Partially Paid,898.57,493.36,SP10,0.406715855,3,0,Yes
ORD01339,2025-01-11,CUST100,Sunrise Traders,Retail,Jaipur,Rajasthan,North,Large,P005,Stretch / Film Solutions,Stretch Film Roll,Roll,9,575.73,0,5181.54,3322.83,1858.71,Standard,2025-01-15,2025-01-17,2025-01-18,2025-01-18,Completed,Dispatched,Paid,5181.54,0,SP05,0.358717679,2,0,Yes
ORD01340,2025-08-24,CUST033,Om Manufacturing,Pharmaceuticals,Kochi,Kerala,South,Medium,P001,Strapping Solutions,PP Strapping Roll,Meter,180,89.5,0,16109.28,10015.99,6093.29,Express,2025-08-26,2025-09-01,2025-09-04,2025-09-01,Completed,Dispatched,Partially Paid,9679.3,6429.98,SP11,0.378247197,6,3,No
ORD01341,2025-08-10,CUST016,Shree Pvt Ltd,FMCG,Delhi,Delhi,North,Large,P008,Pallet Solutions,Plastic Pallet,Nos,9,2512.31,0.05,22610.82,14904.08,7706.74,Express,2025-08-13,2025-08-19,2025-08-19,2025-08-17,Completed,Dispatched,Paid,22610.82,0,SP02,0.340843012,6,2,No
ORD01342,2025-02-13,CUST025,Global Logistics,Logistics,Noida,Uttar Pradesh,North,Small,P011,Customized Carton Boxes,5-Ply Corrugated Box,Nos,25,63.3,0.05,1582.57,882.5,700.07,Scheduled,2025-02-16,2025-02-18,2025-02-18,2025-02-20,Completed,Dispatched,Partially Paid,883.24,699.33,SP11,0.442362739,2,0,Yes
ORD01343,2025-09-29,CUST013,Prime Industries,Electronics,Delhi,Delhi,North,Medium,P001,Strapping Solutions,PP Strapping Roll,Meter,240,103.07,0.03,24736.35,13396.02,11340.33,Express,2025-10-05,2025-10-10,2025-10-12,2025-10-11,Pending,Dispatched,Paid,24736.35,0,SP03,0.458447993,5,1,No
ORD01344,2025-11-09,CUST079,Shree Manufacturing,Logistics,Indore,Madhya Pradesh,Central,Large,P011,Customized Carton Boxes,5-Ply Corrugated Box,Nos,26,55.69,0,1447.89,936.51,511.38,Express,2025-11-14,2025-11-17,2025-11-19,2025-11-18,In Production,Dispatched,Partially Paid,741.79,706.1,SP09,0.353189814,3,1,No
ORD01345,2025-08-27,CUST072,United Logistics,Textiles,Bhopal,Madhya Pradesh,Central,Large,P004,Protective Packaging,EPE Foam Roll,Roll,81,1431.41,0.02,115943.85,70816.09,45127.76,Standard,2025-08-29,2025-09-05,2025-09-09,2025-09-02,Completed,Dispatched,Paid,115943.85,0,SP09,0.389220817,7,7,No
ORD01346,2025-09-03,CUST052,United Manufacturing,Retail,Coimbatore,Tamil Nadu,South,Small,P012,Customized Carton Boxes,7-Ply Corrugated Box,Nos,23,95.83,0.05,2204.17,1293.58,910.59,Scheduled,2025-09-08,2025-09-14,2025-09-21,2025-09-10,Completed,Dispatched,Paid,2204.17,0,SP10,0.413121492,6,11,No
ORD01347,2025-10-06,CUST027,Om Industries,Retail,Chennai,Tamil Nadu,South,Medium,P005,Stretch / Film Solutions,Stretch Film Roll,Roll,5,627.16,0,3135.8,1883.49,1252.31,Standard,2025-10-08,2025-10-10,2025-10-20,2025-10-19,Completed,Dispatched,Paid,3135.8,0,SP01,0.399359015,2,1,No
ORD01348,2025-08-07,CUST027,Om Industries,Retail,Chennai,Tamil Nadu,South,Medium,P011,Customized Carton Boxes,5-Ply Corrugated Box,Nos,9,60.6,0.03,545.43,315.7,229.73,Express,2025-08-12,2025-08-19,2025-08-20,2025-08-14,Completed,Dispatched,Paid,545.43,0,SP02,0.42119062,7,6,No
ORD01349,2025-08-05,CUST119,National Traders,Engineering,Jaipur,Rajasthan,North,Medium,P012,Customized Carton Boxes,7-Ply Corrugated Box,Nos,16,100.7,0.02,1611.17,897.49,713.68,Standard,2025-08-11,2025-08-12,2025-08-14,2025-08-17,Completed,Dispatched,Partially Paid,571.34,1039.83,SP11,0.442957602,1,0,Yes
ORD01350,2025-12-20,CUST072,United Logistics,Textiles,Bhopal,Madhya Pradesh,Central,Large,P001,Strapping Solutions,PP Strapping Roll,Meter,390,102.78,0.05,40084.17,22468.66,17615.51,Express,2025-12-22,2025-12-29,2025-12-29,2025-12-26,Completed,Dispatched,Partially Paid,25059.92,15024.25,SP02,0.43946301,7,3,No
ORD01351,2025-08-13,CUST117,National Pvt Ltd,Textiles,Gurugram,Haryana,North,Large,P011,Customized Carton Boxes,5-Ply Corrugated Box,Nos,102,54.77,0.02,5586.37,3382.03,2204.34,Express,2025-08-19,2025-08-25,2025-08-27,2025-08-18,Completed,Dispatched,Paid,5586.37,0,SP07,0.394592553,6,9,No
ORD01352,2025-12-11,CUST093,Om Traders,Automotive,Bhopal,Madhya Pradesh,Central,Small,P006,Stretch / Film Solutions,Shrink Film Roll,Roll,27,765.06,0.1,20656.65,12992.34,7664.31,Scheduled,2025-12-13,2025-12-20,2025-12-24,2025-12-20,Completed,Dispatched,Paid,20656.65,0,SP10,0.371033541,7,4,No
ORD01353,2025-10-04,CUST110,Om Manufacturing,Retail,Chennai,Tamil Nadu,South,Medium,P004,Protective Packaging,EPE Foam Roll,Roll,74,1468.05,0.05,108635.95,65663.57,42972.38,Scheduled,2025-10-09,2025-10-12,2025-10-15,2025-10-17,Completed,Dispatched,Paid,108635.95,0,SP01,0.395563163,3,0,Yes
ORD01354,2025-06-10,CUST103,Apex Traders,Textiles,Coimbatore,Tamil Nadu,South,Small,P004,Protective Packaging,EPE Foam Roll,Roll,53,1460.98,0.02,77431.88,48304.78,29127.1,Express,2025-06-15,2025-06-19,2025-06-19,2025-06-23,Completed,Dispatched,Paid,77431.88,0,SP06,0.376164185,4,0,Yes
ORD01355,2025-11-22,CUST103,Apex Traders,Textiles,Coimbatore,Tamil Nadu,South,Small,P003,Protective Packaging,Bubble Wrap Roll,Roll,16,910.02,0.02,14560.3,8511.58,6048.72,Standard,2025-11-26,2025-11-27,2025-11-29,2025-12-05,Completed,Dispatched,Paid,14560.3,0,SP05,0.415425506,1,0,Yes
ORD01356,2025-09-19,CUST023,Vertex Logistics,Textiles,Noida,Uttar Pradesh,North,Large,P009,Packaging Tools & Equipment,Manual Strapping Tool,Nos,13,3169.48,0.03,41203.19,27408.23,13794.96,Scheduled,2025-09-22,2025-09-25,2025-09-27,2025-09-24,In Production,Dispatched,Partially Paid,26193.5,15009.69,SP08,0.334803203,3,3,No
ORD01357,2025-01-28,CUST114,United Pvt Ltd,Chemicals,Indore,Madhya Pradesh,Central,Large,P003,Protective Packaging,Bubble Wrap Roll,Roll,70,856.51,0.08,59955.8,37742.94,22212.86,Scheduled,2025-02-02,2025-02-04,2025-02-05,2025-02-08,Completed,Dispatched,Paid,59955.8,0,SP11,0.370487259,2,0,Yes
ORD01358,2025-09-27,CUST034,Vertex Logistics,Automotive,Bhopal,Madhya Pradesh,Central,Large,P002,Strapping Solutions,PET Strapping Roll,Kg,435,129.03,0,56127.45,32279.53,23847.92,Scheduled,2025-09-30,2025-10-02,2025-10-02,2025-10-02,Completed,Dispatched,Paid,56127.45,0,SP02,0.424888713,2,0,Yes
ORD01359,2025-10-12,CUST077,Shree Industries,FMCG,Vijayawada,Andhra Pradesh,South,Large,P012,Customized Carton Boxes,7-Ply Corrugated Box,Nos,18,100.06,0.08,1801.03,991.02,810.01,Standard,2025-10-18,2025-10-24,2025-10-24,2025-10-21,Completed,Dispatched,Partially Paid,989.45,811.58,SP09,0.4497482,6,3,No
ORD01360,2025-04-10,CUST025,Global Logistics,Logistics,Noida,Uttar Pradesh,North,Small,P003,Protective Packaging,Bubble Wrap Roll,Roll,21,858.44,0.1,18027.27,10630.13,7397.14,Scheduled,2025-04-15,2025-04-21,2025-04-22,2025-04-23,Completed,Dispatched,Paid,18027.27,0,SP07,0.410330571,6,0,Yes
ORD01361,2025-11-13,CUST107,Om Traders,FMCG,Kochi,Kerala,South,Small,P012,Customized Carton Boxes,7-Ply Corrugated Box,Nos,18,90.48,0,1628.59,981.87,646.72,Express,2025-11-17,2025-11-23,2025-11-24,2025-11-26,Completed,Dispatched,Partially Paid,583.5,1045.09,SP12,0.397104244,6,0,Yes
ORD01362,2025-03-08,CUST107,Om Traders,FMCG,Kochi,Kerala,South,Small,P001,Strapping Solutions,PP Strapping Roll,Meter,120,86.36,0.05,10362.88,6472.19,3890.69,Express,2025-03-12,2025-03-18,2025-03-22,2025-03-19,Completed,Dispatched,Partially Paid,3796.04,6566.84,SP05,0.375444857,6,3,No
ORD01363,2025-11-20,CUST097,Vertex Pvt Ltd,Electronics,Kochi,Kerala,South,Medium,P010,Packaging Tools & Equipment,Battery Strapping Machine,Nos,149,41963.73,0.05,6252595.36,4060530.98,2192064.38,Scheduled,2025-11-25,2025-11-27,2025-11-29,2025-11-30,In Production,Dispatched,Paid,6252595.36,0,SP06,0.350584718,2,0,Yes
ORD01364,2025-06-24,CUST094,Sunrise Traders,Engineering,Bhubaneswar,Odisha,East,Medium,P001,Strapping Solutions,PP Strapping Roll,Meter,520,105.55,0,54884.26,28342.88,26541.38,Express,2025-06-30,2025-07-06,2025-07-07,2025-07-03,In Production,Dispatched,Partially Paid,27491.99,27392.27,SP05,0.483588191,6,4,No
ORD01365,2025-05-29,CUST044,Apex Industries,Automotive,Noida,Uttar Pradesh,North,Small,P004,Protective Packaging,EPE Foam Roll,Roll,41,1589.27,0.05,65159.9,37830.91,27328.99,Scheduled,2025-06-04,2025-06-09,2025-06-13,2025-06-11,Completed,Dispatched,Paid,65159.9,0,SP12,0.419414241,5,2,No
ORD01366,2025-09-14,CUST048,Sunrise Manufacturing,FMCG,Vijayawada,Andhra Pradesh,South,Small,P005,Stretch / Film Solutions,Stretch Film Roll,Roll,35,633.57,0.03,22174.82,12997.97,9176.85,Scheduled,2025-09-20,2025-09-22,2025-09-24,2025-09-24,Completed,Dispatched,Paid,22174.82,0,SP06,0.413841014,2,0,Yes
ORD01367,2025-01-20,CUST101,Vertex Manufacturing,Electronics,Jaipur,Rajasthan,North,Medium,P011,Customized Carton Boxes,5-Ply Corrugated Box,Nos,36,61.14,0,2200.92,1268.56,932.36,Scheduled,2025-01-24,2025-01-30,2025-01-30,2025-01-29,In Production,Dispatched,Paid,2200.92,0,SP05,0.423622849,6,1,No
ORD01368,2025-10-28,CUST041,Metro Enterprises,Chemicals,Patna,Bihar,East,Medium,P003,Protective Packaging,Bubble Wrap Roll,Roll,19,803.79,0.08,15272.04,10155.47,5116.57,Scheduled,2025-11-01,2025-11-07,2025-11-07,2025-11-08,In Production,Dispatched,Partially Paid,9009.62,6262.42,SP08,0.335028588,6,0,Yes
ORD01369,2025-03-05,CUST006,Vertex Enterprises,Electronics,Patna,Bihar,East,Medium,P002,Strapping Solutions,PET Strapping Roll,Kg,65,127.35,0.1,8277.94,4690.73,3587.21,Express,2025-03-11,2025-03-12,2025-03-16,2025-03-13,Completed,Dispatched,Partially Paid,4238.29,4039.65,SP04,0.433345736,1,3,No
ORD01370,2025-01-21,CUST009,Prime Industries,Retail,Ludhiana,Punjab,North,Small,P011,Customized Carton Boxes,5-Ply Corrugated Box,Nos,5,54.93,0.05,274.67,176.93,97.74,Express,2025-01-26,2025-02-02,2025-02-02,2025-01-27,In Production,Dispatched,Paid,274.67,0,SP07,0.355845196,7,6,No
ORD01371,2025-02-18,CUST112,National Manufacturing,Chemicals,Chennai,Tamil Nadu,South,Medium,P011,Customized Carton Boxes,5-Ply Corrugated Box,Nos,24,59.93,0.05,1438.35,819.55,618.8,Standard,2025-02-23,2025-02-28,2025-03-03,2025-03-03,Completed,Dispatched,Paid,1438.35,0,SP01,0.430215177,5,0,Yes
ORD01372,2025-10-28,CUST110,Om Manufacturing,Retail,Chennai,Tamil Nadu,South,Medium,P008,Pallet Solutions,Plastic Pallet,Nos,11,2265.65,0.03,24922.13,17382.09,7540.04,Express,2025-10-30,2025-11-02,2025-11-05,2025-11-03,In Production,Dispatched,Paid,24922.13,0,SP06,0.302543964,3,2,No
ORD01373,2025-08-30,CUST102,Global Logistics,Textiles,Bengaluru,Karnataka,South,Medium,P005,Stretch / Film Solutions,Stretch Film Roll,Roll,22,625.44,0.05,13759.65,8013.14,5746.51,Express,2025-09-04,2025-09-07,2025-09-14,2025-09-13,In Production,Dispatched,Outstanding,759.34,13000.31,SP03,0.417634896,3,1,No
ORD01374,2025-01-30,CUST088,United Manufacturing,Electronics,Pune,Maharashtra,West,Medium,P012,Customized Carton Boxes,7-Ply Corrugated Box,Nos,8,88.97,0.05,711.79,434.97,276.82,Scheduled,2025-02-01,2025-02-04,2025-02-08,2025-02-05,In Production,Dispatched,Paid,711.79,0,SP05,0.388906841,3,3,No
ORD01375,2025-04-26,CUST093,Om Traders,Automotive,Bhopal,Madhya Pradesh,Central,Small,P012,Customized Carton Boxes,7-Ply Corrugated Box,Nos,39,85.89,0.03,3349.57,2258.21,1091.36,Scheduled,2025-04-29,2025-05-03,2025-05-07,2025-05-08,Completed,Dispatched,Paid,3349.57,0,SP03,0.325820926,4,0,Yes
ORD01376,2025-04-21,CUST067,Metro Manufacturing,Textiles,Delhi,Delhi,North,Medium,P007,Pallet Solutions,Wooden Pallet,Nos,25,983.71,0.08,24592.83,14889.63,9703.2,Standard,2025-04-27,2025-05-02,2025-05-11,2025-04-28,Completed,Dispatched,Paid,24592.83,0,SP12,0.394554022,5,13,No
ORD01377,2025-05-31,CUST117,National Pvt Ltd,Textiles,Gurugram,Haryana,North,Large,P003,Protective Packaging,Bubble Wrap Roll,Roll,6,797.05,0,4782.27,3201.47,1580.8,Express,2025-06-03,2025-06-08,2025-06-12,2025-06-11,Completed,Dispatched,Paid,4782.27,0,SP07,0.330554318,5,1,No
ORD01378,2025-08-08,CUST103,Apex Traders,Textiles,Coimbatore,Tamil Nadu,South,Small,P007,Pallet Solutions,Wooden Pallet,Nos,48,1019.29,0,48926.16,28450.18,20475.98,Standard,2025-08-13,2025-08-20,2025-08-20,2025-08-21,Completed,Dispatched,Paid,48926.16,0,SP01,0.418507809,7,0,Yes
ORD01379,2025-09-24,CUST016,Shree Pvt Ltd,FMCG,Delhi,Delhi,North,Large,P013,Material Handling,Platform Trolley,Nos,14,8339.06,0.02,116746.88,76966.3,39780.58,Standard,2025-09-27,2025-09-30,2025-10-03,2025-10-05,Completed,Dispatched,Outstanding,11994.13,104752.75,SP06,0.340742125,3,0,Yes
ORD01380,2025-04-19,CUST002,Global Pvt Ltd,FMCG,Noida,Uttar Pradesh,North,Large,P005,Stretch / Film Solutions,Stretch Film Roll,Roll,5,592,0,2959.99,1776.24,1183.75,Standard,2025-04-21,2025-04-23,2025-04-24,2025-04-28,Completed,Dispatched,Partially Paid,1552.5,1407.49,SP08,0.399916892,2,0,Yes
ORD01381,2025-11-17,CUST080,Vertex Industries,FMCG,Chennai,Tamil Nadu,South,Small,P011,Customized Carton Boxes,5-Ply Corrugated Box,Nos,43,63.25,0.05,2719.61,1480.7,1238.91,Scheduled,2025-11-22,2025-11-26,2025-11-30,2025-11-24,Pending,Dispatched,Partially Paid,1215.23,1504.38,SP01,0.455546935,4,6,No
ORD01382,2025-09-28,CUST053,United Manufacturing,FMCG,Gurugram,Haryana,North,Medium,P007,Pallet Solutions,Wooden Pallet,Nos,41,1004.21,0.08,41172.66,25557.68,15614.98,Standard,2025-10-03,2025-10-10,2025-10-11,2025-10-08,Completed,Dispatched,Partially Paid,21120.87,20051.79,SP04,0.37925604,7,3,No
ORD01383,2025-11-27,CUST062,Global Industries,Chemicals,Kochi,Kerala,South,Small,P007,Pallet Solutions,Wooden Pallet,Nos,79,869.3,0.1,68674.55,48533.03,20141.52,Scheduled,2025-12-01,2025-12-06,2025-12-10,2025-12-02,Completed,Dispatched,Partially Paid,34151.66,34522.89,SP10,0.293289435,5,8,No
ORD01384,2025-12-29,CUST109,National Enterprises,FMCG,Pune,Maharashtra,West,Medium,P011,Customized Carton Boxes,5-Ply Corrugated Box,Nos,67,63.37,0,4245.99,2288.37,1957.62,Express,2025-12-31,2026-01-07,2026-01-09,2026-01-07,In Production,Pending,Partially Paid,2857.25,1388.74,SP10,0.461051486,7,2,No
ORD01385,2025-12-28,CUST102,Global Logistics,Textiles,Bengaluru,Karnataka,South,Medium,P007,Pallet Solutions,Wooden Pallet,Nos,3,1010.59,0,3031.77,1881.96,1149.81,Scheduled,2026-01-03,2026-01-08,2026-01-11,2026-01-11,Completed,Pending,Partially Paid,1794.4,1237.37,SP12,0.379253703,5,0,Yes
ORD01386,2025-12-13,CUST087,Shree Manufacturing,FMCG,Noida,Uttar Pradesh,North,Medium,P002,Strapping Solutions,PET Strapping Roll,Kg,270,133.27,0.05,35982.79,20117.07,15865.72,Express,2025-12-18,2025-12-19,2025-12-23,2025-12-22,In Production,Dispatched,Paid,35982.79,0,SP10,0.440925231,1,1,No
ORD01387,2025-02-22,CUST080,Vertex Industries,FMCG,Chennai,Tamil Nadu,South,Small,P011,Customized Carton Boxes,5-Ply Corrugated Box,Nos,51,61.34,0,3128.2,1667.36,1460.84,Standard,2025-02-26,2025-02-27,2025-03-03,2025-03-03,In Production,Dispatched,Partially Paid,1326.3,1801.9,SP05,0.466990602,1,0,Yes
ORD01388,2025-03-14,CUST010,Metro Logistics,Textiles,Chandigarh,Chandigarh,North,Small,P009,Packaging Tools & Equipment,Manual Strapping Tool,Nos,4,3202.35,0.05,12809.41,8621.75,4187.66,Standard,2025-03-19,2025-03-23,2025-03-27,2025-03-27,Completed,Dispatched,Paid,12809.41,0,SP07,0.3269206,4,0,Yes
ORD01389,2025-11-24,CUST024,Sunrise Logistics,Retail,Kolkata,West Bengal,East,Medium,P014,Material Handling,Hand Pallet Truck,Nos,132,19646.35,0.1,2593318.48,1685157.01,908161.47,Scheduled,2025-11-26,2025-11-30,2025-12-03,2025-11-29,Completed,Dispatched,Paid,2593318.48,0,SP04,0.350192804,4,4,No
ORD01390,2025-06-16,CUST021,National Pvt Ltd,Logistics,Ludhiana,Punjab,North,Medium,P004,Protective Packaging,EPE Foam Roll,Roll,55,1379.7,0.08,75883.32,50812.73,25070.59,Scheduled,2025-06-22,2025-06-25,2025-07-02,2025-06-29,Completed,Dispatched,Partially Paid,55698.98,20184.34,SP02,0.33038341,3,3,No
ORD01391,2025-03-14,CUST014,National Industries,Retail,Ahmedabad,Gujarat,West,Medium,P013,Material Handling,Platform Trolley,Nos,55,7695.11,0.08,423231.26,298585.74,124645.52,Standard,2025-03-20,2025-03-25,2025-03-31,2025-03-24,Completed,Dispatched,Partially Paid,260019.51,163211.75,SP09,0.294509248,5,7,No
ORD01392,2025-07-15,CUST054,Prime Industries,Chemicals,Coimbatore,Tamil Nadu,South,Small,P010,Packaging Tools & Equipment,Battery Strapping Machine,Nos,11,42112.84,0.02,463241.26,318079.3,145161.96,Express,2025-07-21,2025-07-25,2025-07-27,2025-07-26,In Production,Dispatched,Paid,463241.26,0,SP02,0.313361465,4,1,No
ORD01393,2025-12-11,CUST017,Global Logistics,Electronics,Patna,Bihar,East,Small,P001,Strapping Solutions,PP Strapping Roll,Meter,1060,87.82,0,93092.28,56069.34,37022.94,Express,2025-12-14,2025-12-21,2025-12-22,2025-12-24,Completed,Dispatched,Outstanding,2681.63,90410.65,SP07,0.397701507,7,0,Yes
ORD01394,2025-10-05,CUST112,National Manufacturing,Chemicals,Chennai,Tamil Nadu,South,Medium,P008,Pallet Solutions,Plastic Pallet,Nos,21,2598.79,0,54574.58,34836.65,19737.93,Express,2025-10-08,2025-10-10,2025-10-14,2025-10-14,Completed,Dispatched,Outstanding,7852.38,46722.2,SP04,0.361668931,2,0,Yes
ORD01395,2025-01-01,CUST087,Shree Manufacturing,FMCG,Noida,Uttar Pradesh,North,Medium,P011,Customized Carton Boxes,5-Ply Corrugated Box,Nos,3,62.37,0.02,187.11,107.08,80.03,Express,2025-01-03,2025-01-09,2025-01-13,2025-01-12,In Production,Dispatched,Paid,187.11,0,SP09,0.427716317,6,1,No
ORD01396,2025-04-14,CUST026,Prime Manufacturing,Pharmaceuticals,Pune,Maharashtra,West,Large,P011,Customized Carton Boxes,5-Ply Corrugated Box,Nos,15,63.65,0.08,954.76,516.69,438.07,Scheduled,2025-04-16,2025-04-17,2025-04-18,2025-04-28,Pending,Dispatched,Partially Paid,535.74,419.02,SP11,0.458827349,1,0,Yes
ORD01397,2025-05-23,CUST024,Sunrise Logistics,Retail,Kolkata,West Bengal,East,Medium,P011,Customized Carton Boxes,5-Ply Corrugated Box,Nos,7,57.1,0.05,399.67,241.6,158.07,Scheduled,2025-05-25,2025-05-28,2025-06-01,2025-05-29,Completed,Dispatched,Paid,399.67,0,SP09,0.395501289,3,3,No
ORD01398,2025-04-11,CUST104,Om Logistics,Engineering,Chennai,Tamil Nadu,South,Medium,P012,Customized Carton Boxes,7-Ply Corrugated Box,Nos,7,101.26,0,708.84,377.72,331.12,Express,2025-04-17,2025-04-21,2025-04-28,2025-04-18,Completed,Dispatched,Paid,708.84,0,SP10,0.467129395,4,10,No
ORD01399,2025-05-25,CUST114,United Pvt Ltd,Chemicals,Indore,Madhya Pradesh,Central,Large,P001,Strapping Solutions,PP Strapping Roll,Meter,170,94.09,0,15995.75,9433.48,6562.27,Standard,2025-05-30,2025-06-01,2025-06-01,2025-06-06,Completed,Dispatched,Partially Paid,6476.32,9519.43,SP09,0.410250848,2,0,Yes
ORD01400,2025-02-17,CUST093,Om Traders,Automotive,Bhopal,Madhya Pradesh,Central,Small,P005,Stretch / Film Solutions,Stretch Film Roll,Roll,9,566.53,0.05,5098.78,3359.44,1739.34,Express,2025-02-22,2025-02-28,2025-03-03,2025-02-28,Pending,Dispatched,Paid,5098.78,0,SP01,0.341128662,6,3,No
ORD01401,2025-07-23,CUST073,Vertex Industries,Chemicals,Patna,Bihar,East,Medium,P012,Customized Carton Boxes,7-Ply Corrugated Box,Nos,33,93.44,0.1,3083.52,1857.96,1225.56,Express,2025-07-29,2025-08-04,2025-08-11,2025-08-01,Completed,Dispatched,Paid,3083.52,0,SP12,0.397454857,6,10,No
ORD01402,2025-03-29,CUST018,Sunrise Traders,Chemicals,Hyderabad,Telangana,South,Small,P001,Strapping Solutions,PP Strapping Roll,Meter,200,100.47,0.05,20094.44,11290.96,8803.48,Standard,2025-04-01,2025-04-04,2025-04-07,2025-04-04,In Production,Dispatched,Paid,20094.44,0,SP02,0.438105267,3,3,No
ORD01403,2025-11-05,CUST095,Vertex Industries,Retail,Bhubaneswar,Odisha,East,Large,P012,Customized Carton Boxes,7-Ply Corrugated Box,Nos,30,90.89,0.02,2726.63,1707.27,1019.36,Scheduled,2025-11-08,2025-11-09,2025-11-12,2025-11-11,Completed,Dispatched,Partially Paid,1464.45,1262.18,SP10,0.373853438,1,1,No
ORD01404,2025-06-26,CUST067,Metro Manufacturing,Textiles,Delhi,Delhi,North,Medium,P005,Stretch / Film Solutions,Stretch Film Roll,Roll,32,589.5,0.02,18863.85,11165.35,7698.5,Standard,2025-07-01,2025-07-02,2025-07-03,2025-07-04,In Production,Dispatched,Paid,18863.85,0,SP12,0.408108631,1,0,Yes
ORD01405,2025-03-28,CUST042,National Manufacturing,FMCG,Surat,Gujarat,West,Medium,P007,Pallet Solutions,Wooden Pallet,Nos,8,1037.99,0.03,8303.91,4727.84,3576.07,Express,2025-04-03,2025-04-06,2025-04-06,2025-04-04,Completed,Dispatched,Paid,8303.91,0,SP05,0.430648935,3,2,No
ORD01406,2025-01-28,CUST056,National Enterprises,Automotive,Vijayawada,Andhra Pradesh,South,Small,P008,Pallet Solutions,Plastic Pallet,Nos,45,2617.99,0.03,117809.62,71646.99,46162.63,Express,2025-01-31,2025-02-04,2025-02-05,2025-02-06,Completed,Dispatched,Paid,117809.62,0,SP11,0.391840921,4,0,Yes
ORD01407,2025-09-20,CUST007,Shree Industries,Pharmaceuticals,Kolkata,West Bengal,East,Large,P006,Stretch / Film Solutions,Shrink Film Roll,Roll,24,806.63,0.08,19359.23,10772.16,8587.07,Scheduled,2025-09-23,2025-09-25,2025-09-25,2025-09-25,Completed,Dispatched,Outstanding,529.65,18829.58,SP04,0.443564646,2,0,Yes
ORD01408,2025-05-14,CUST020,Shree Industries,Electronics,Bengaluru,Karnataka,South,Large,P013,Material Handling,Platform Trolley,Nos,10,7444.86,0.05,74448.62,54514,19934.62,Express,2025-05-20,2025-05-24,2025-05-25,2025-05-28,Completed,Dispatched,Paid,74448.62,0,SP04,0.267763459,4,0,Yes
ORD01409,2025-10-04,CUST002,Global Pvt Ltd,FMCG,Noida,Uttar Pradesh,North,Large,P011,Customized Carton Boxes,5-Ply Corrugated Box,Nos,20,57.05,0.03,1140.96,653.93,487.03,Express,2025-10-07,2025-10-08,2025-10-12,2025-10-11,Pending,Dispatched,Paid,1140.96,0,SP12,0.426859837,1,1,No
ORD01410,2025-01-12,CUST114,United Pvt Ltd,Chemicals,Indore,Madhya Pradesh,Central,Large,P001,Strapping Solutions,PP Strapping Roll,Meter,160,90.18,0.02,14428.66,8993.62,5435.04,Express,2025-01-17,2025-01-24,2025-01-28,2025-01-25,Completed,Dispatched,Partially Paid,9090.7,5337.96,SP08,0.376683628,7,3,No
ORD01411,2025-05-01,CUST060,Om Pvt Ltd,Chemicals,Pune,Maharashtra,West,Small,P004,Protective Packaging,EPE Foam Roll,Roll,7,1567.31,0.08,10971.18,6021.98,4949.2,Standard,2025-05-06,2025-05-11,2025-05-12,2025-05-06,Completed,Dispatched,Paid,10971.18,0,SP11,0.451109179,5,6,No
ORD01412,2025-06-28,CUST094,Sunrise Traders,Engineering,Bhubaneswar,Odisha,East,Medium,P003,Protective Packaging,Bubble Wrap Roll,Roll,19,809,0,15370.93,9902.73,5468.2,Express,2025-07-02,2025-07-08,2025-07-09,2025-07-04,Completed,Dispatched,Paid,15370.93,0,SP02,0.355749457,6,5,No
ORD01413,2025-12-18,CUST102,Global Logistics,Textiles,Bengaluru,Karnataka,South,Medium,P005,Stretch / Film Solutions,Stretch Film Roll,Roll,13,569.27,0.05,7400.55,4776.13,2624.42,Scheduled,2025-12-22,2025-12-26,2025-12-30,2025-12-25,Completed,Dispatched,Partially Paid,3000.91,4399.64,SP07,0.354624994,4,5,No
ORD01414,2025-08-22,CUST008,Metro Traders,Pharmaceuticals,Chennai,Tamil Nadu,South,Small,P001,Strapping Solutions,PP Strapping Roll,Meter,110,101.02,0.02,11111.86,6232.93,4878.93,Scheduled,2025-08-28,2025-08-29,2025-09-02,2025-09-05,Completed,Dispatched,Paid,11111.86,0,SP01,0.439074106,1,0,Yes
ORD01415,2025-03-23,CUST113,Vertex Manufacturing,FMCG,Pune,Maharashtra,West,Medium,P013,Material Handling,Platform Trolley,Nos,14,8428.86,0.02,118004.11,79666.6,38337.51,Scheduled,2025-03-26,2025-03-27,2025-03-29,2025-03-28,Completed,Dispatched,Paid,118004.11,0,SP10,0.324882837,1,1,No
ORD01416,2025-12-21,CUST097,Vertex Pvt Ltd,Electronics,Kochi,Kerala,South,Medium,P009,Packaging Tools & Equipment,Manual Strapping Tool,Nos,13,3540.41,0.02,46025.29,28181.91,17843.38,Scheduled,2025-12-25,2025-12-30,2026-01-01,2025-12-28,Completed,Pending,Partially Paid,27698.31,18326.98,SP02,0.387686422,5,4,No
ORD01417,2025-05-26,CUST115,Metro Enterprises,Chemicals,Bhubaneswar,Odisha,East,Medium,P005,Stretch / Film Solutions,Stretch Film Roll,Roll,25,588.27,0,14706.63,9394.43,5312.2,Standard,2025-05-30,2025-06-03,2025-06-07,2025-06-08,In Production,Dispatched,Outstanding,787.4,13919.23,SP04,0.361211236,4,0,Yes
ORD01418,2025-10-06,CUST017,Global Logistics,Electronics,Patna,Bihar,East,Small,P003,Protective Packaging,Bubble Wrap Roll,Roll,50,874.43,0,43721.66,25268.1,18453.56,Express,2025-10-11,2025-10-15,2025-10-18,2025-10-18,Completed,Dispatched,Paid,43721.66,0,SP02,0.422069061,4,0,Yes
ORD01419,2025-11-11,CUST089,Shree Manufacturing,Electronics,Chandigarh,Chandigarh,North,Small,P011,Customized Carton Boxes,5-Ply Corrugated Box,Nos,26,57.74,0.03,1501.14,887.58,613.56,Express,2025-11-13,2025-11-19,2025-11-22,2025-11-23,Completed,Dispatched,Paid,1501.14,0,SP12,0.408729366,6,0,Yes
ORD01420,2025-03-20,CUST023,Vertex Logistics,Textiles,Noida,Uttar Pradesh,North,Large,P012,Customized Carton Boxes,7-Ply Corrugated Box,Nos,33,98.63,0.03,3254.71,1870.37,1384.34,Scheduled,2025-03-23,2025-03-26,2025-03-30,2025-04-03,Pending,Dispatched,Paid,3254.71,0,SP09,0.425334362,3,0,Yes
ORD01421,2025-01-01,CUST025,Global Logistics,Logistics,Noida,Uttar Pradesh,North,Small,P009,Packaging Tools & Equipment,Manual Strapping Tool,Nos,18,2971.46,0.03,53486.28,37798.24,15688.04,Express,2025-01-06,2025-01-12,2025-01-13,2025-01-09,Completed,Dispatched,Outstanding,7978.6,45507.68,SP12,0.293309611,6,4,No
ORD01422,2025-11-14,CUST047,Global Pvt Ltd,Logistics,Coimbatore,Tamil Nadu,South,Small,P002,Strapping Solutions,PET Strapping Roll,Kg,50,118.01,0.1,5900.46,3477.86,2422.6,Express,2025-11-18,2025-11-24,2025-11-29,2025-11-28,Completed,Dispatched,Outstanding,331.48,5568.98,SP03,0.410578158,6,1,No
ORD01423,2025-09-26,CUST095,Vertex Industries,Retail,Bhubaneswar,Odisha,East,Large,P005,Stretch / Film Solutions,Stretch Film Roll,Roll,16,685.38,0.05,10966.13,6025.11,4941.02,Standard,2025-10-01,2025-10-05,2025-10-09,2025-10-07,Completed,Dispatched,Partially Paid,4919.95,6046.18,SP11,0.450570985,4,2,No
ORD01424,2025-09-30,CUST046,Shree Pvt Ltd,Logistics,Noida,Uttar Pradesh,North,Small,P002,Strapping Solutions,PET Strapping Roll,Kg,555,124.05,0.02,68849.04,41072.61,27776.43,Express,2025-10-06,2025-10-13,2025-10-15,2025-10-11,Completed,Dispatched,Outstanding,4181.56,64667.48,SP02,0.403439612,7,4,No
ORD01425,2025-12-17,CUST021,National Pvt Ltd,Logistics,Ludhiana,Punjab,North,Medium,P010,Packaging Tools & Equipment,Battery Strapping Machine,Nos,18,40253.18,0.1,724557.26,511818,212739.26,Scheduled,2025-12-21,2025-12-23,2025-12-27,2025-12-27,In Production,Dispatched,Paid,724557.26,0,SP03,0.293612764,2,0,Yes
ORD01426,2025-07-26,CUST050,Prime Industries,Retail,Pune,Maharashtra,West,Large,P013,Material Handling,Platform Trolley,Nos,13,7816.77,0.08,101617.96,73371.7,28246.26,Scheduled,2025-08-01,2025-08-03,2025-08-04,2025-08-05,In Production,Dispatched,Paid,101617.96,0,SP12,0.277965234,2,0,Yes
ORD01427,2025-07-20,CUST069,United Logistics,FMCG,Mumbai,Maharashtra,West,Small,P012,Customized Carton Boxes,7-Ply Corrugated Box,Nos,28,85.17,0,2384.87,1625.63,759.24,Express,2025-07-24,2025-07-27,2025-07-27,2025-08-01,Pending,Dispatched,Outstanding,218.17,2166.7,SP11,0.318356975,3,0,Yes
ORD01428,2025-05-28,CUST054,Prime Industries,Chemicals,Coimbatore,Tamil Nadu,South,Small,P003,Protective Packaging,Bubble Wrap Roll,Roll,25,863.59,0.05,21589.66,12696.9,8892.76,Standard,2025-06-01,2025-06-03,2025-06-03,2025-06-05,Completed,Dispatched,Outstanding,1868.47,19721.19,SP08,0.411899029,2,0,Yes
ORD01429,2025-11-03,CUST026,Prime Manufacturing,Pharmaceuticals,Pune,Maharashtra,West,Large,P004,Protective Packaging,EPE Foam Roll,Roll,32,1598.37,0.03,51147.73,28523.85,22623.88,Express,2025-11-08,2025-11-10,2025-11-10,2025-11-11,Completed,Dispatched,Paid,51147.73,0,SP04,0.442324224,2,0,Yes
ORD01430,2025-07-21,CUST101,Vertex Manufacturing,Electronics,Jaipur,Rajasthan,North,Medium,P005,Stretch / Film Solutions,Stretch Film Roll,Roll,19,613.12,0,11649.32,6732.83,4916.49,Standard,2025-07-25,2025-07-26,2025-07-28,2025-07-30,Completed,Dispatched,Paid,11649.32,0,SP06,0.422040943,1,0,Yes
ORD01431,2025-11-14,CUST101,Vertex Manufacturing,Electronics,Jaipur,Rajasthan,North,Medium,P002,Strapping Solutions,PET Strapping Roll,Kg,65,115.19,0.05,7487.12,4909.58,2577.54,Express,2025-11-17,2025-11-24,2025-11-27,2025-11-26,Pending,Dispatched,Paid,7487.12,0,SP01,0.344263215,7,1,No
ORD01432,2025-01-09,CUST102,Global Logistics,Textiles,Bengaluru,Karnataka,South,Medium,P007,Pallet Solutions,Wooden Pallet,Nos,13,953.89,0.02,12400.61,8047.26,4353.35,Express,2025-01-15,2025-01-18,2025-01-19,2025-01-15,Completed,Dispatched,Paid,12400.61,0,SP07,0.351059343,3,4,No
ORD01433,2025-11-12,CUST035,United Industries,FMCG,Ludhiana,Punjab,North,Medium,P008,Pallet Solutions,Plastic Pallet,Nos,8,2239.36,0.1,17914.85,13061.01,4853.84,Standard,2025-11-18,2025-11-19,2025-11-23,2025-11-25,Completed,Dispatched,Partially Paid,8217.05,9697.8,SP04,0.270939472,1,0,Yes
ORD01434,2025-09-21,CUST043,Om Logistics,Electronics,Mumbai,Maharashtra,West,Large,P012,Customized Carton Boxes,7-Ply Corrugated Box,Nos,74,85.24,0.02,6307.7,4066.84,2240.86,Standard,2025-09-27,2025-10-02,2025-10-04,2025-10-02,Completed,Dispatched,Paid,6307.7,0,SP06,0.355257859,5,2,No
ORD01435,2025-10-26,CUST102,Global Logistics,Textiles,Bengaluru,Karnataka,South,Medium,P005,Stretch / Film Solutions,Stretch Film Roll,Roll,10,658.54,0.02,6585.39,3812.3,2773.09,Express,2025-11-01,2025-11-05,2025-11-08,2025-11-08,Completed,Dispatched,Paid,6585.39,0,SP12,0.421097308,4,0,Yes
ORD01436,2025-12-09,CUST050,Prime Industries,Retail,Pune,Maharashtra,West,Large,P003,Protective Packaging,Bubble Wrap Roll,Roll,10,854.4,0.03,8543.97,4907.9,3636.07,Express,2025-12-13,2025-12-18,2025-12-20,2025-12-23,Completed,Dispatched,Outstanding,643.4,7900.57,SP10,0.425571485,5,0,Yes
ORD01437,2025-03-02,CUST003,Prime Logistics,Retail,Coimbatore,Tamil Nadu,South,Small,P001,Strapping Solutions,PP Strapping Roll,Meter,120,88.47,0.08,10615.82,6497.64,4118.18,Scheduled,2025-03-04,2025-03-11,2025-03-16,2025-03-12,In Production,Dispatched,Paid,10615.82,0,SP04,0.387928582,7,4,No
ORD01438,2025-10-28,CUST001,Prime Industries,Textiles,Patna,Bihar,East,Small,P002,Strapping Solutions,PET Strapping Roll,Kg,145,124.46,0.03,18046.77,10940.68,7106.09,Standard,2025-10-31,2025-11-01,2025-11-02,2025-11-04,In Production,Dispatched,Outstanding,859.14,17187.63,SP01,0.393759659,1,0,Yes
ORD01439,2025-06-15,CUST111,National Manufacturing,Automotive,Bengaluru,Karnataka,South,Small,P014,Material Handling,Hand Pallet Truck,Nos,4,18124.47,0.02,72497.86,55595.32,16902.54,Express,2025-06-19,2025-06-23,2025-06-23,2025-06-28,Completed,Dispatched,Paid,72497.86,0,SP05,0.233145365,4,0,Yes
ORD01440,2025-09-24,CUST048,Sunrise Manufacturing,FMCG,Vijayawada,Andhra Pradesh,South,Small,P006,Stretch / Film Solutions,Shrink Film Roll,Roll,11,826.97,0.05,9096.66,5138.06,3958.6,Express,2025-09-30,2025-10-05,2025-10-08,2025-10-05,Pending,Dispatched,Paid,9096.66,0,SP11,0.435170711,5,3,No
ORD01441,2025-08-14,CUST073,Vertex Industries,Chemicals,Patna,Bihar,East,Medium,P006,Stretch / Film Solutions,Shrink Film Roll,Roll,120,859.06,0.05,103087.09,56853.64,46233.45,Standard,2025-08-18,2025-08-24,2025-08-27,2025-08-21,Completed,Dispatched,Partially Paid,47952.54,55134.55,SP09,0.448489234,6,6,No
ORD01442,2025-04-22,CUST027,Om Industries,Retail,Chennai,Tamil Nadu,South,Medium,P014,Material Handling,Hand Pallet Truck,Nos,26,19878.25,0.08,516834.37,354392.32,162442.05,Scheduled,2025-04-25,2025-05-01,2025-05-05,2025-04-28,Completed,Dispatched,Paid,516834.37,0,SP01,0.314301949,6,7,No
ORD01443,2025-11-17,CUST029,Prime Pvt Ltd,Chemicals,Mumbai,Maharashtra,West,Medium,P013,Material Handling,Platform Trolley,Nos,26,7674.18,0,199528.75,143744.56,55784.19,Express,2025-11-21,2025-11-26,2025-11-26,2025-11-22,Completed,Dispatched,Paid,199528.75,0,SP03,0.27957971,5,4,No
ORD01444,2025-04-15,CUST013,Prime Industries,Electronics,Delhi,Delhi,North,Medium,P004,Protective Packaging,EPE Foam Roll,Roll,33,1554.96,0.02,51313.64,31065.51,20248.13,Express,2025-04-21,2025-04-25,2025-04-27,2025-04-20,Completed,Dispatched,Paid,51313.64,0,SP03,0.394595472,4,7,No
ORD01445,2025-04-03,CUST031,United Industries,Textiles,Bhopal,Madhya Pradesh,Central,Large,P002,Strapping Solutions,PET Strapping Roll,Kg,515,117.13,0,60321.56,39083.05,21238.51,Express,2025-04-07,2025-04-11,2025-04-14,2025-04-13,Pending,Dispatched,Paid,60321.56,0,SP03,0.352088209,4,1,No
ORD01446,2025-10-20,CUST116,United Manufacturing,Logistics,Coimbatore,Tamil Nadu,South,Medium,P012,Customized Carton Boxes,7-Ply Corrugated Box,Nos,4,91.66,0.05,366.64,232.84,133.8,Standard,2025-10-22,2025-10-25,2025-10-31,2025-11-03,Completed,Dispatched,Paid,366.64,0,SP09,0.364935632,3,0,Yes
ORD01447,2025-04-04,CUST062,Global Industries,Chemicals,Kochi,Kerala,South,Small,P013,Material Handling,Platform Trolley,Nos,30,7805.06,0.03,234151.9,156996.46,77155.44,Standard,2025-04-09,2025-04-10,2025-04-16,2025-04-11,Completed,Dispatched,Partially Paid,143338.06,90813.84,SP01,0.329510203,1,5,No
ORD01448,2025-06-16,CUST079,Shree Manufacturing,Logistics,Indore,Madhya Pradesh,Central,Large,P001,Strapping Solutions,PP Strapping Roll,Meter,250,93.41,0.1,23353.69,13832.61,9521.08,Scheduled,2025-06-19,2025-06-21,2025-06-22,2025-06-30,In Production,Dispatched,Paid,23353.69,0,SP07,0.407690605,2,0,Yes
ORD01449,2025-06-17,CUST044,Apex Industries,Automotive,Noida,Uttar Pradesh,North,Small,P009,Packaging Tools & Equipment,Manual Strapping Tool,Nos,6,3359.76,0.02,20158.54,13259.14,6899.4,Scheduled,2025-06-23,2025-06-24,2025-06-26,2025-06-25,Completed,Dispatched,Outstanding,2915.38,17243.16,SP09,0.342256929,1,1,No
ORD01450,2025-04-15,CUST038,Global Manufacturing,Logistics,Coimbatore,Tamil Nadu,South,Large,P006,Stretch / Film Solutions,Shrink Film Roll,Roll,46,766.95,0,35279.92,20843.97,14435.95,Standard,2025-04-19,2025-04-24,2025-04-26,2025-04-24,Completed,Dispatched,Paid,35279.92,0,SP07,0.409183184,5,2,No
ORD01451,2025-05-29,CUST075,Global Traders,Textiles,Coimbatore,Tamil Nadu,South,Large,P005,Stretch / Film Solutions,Stretch Film Roll,Roll,37,676.14,0.02,25017.29,13334.15,11683.14,Standard,2025-06-01,2025-06-02,2025-06-06,2025-06-08,Completed,Dispatched,Partially Paid,15915.91,9101.38,SP03,0.467002621,1,0,Yes
ORD01452,2025-08-17,CUST108,National Manufacturing,Pharmaceuticals,Jaipur,Rajasthan,North,Small,P012,Customized Carton Boxes,7-Ply Corrugated Box,Nos,26,97.49,0.05,2534.72,1527.4,1007.32,Scheduled,2025-08-23,2025-08-30,2025-09-09,2025-08-29,Completed,Dispatched,Paid,2534.72,0,SP10,0.397408787,7,11,No
ORD01453,2025-08-28,CUST050,Prime Industries,Retail,Pune,Maharashtra,West,Large,P003,Protective Packaging,Bubble Wrap Roll,Roll,17,893.64,0.03,15191.87,8323.55,6868.32,Standard,2025-09-03,2025-09-07,2025-09-07,2025-09-05,In Production,Dispatched,Paid,15191.87,0,SP03,0.452104975,4,2,No
ORD01454,2025-03-18,CUST054,Prime Industries,Chemicals,Coimbatore,Tamil Nadu,South,Small,P009,Packaging Tools & Equipment,Manual Strapping Tool,Nos,18,3128.98,0.08,56321.67,37673.95,18647.72,Standard,2025-03-20,2025-03-27,2025-03-27,2025-03-25,Completed,Dispatched,Partially Paid,23957.9,32363.77,SP01,0.331093165,7,2,No
ORD01455,2025-05-16,CUST003,Prime Logistics,Retail,Coimbatore,Tamil Nadu,South,Small,P002,Strapping Solutions,PET Strapping Roll,Kg,50,136.56,0.05,6827.82,3614.29,3213.53,Scheduled,2025-05-22,2025-05-26,2025-05-30,2025-05-28,Completed,Dispatched,Paid,6827.82,0,SP12,0.470652419,4,2,No
ORD01456,2025-12-27,CUST025,Global Logistics,Logistics,Noida,Uttar Pradesh,North,Small,P008,Pallet Solutions,Plastic Pallet,Nos,10,2345.07,0.1,23450.66,16171.29,7279.37,Standard,2025-12-31,2026-01-06,2026-01-10,2026-01-06,Completed,Pending,Paid,23450.66,0,SP05,0.310412159,6,4,No
ORD01457,2025-06-04,CUST098,Prime Pvt Ltd,Engineering,Chennai,Tamil Nadu,South,Large,P008,Pallet Solutions,Plastic Pallet,Nos,38,2374.92,0.08,90246.89,62003.41,28243.48,Standard,2025-06-07,2025-06-11,2025-06-11,2025-06-18,Completed,Dispatched,Paid,90246.89,0,SP04,0.312957931,4,0,Yes
ORD01458,2025-10-20,CUST053,United Manufacturing,FMCG,Gurugram,Haryana,North,Medium,P012,Customized Carton Boxes,7-Ply Corrugated Box,Nos,21,102.23,0.02,2146.86,1216.3,930.56,Express,2025-10-22,2025-10-23,2025-10-24,2025-11-03,In Production,Dispatched,Outstanding,7.74,2139.12,SP04,0.433451646,1,0,Yes
ORD01459,2025-09-02,CUST055,National Manufacturing,Retail,Ahmedabad,Gujarat,West,Medium,P004,Protective Packaging,EPE Foam Roll,Roll,31,1394.03,0.1,43214.97,27923.67,15291.3,Scheduled,2025-09-06,2025-09-12,2025-09-19,2025-09-10,In Production,Dispatched,Paid,43214.97,0,SP10,0.353842661,6,9,No
ORD01460,2025-09-13,CUST058,Sunrise Pvt Ltd,Chemicals,Jaipur,Rajasthan,North,Large,P007,Pallet Solutions,Wooden Pallet,Nos,9,1037.41,0.05,9336.67,5520.14,3816.53,Scheduled,2025-09-15,2025-09-20,2025-09-20,2025-09-20,Completed,Dispatched,Partially Paid,3708.82,5627.85,SP12,0.408767794,5,0,Yes
ORD01461,2025-08-24,CUST024,Sunrise Logistics,Retail,Kolkata,West Bengal,East,Medium,P005,Stretch / Film Solutions,Stretch Film Roll,Roll,35,678.31,0.02,23740.97,12429.38,11311.59,Standard,2025-08-29,2025-09-02,2025-09-05,2025-08-29,Completed,Dispatched,Paid,23740.97,0,SP02,0.476458628,4,7,No
ORD01462,2025-11-13,CUST014,National Industries,Retail,Ahmedabad,Gujarat,West,Medium,P011,Customized Carton Boxes,5-Ply Corrugated Box,Nos,83,61.46,0.02,5101.31,2728.75,2372.56,Standard,2025-11-15,2025-11-19,2025-11-20,2025-11-23,In Production,Dispatched,Partially Paid,3309.27,1792.04,SP01,0.465088379,4,0,Yes
ORD01463,2025-05-31,CUST001,Prime Industries,Textiles,Patna,Bihar,East,Small,P011,Customized Carton Boxes,5-Ply Corrugated Box,Nos,12,55,0.03,659.95,422.91,237.04,Standard,2025-06-06,2025-06-08,2025-06-11,2025-06-11,Completed,Dispatched,Partially Paid,368.51,291.44,SP05,0.359178726,2,0,Yes
ORD01464,2025-04-01,CUST108,National Manufacturing,Pharmaceuticals,Jaipur,Rajasthan,North,Small,P001,Strapping Solutions,PP Strapping Roll,Meter,230,87.27,0.05,20071.98,12681.69,7390.29,Standard,2025-04-03,2025-04-04,2025-04-06,2025-04-06,Completed,Dispatched,Paid,20071.98,0,SP10,0.368189386,1,0,Yes
ORD01465,2025-12-07,CUST021,National Pvt Ltd,Logistics,Ludhiana,Punjab,North,Medium,P012,Customized Carton Boxes,7-Ply Corrugated Box,Nos,14,87.57,0.1,1225.91,821.57,404.34,Express,2025-12-11,2025-12-13,2025-12-14,2025-12-21,Completed,Dispatched,Partially Paid,844.34,381.57,SP12,0.329828454,2,0,Yes
ORD01466,2025-07-14,CUST057,Apex Enterprises,Textiles,Bengaluru,Karnataka,South,Medium,P004,Protective Packaging,EPE Foam Roll,Roll,12,1458.45,0.02,17501.43,11236.98,6264.45,Standard,2025-07-16,2025-07-23,2025-07-23,2025-07-22,Completed,Dispatched,Paid,17501.43,0,SP02,0.357939323,7,1,No
ORD01467,2025-04-28,CUST020,Shree Industries,Electronics,Bengaluru,Karnataka,South,Large,P011,Customized Carton Boxes,5-Ply Corrugated Box,Nos,83,59.63,0.05,4949.03,2889.02,2060.01,Express,2025-05-03,2025-05-04,2025-05-05,2025-05-07,In Production,Dispatched,Paid,4949.03,0,SP03,0.416245204,1,0,Yes
ORD01468,2025-04-19,CUST085,Global Manufacturing,Pharmaceuticals,Bhubaneswar,Odisha,East,Small,P012,Customized Carton Boxes,7-Ply Corrugated Box,Nos,5,98.98,0.08,494.89,291.38,203.51,Standard,2025-04-21,2025-04-24,2025-04-29,2025-04-26,In Production,Dispatched,Paid,494.89,0,SP09,0.411222696,3,3,No
ORD01469,2025-09-11,CUST087,Shree Manufacturing,FMCG,Noida,Uttar Pradesh,North,Medium,P001,Strapping Solutions,PP Strapping Roll,Meter,100,104,0.08,10399.88,5384.5,5015.38,Standard,2025-09-15,2025-09-16,2025-09-17,2025-09-25,Completed,Dispatched,Partially Paid,7225.69,3174.19,SP07,0.482253641,1,0,Yes
ORD01470,2025-04-27,CUST043,Om Logistics,Electronics,Mumbai,Maharashtra,West,Large,P001,Strapping Solutions,PP Strapping Roll,Meter,100,92.88,0.1,9288.4,5355.73,3932.67,Scheduled,2025-04-30,2025-05-02,2025-05-04,2025-05-10,In Production,Dispatched,Paid,9288.4,0,SP11,0.423395849,2,0,Yes
ORD01471,2025-11-25,CUST036,National Industries,Electronics,Jaipur,Rajasthan,North,Large,P004,Protective Packaging,EPE Foam Roll,Roll,52,1429.29,0,74322.88,46227.15,28095.73,Scheduled,2025-11-27,2025-11-29,2025-12-01,2025-11-30,Completed,Dispatched,Paid,74322.88,0,SP11,0.378022622,2,1,No
ORD01472,2025-08-20,CUST065,Apex Logistics,FMCG,Bhubaneswar,Odisha,East,Medium,P004,Protective Packaging,EPE Foam Roll,Roll,22,1554.54,0.1,34199.96,20685.88,13514.08,Standard,2025-08-24,2025-08-28,2025-09-04,2025-09-03,Completed,Dispatched,Partially Paid,17786.31,16413.65,SP04,0.395149,4,1,No
ORD01473,2025-05-09,CUST022,United Manufacturing,Textiles,Patna,Bihar,East,Small,P007,Pallet Solutions,Wooden Pallet,Nos,8,875.14,0,7001.14,4782.78,2218.36,Standard,2025-05-14,2025-05-21,2025-05-21,2025-05-16,Completed,Dispatched,Paid,7001.14,0,SP02,0.316856969,7,5,No
ORD01474,2025-09-21,CUST049,Metro Enterprises,Retail,Chennai,Tamil Nadu,South,Medium,P012,Customized Carton Boxes,7-Ply Corrugated Box,Nos,49,93.12,0.08,4562.7,2876.38,1686.32,Express,2025-09-23,2025-09-24,2025-09-25,2025-09-26,Completed,Dispatched,Paid,4562.7,0,SP05,0.369588182,1,0,Yes
ORD01475,2025-02-16,CUST062,Global Industries,Chemicals,Kochi,Kerala,South,Small,P012,Customized Carton Boxes,7-Ply Corrugated Box,Nos,34,96.76,0.08,3289.79,1988.69,1301.1,Scheduled,2025-02-21,2025-02-23,2025-02-28,2025-03-01,Completed,Dispatched,Partially Paid,1292.76,1997.03,SP01,0.395496369,2,0,Yes
ORD01476,2025-02-25,CUST106,Global Pvt Ltd,FMCG,Vijayawada,Andhra Pradesh,South,Medium,P008,Pallet Solutions,Plastic Pallet,Nos,11,2632.33,0.03,28955.63,18876.83,10078.8,Scheduled,2025-03-01,2025-03-07,2025-03-13,2025-03-09,Completed,Dispatched,Paid,28955.63,0,SP04,0.348077386,6,4,No
ORD01477,2025-06-20,CUST030,Metro Industries,Textiles,Patna,Bihar,East,Medium,P001,Strapping Solutions,PP Strapping Roll,Meter,250,102.43,0.02,25607.29,13693.29,11914,Standard,2025-06-22,2025-06-23,2025-06-25,2025-06-30,Pending,Dispatched,Paid,25607.29,0,SP12,0.465258135,1,0,Yes
ORD01478,2025-04-11,CUST113,Vertex Manufacturing,FMCG,Pune,Maharashtra,West,Medium,P003,Protective Packaging,Bubble Wrap Roll,Roll,5,840.29,0.02,4201.46,2557.79,1643.67,Scheduled,2025-04-13,2025-04-14,2025-04-18,2025-04-22,Completed,Dispatched,Paid,4201.46,0,SP07,0.391214007,1,0,Yes
ORD01479,2025-11-02,CUST035,United Industries,FMCG,Ludhiana,Punjab,North,Medium,P002,Strapping Solutions,PET Strapping Roll,Kg,50,126.36,0.03,6318.08,3462.99,2855.09,Express,2025-11-06,2025-11-10,2025-11-12,2025-11-10,Completed,Dispatched,Outstanding,381.53,5936.55,SP05,0.45189203,4,2,No
ORD01480,2025-08-12,CUST111,National Manufacturing,Automotive,Bengaluru,Karnataka,South,Small,P008,Pallet Solutions,Plastic Pallet,Nos,13,2388.89,0.03,31055.59,22438.75,8616.84,Standard,2025-08-17,2025-08-21,2025-08-22,2025-08-18,Completed,Dispatched,Paid,31055.59,0,SP01,0.277465023,4,4,No
ORD01481,2025-05-17,CUST116,United Manufacturing,Logistics,Coimbatore,Tamil Nadu,South,Medium,P001,Strapping Solutions,PP Strapping Roll,Meter,100,88.44,0,8843.93,5736.54,3107.39,Standard,2025-05-22,2025-05-26,2025-05-29,2025-05-23,Completed,Dispatched,Paid,8843.93,0,SP01,0.351358502,4,6,No
ORD01482,2025-08-17,CUST036,National Industries,Electronics,Jaipur,Rajasthan,North,Large,P014,Material Handling,Hand Pallet Truck,Nos,36,19805.16,0.08,712985.67,475770.18,237215.49,Scheduled,2025-08-23,2025-08-27,2025-08-30,2025-08-23,Completed,Dispatched,Partially Paid,468651.95,244333.72,SP02,0.332707234,4,7,No
ORD01483,2025-10-16,CUST094,Sunrise Traders,Engineering,Bhubaneswar,Odisha,East,Medium,P001,Strapping Solutions,PP Strapping Roll,Meter,570,89.61,0.1,51074.97,32756.42,18318.55,Express,2025-10-20,2025-10-25,2025-10-25,2025-10-26,Pending,Dispatched,Paid,51074.97,0,SP10,0.358660025,5,0,Yes
ORD01484,2025-11-08,CUST033,Om Manufacturing,Pharmaceuticals,Kochi,Kerala,South,Medium,P012,Customized Carton Boxes,7-Ply Corrugated Box,Nos,24,90.7,0.05,2176.88,1297.27,879.61,Scheduled,2025-11-14,2025-11-15,2025-11-19,2025-11-17,Completed,Dispatched,Paid,2176.88,0,SP04,0.404069126,1,2,No
ORD01485,2025-11-28,CUST036,National Industries,Electronics,Jaipur,Rajasthan,North,Large,P003,Protective Packaging,Bubble Wrap Roll,Roll,8,832.51,0.05,6660.04,4084.7,2575.34,Express,2025-11-30,2025-12-02,2025-12-05,2025-12-12,Completed,Dispatched,Paid,6660.04,0,SP02,0.386685365,2,0,Yes
ORD01486,2025-07-30,CUST067,Metro Manufacturing,Textiles,Delhi,Delhi,North,Medium,P007,Pallet Solutions,Wooden Pallet,Nos,23,1037.95,0.08,23872.75,13897.74,9975.01,Standard,2025-08-04,2025-08-05,2025-08-06,2025-08-07,Pending,Dispatched,Paid,23872.75,0,SP03,0.417840844,1,0,Yes
ORD01487,2025-06-15,CUST077,Shree Industries,FMCG,Vijayawada,Andhra Pradesh,South,Large,P005,Stretch / Film Solutions,Stretch Film Roll,Roll,16,590.41,0.08,9446.49,6076.15,3370.34,Standard,2025-06-20,2025-06-22,2025-06-23,2025-06-28,Completed,Dispatched,Paid,9446.49,0,SP02,0.356782255,2,0,Yes
ORD01488,2025-12-31,CUST009,Prime Industries,Retail,Ludhiana,Punjab,North,Small,P013,Material Handling,Platform Trolley,Nos,48,8062.81,0.05,387014.99,265923.17,121091.82,Standard,2026-01-04,2026-01-06,2026-01-14,2026-01-07,Completed,Pending,Paid,387014.99,0,SP02,0.31288664,2,7,No
ORD01489,2025-02-15,CUST013,Prime Industries,Electronics,Delhi,Delhi,North,Medium,P002,Strapping Solutions,PET Strapping Roll,Kg,50,134.48,0.05,6724.11,3496.99,3227.12,Standard,2025-02-20,2025-02-21,2025-02-22,2025-02-20,Completed,Dispatched,Paid,6724.11,0,SP04,0.47993266,1,2,No
ORD01490,2025-07-09,CUST117,National Pvt Ltd,Textiles,Gurugram,Haryana,North,Large,P005,Stretch / Film Solutions,Stretch Film Roll,Roll,27,664.33,0.02,17936.82,9539.98,8396.84,Standard,2025-07-15,2025-07-20,2025-07-24,2025-07-23,Pending,Dispatched,Paid,17936.82,0,SP08,0.468134262,5,1,No
ORD01491,2025-01-12,CUST033,Om Manufacturing,Pharmaceuticals,Kochi,Kerala,South,Medium,P002,Strapping Solutions,PET Strapping Roll,Kg,200,115.13,0,23026.81,14176.35,8850.46,Express,2025-01-18,2025-01-23,2025-01-27,2025-01-21,Completed,Dispatched,Partially Paid,16607.63,6419.18,SP05,0.384354585,5,6,No
ORD01492,2025-10-01,CUST106,Global Pvt Ltd,FMCG,Vijayawada,Andhra Pradesh,South,Medium,P001,Strapping Solutions,PP Strapping Roll,Meter,100,90.29,0.05,9028.54,5418.18,3610.36,Express,2025-10-04,2025-10-06,2025-10-06,2025-10-13,In Production,Dispatched,Paid,9028.54,0,SP09,0.399883038,2,0,Yes
ORD01493,2025-07-11,CUST086,Apex Manufacturing,Engineering,Chennai,Tamil Nadu,South,Medium,P003,Protective Packaging,Bubble Wrap Roll,Roll,10,784.17,0.03,7841.67,5133.5,2708.17,Scheduled,2025-07-16,2025-07-17,2025-07-23,2025-07-18,Completed,Dispatched,Paid,7841.67,0,SP02,0.345356283,1,5,No
ORD01494,2025-04-03,CUST088,United Manufacturing,Electronics,Pune,Maharashtra,West,Medium,P009,Packaging Tools & Equipment,Manual Strapping Tool,Nos,25,3499.98,0.02,87499.43,56803.6,30695.83,Express,2025-04-06,2025-04-10,2025-04-14,2025-04-09,Completed,Dispatched,Partially Paid,48506.12,38993.31,SP11,0.350811771,4,5,No
ORD01495,2025-10-30,CUST092,Metro Industries,FMCG,Coimbatore,Tamil Nadu,South,Medium,P012,Customized Carton Boxes,7-Ply Corrugated Box,Nos,50,102.25,0.02,5112.25,2797.38,2314.87,Scheduled,2025-11-03,2025-11-10,2025-11-11,2025-11-13,Completed,Dispatched,Paid,5112.25,0,SP08,0.45280845,7,0,Yes
ORD01496,2025-12-07,CUST087,Shree Manufacturing,FMCG,Noida,Uttar Pradesh,North,Medium,P012,Customized Carton Boxes,7-Ply Corrugated Box,Nos,21,100.95,0.03,2119.87,1155.06,964.81,Scheduled,2025-12-09,2025-12-12,2025-12-12,2025-12-21,Completed,Dispatched,Paid,2119.87,0,SP07,0.455126965,3,0,Yes
ORD01497,2025-02-27,CUST014,National Industries,Retail,Ahmedabad,Gujarat,West,Medium,P011,Customized Carton Boxes,5-Ply Corrugated Box,Nos,135,61.08,0,8245.76,4723.85,3521.91,Standard,2025-03-03,2025-03-07,2025-03-07,2025-03-11,Completed,Dispatched,Paid,8245.76,0,SP06,0.427117694,4,0,Yes
ORD01498,2025-07-13,CUST042,National Manufacturing,FMCG,Surat,Gujarat,West,Medium,P013,Material Handling,Platform Trolley,Nos,36,8279.95,0,298078.35,200504.81,97573.54,Scheduled,2025-07-17,2025-07-18,2025-07-21,2025-07-27,In Production,Dispatched,Partially Paid,180635.32,117443.03,SP07,0.327341922,1,0,Yes
ORD01499,2025-12-26,CUST088,United Manufacturing,Electronics,Pune,Maharashtra,West,Medium,P001,Strapping Solutions,PP Strapping Roll,Meter,350,88.16,0.03,30856.87,19690.62,11166.25,Express,2025-12-30,2026-01-06,2026-01-10,2026-01-06,Completed,Pending,Paid,30856.87,0,SP08,0.361872413,7,4,No
ORD01500,2025-09-19,CUST066,Om Logistics,Engineering,Kolkata,West Bengal,East,Medium,P009,Packaging Tools & Equipment,Manual Strapping Tool,Nos,14,3010.49,0,42146.8,29597.18,12549.62,Standard,2025-09-23,2025-09-25,2025-10-01,2025-10-01,Completed,Dispatched,Paid,42146.8,0,SP11,0.297759735,2,0,Yes
ORD01501,2025-07-28,CUST084,Prime Traders,Chemicals,Noida,Uttar Pradesh,North,Medium,P012,Customized Carton Boxes,7-Ply Corrugated Box,Nos,22,87.94,0.02,1934.62,1237.92,696.7,Scheduled,2025-08-01,2025-08-06,2025-08-16,2025-08-04,Pending,Dispatched,Partially Paid,1089.35,845.27,SP04,0.360122401,5,12,No
ORD01502,2025-11-11,CUST038,Global Manufacturing,Logistics,Coimbatore,Tamil Nadu,South,Large,P011,Customized Carton Boxes,5-Ply Corrugated Box,Nos,46,57.27,0,2634.27,1647.06,987.21,Express,2025-11-13,2025-11-17,2025-11-18,2025-11-20,Completed,Dispatched,Outstanding,227.5,2406.77,SP01,0.374756574,4,0,Yes
ORD01503,2025-11-16,CUST081,Vertex Industries,Engineering,Indore,Madhya Pradesh,Central,Large,P008,Pallet Solutions,Plastic Pallet,Nos,147,2609.28,0.03,383564.01,234170.4,149393.61,Scheduled,2025-11-18,2025-11-19,2025-11-21,2025-11-22,In Production,Dispatched,Paid,383564.01,0,SP10,0.38948808,1,0,Yes
ORD01504,2025-11-24,CUST050,Prime Industries,Retail,Pune,Maharashtra,West,Large,P007,Pallet Solutions,Wooden Pallet,Nos,44,925.61,0,40726.9,26906.05,13820.85,Standard,2025-11-27,2025-12-04,2025-12-08,2025-12-05,Completed,Dispatched,Paid,40726.9,0,SP01,0.339354333,7,3,No
ORD01505,2025-05-11,CUST038,Global Manufacturing,Logistics,Coimbatore,Tamil Nadu,South,Large,P011,Customized Carton Boxes,5-Ply Corrugated Box,Nos,14,64.03,0.03,896.38,503.8,392.58,Express,2025-05-15,2025-05-20,2025-05-24,2025-05-17,Completed,Dispatched,Partially Paid,582.82,313.56,SP03,0.437961579,5,7,No
ORD01506,2025-05-15,CUST082,Global Enterprises,Pharmaceuticals,Coimbatore,Tamil Nadu,South,Small,P003,Protective Packaging,Bubble Wrap Roll,Roll,13,771.26,0.1,10026.38,6590.91,3435.47,Scheduled,2025-05-17,2025-05-22,2025-05-22,2025-05-26,Completed,Dispatched,Paid,10026.38,0,SP07,0.342643107,5,0,Yes
ORD01507,2025-07-25,CUST079,Shree Manufacturing,Logistics,Indore,Madhya Pradesh,Central,Large,P006,Stretch / Film Solutions,Shrink Film Roll,Roll,12,743.07,0.03,8916.82,5694.52,3222.3,Standard,2025-07-27,2025-07-31,2025-08-03,2025-07-31,Completed,Dispatched,Paid,8916.82,0,SP09,0.361373225,4,3,No
ORD01508,2025-10-05,CUST053,United Manufacturing,FMCG,Gurugram,Haryana,North,Medium,P011,Customized Carton Boxes,5-Ply Corrugated Box,Nos,32,56.06,0.1,1793.78,1125.19,668.59,Scheduled,2025-10-07,2025-10-14,2025-10-17,2025-10-17,Completed,Dispatched,Paid,1793.78,0,SP02,0.372726867,7,0,Yes
ORD01509,2025-04-26,CUST067,Metro Manufacturing,Textiles,Delhi,Delhi,North,Medium,P003,Protective Packaging,Bubble Wrap Roll,Roll,14,819.53,0,11473.48,7000.99,4472.49,Standard,2025-04-30,2025-05-05,2025-05-06,2025-05-07,In Production,Dispatched,Paid,11473.48,0,SP12,0.389811112,5,0,Yes
ORD01510,2025-10-25,CUST055,National Manufacturing,Retail,Ahmedabad,Gujarat,West,Medium,P014,Material Handling,Hand Pallet Truck,Nos,27,19650.03,0,530550.81,376785.82,153764.99,Express,2025-10-30,2025-11-05,2025-11-09,2025-11-07,In Production,Dispatched,Paid,530550.81,0,SP10,0.289821422,6,2,No
ORD01511,2025-05-14,CUST044,Apex Industries,Automotive,Noida,Uttar Pradesh,North,Small,P006,Stretch / Film Solutions,Shrink Film Roll,Roll,8,809.81,0.03,6478.5,3539.03,2939.47,Express,2025-05-18,2025-05-25,2025-05-28,2025-05-20,Completed,Dispatched,Partially Paid,2905.99,3572.51,SP12,0.453726943,7,8,No
ORD01512,2025-01-23,CUST003,Prime Logistics,Retail,Coimbatore,Tamil Nadu,South,Small,P005,Stretch / Film Solutions,Stretch Film Roll,Roll,28,668.92,0.03,18729.63,9707.05,9022.58,Express,2025-01-27,2025-01-28,2025-01-30,2025-02-04,Completed,Dispatched,Paid,18729.63,0,SP04,0.481727616,1,0,Yes
ORD01513,2025-08-04,CUST073,Vertex Industries,Chemicals,Patna,Bihar,East,Medium,P001,Strapping Solutions,PP Strapping Roll,Meter,190,100.97,0.05,19183.61,10305.71,8877.9,Standard,2025-08-08,2025-08-10,2025-08-19,2025-08-11,Completed,Dispatched,Paid,19183.61,0,SP01,0.46278568,2,8,No
ORD01514,2025-01-13,CUST046,Shree Pvt Ltd,Logistics,Noida,Uttar Pradesh,North,Small,P012,Customized Carton Boxes,7-Ply Corrugated Box,Nos,24,86.8,0.03,2083.31,1358.4,724.91,Express,2025-01-19,2025-01-25,2025-01-29,2025-01-22,Completed,Dispatched,Outstanding,91.66,1991.65,SP07,0.347960697,6,7,No
ORD01515,2025-12-16,CUST052,United Manufacturing,Retail,Coimbatore,Tamil Nadu,South,Small,P006,Stretch / Film Solutions,Shrink Film Roll,Roll,14,829.12,0.03,11607.66,6292.96,5314.7,Standard,2025-12-20,2025-12-27,2025-12-31,2025-12-30,Completed,Dispatched,Paid,11607.66,0,SP01,0.457861447,7,1,No
ORD01516,2025-06-09,CUST074,Global Traders,FMCG,Surat,Gujarat,West,Small,P001,Strapping Solutions,PP Strapping Roll,Meter,100,93.71,0.08,9371.47,5810.04,3561.43,Express,2025-06-13,2025-06-17,2025-06-19,2025-06-21,Completed,Dispatched,Outstanding,1339.64,8031.83,SP04,0.38002896,4,0,Yes
ORD01517,2025-04-09,CUST047,Global Pvt Ltd,Logistics,Coimbatore,Tamil Nadu,South,Small,P011,Customized Carton Boxes,5-Ply Corrugated Box,Nos,2,62.73,0.02,125.47,68.07,57.4,Scheduled,2025-04-15,2025-04-22,2025-04-26,2025-04-14,Completed,Dispatched,Partially Paid,83.23,42.24,SP03,0.457479876,7,12,No
ORD01518,2025-08-03,CUST102,Global Logistics,Textiles,Bengaluru,Karnataka,South,Medium,P005,Stretch / Film Solutions,Stretch Film Roll,Roll,16,588.38,0.02,9414.08,5770.05,3644.03,Scheduled,2025-08-07,2025-08-13,2025-08-19,2025-08-08,Completed,Dispatched,Paid,9414.08,0,SP07,0.387082965,6,11,No
ORD01519,2025-03-24,CUST117,National Pvt Ltd,Textiles,Gurugram,Haryana,North,Large,P005,Stretch / Film Solutions,Stretch Film Roll,Roll,7,681.62,0.03,4771.33,2495.3,2276.03,Express,2025-03-27,2025-03-28,2025-03-29,2025-03-31,Pending,Dispatched,Partially Paid,2923.19,1848.14,SP07,0.47702213,1,0,Yes
ORD01520,2025-03-10,CUST083,Metro Industries,Engineering,Jaipur,Rajasthan,North,Small,P010,Packaging Tools & Equipment,Battery Strapping Machine,Nos,29,41504.6,0.05,1203633.28,811194.81,392438.47,Scheduled,2025-03-14,2025-03-19,2025-03-21,2025-03-21,Completed,Dispatched,Partially Paid,859740.29,343892.99,SP05,0.326044881,5,0,Yes
ORD01521,2025-10-01,CUST111,National Manufacturing,Automotive,Bengaluru,Karnataka,South,Small,P005,Stretch / Film Solutions,Stretch Film Roll,Roll,55,631.83,0.03,34750.92,20600.69,14150.23,Scheduled,2025-10-07,2025-10-13,2025-10-22,2025-10-06,Completed,Dispatched,Paid,34750.92,0,SP08,0.407190083,6,16,No
ORD01522,2025-10-14,CUST009,Prime Industries,Retail,Ludhiana,Punjab,North,Small,P012,Customized Carton Boxes,7-Ply Corrugated Box,Nos,2,101.83,0.03,203.66,117.44,86.22,Express,2025-10-17,2025-10-19,2025-10-19,2025-10-21,In Production,Dispatched,Paid,203.66,0,SP08,0.423352647,2,0,Yes
ORD01523,2025-03-11,CUST009,Prime Industries,Retail,Ludhiana,Punjab,North,Small,P003,Protective Packaging,Bubble Wrap Roll,Roll,7,826.65,0.02,5786.57,3783.96,2002.61,Standard,2025-03-16,2025-03-23,2025-03-25,2025-03-18,Completed,Dispatched,Paid,5786.57,0,SP09,0.346078938,7,7,No
ORD01524,2025-05-09,CUST009,Prime Industries,Retail,Ludhiana,Punjab,North,Small,P002,Strapping Solutions,PET Strapping Roll,Kg,70,119.56,0.08,8369.3,4843.36,3525.94,Express,2025-05-12,2025-05-18,2025-05-21,2025-05-19,Completed,Dispatched,Paid,8369.3,0,SP09,0.421294493,6,2,No
ORD01525,2025-06-29,CUST071,Prime Manufacturing,Engineering,Chandigarh,Chandigarh,North,Medium,P012,Customized Carton Boxes,7-Ply Corrugated Box,Nos,13,96.95,0.05,1260.31,753.43,506.88,Express,2025-07-02,2025-07-05,2025-07-07,2025-07-12,Completed,Dispatched,Partially Paid,604.6,655.71,SP06,0.402186764,3,0,Yes
ORD01526,2025-05-18,CUST083,Metro Industries,Engineering,Jaipur,Rajasthan,North,Small,P013,Material Handling,Platform Trolley,Nos,9,7297.64,0.02,65678.75,48377.72,17301.03,Standard,2025-05-20,2025-05-21,2025-05-24,2025-05-27,Completed,Dispatched,Paid,65678.75,0,SP02,0.26341899,1,0,Yes
ORD01527,2025-02-27,CUST070,National Logistics,Textiles,Coimbatore,Tamil Nadu,South,Small,P001,Strapping Solutions,PP Strapping Roll,Meter,100,102.77,0.02,10276.65,5335.38,4941.27,Scheduled,2025-03-02,2025-03-04,2025-03-05,2025-03-11,Completed,Dispatched,Partially Paid,7461.2,2815.45,SP02,0.480824977,2,0,Yes
ORD01528,2025-08-19,CUST112,National Manufacturing,Chemicals,Chennai,Tamil Nadu,South,Medium,P004,Protective Packaging,EPE Foam Roll,Roll,79,1392.31,0.08,109992.16,68674.51,41317.65,Standard,2025-08-24,2025-08-31,2025-09-03,2025-08-27,Completed,Dispatched,Paid,109992.16,0,SP01,0.375641773,7,7,No
ORD01529,2025-04-09,CUST039,Shree Logistics,Retail,Bhopal,Madhya Pradesh,Central,Small,P006,Stretch / Film Solutions,Shrink Film Roll,Roll,32,781.49,0.02,25007.74,14023.82,10983.92,Standard,2025-04-15,2025-04-20,2025-04-23,2025-04-16,In Production,Dispatched,Paid,25007.74,0,SP10,0.439220817,5,7,No
ORD01530,2025-07-18,CUST046,Shree Pvt Ltd,Logistics,Noida,Uttar Pradesh,North,Small,P013,Material Handling,Platform Trolley,Nos,39,8530.73,0,332698.49,222853.84,109844.65,Scheduled,2025-07-21,2025-07-28,2025-07-28,2025-07-27,Completed,Dispatched,Paid,332698.49,0,SP09,0.330162755,7,1,No
ORD01531,2025-09-15,CUST058,Sunrise Pvt Ltd,Chemicals,Jaipur,Rajasthan,North,Large,P003,Protective Packaging,Bubble Wrap Roll,Roll,10,843.26,0.02,8432.59,4961.07,3471.52,Standard,2025-09-18,2025-09-21,2025-09-25,2025-09-23,Completed,Dispatched,Paid,8432.59,0,SP12,0.411678974,3,2,No
ORD01532,2025-07-22,CUST092,Metro Industries,FMCG,Coimbatore,Tamil Nadu,South,Medium,P011,Customized Carton Boxes,5-Ply Corrugated Box,Nos,4,62.42,0.08,249.69,142.47,107.22,Express,2025-07-27,2025-07-31,2025-08-04,2025-07-31,Completed,Dispatched,Paid,249.69,0,SP11,0.429412471,4,4,No
ORD01533,2025-07-04,CUST042,National Manufacturing,FMCG,Surat,Gujarat,West,Medium,P011,Customized Carton Boxes,5-Ply Corrugated Box,Nos,21,60.99,0.1,1280.76,741.34,539.42,Scheduled,2025-07-08,2025-07-11,2025-07-14,2025-07-09,Completed,Dispatched,Paid,1280.76,0,SP10,0.421171804,3,5,No
ORD01534,2025-04-22,CUST053,United Manufacturing,FMCG,Gurugram,Haryana,North,Medium,P007,Pallet Solutions,Wooden Pallet,Nos,8,890.77,0.08,7126.14,4982.43,2143.71,Scheduled,2025-04-27,2025-05-03,2025-05-11,2025-04-28,Completed,Dispatched,Paid,7126.14,0,SP09,0.300823447,6,13,No
ORD01535,2025-12-05,CUST025,Global Logistics,Logistics,Noida,Uttar Pradesh,North,Small,P007,Pallet Solutions,Wooden Pallet,Nos,18,938.5,0,16892.96,10831.09,6061.87,Standard,2025-12-09,2025-12-16,2025-12-20,2025-12-16,Completed,Dispatched,Paid,16892.96,0,SP12,0.358840014,7,4,No
ORD01536,2025-11-03,CUST045,Apex Traders,FMCG,Ahmedabad,Gujarat,West,Large,P011,Customized Carton Boxes,5-Ply Corrugated Box,Nos,4,59.79,0.02,239.16,140.95,98.21,Standard,2025-11-05,2025-11-08,2025-11-10,2025-11-15,Completed,Dispatched,Paid,239.16,0,SP05,0.410645593,3,0,Yes
ORD01537,2025-07-12,CUST110,Om Manufacturing,Retail,Chennai,Tamil Nadu,South,Medium,P011,Customized Carton Boxes,5-Ply Corrugated Box,Nos,8,63.26,0.05,506.06,286.13,219.93,Scheduled,2025-07-15,2025-07-16,2025-07-16,2025-07-26,Pending,Dispatched,Partially Paid,360.23,145.83,SP11,0.434592736,1,0,Yes
ORD01538,2025-04-26,CUST081,Vertex Industries,Engineering,Indore,Madhya Pradesh,Central,Large,P011,Customized Carton Boxes,5-Ply Corrugated Box,Nos,4,59.69,0,238.75,132.72,106.03,Standard,2025-05-02,2025-05-06,2025-05-07,2025-05-09,Completed,Dispatched,Paid,238.75,0,SP07,0.444104712,4,0,Yes
ORD01539,2025-03-22,CUST037,Prime Pvt Ltd,Logistics,Ahmedabad,Gujarat,West,Small,P006,Stretch / Film Solutions,Shrink Film Roll,Roll,14,786.07,0.05,11004.96,6367.65,4637.31,Standard,2025-03-28,2025-03-30,2025-03-31,2025-04-04,In Production,Dispatched,Partially Paid,4493.13,6511.83,SP02,0.421383631,2,0,Yes
ORD01540,2025-01-08,CUST028,United Logistics,Textiles,Bhubaneswar,Odisha,East,Large,P009,Packaging Tools & Equipment,Manual Strapping Tool,Nos,4,3180.62,0.02,12722.5,8668.31,4054.19,Scheduled,2025-01-11,2025-01-13,2025-01-20,2025-01-13,Completed,Dispatched,Paid,12722.5,0,SP11,0.318662999,2,7,No
ORD01541,2025-11-02,CUST088,United Manufacturing,Electronics,Pune,Maharashtra,West,Medium,P004,Protective Packaging,EPE Foam Roll,Roll,5,1435.22,0.05,7176.1,4484.06,2692.04,Standard,2025-11-08,2025-11-15,2025-11-24,2025-11-13,Completed,Dispatched,Paid,7176.1,0,SP05,0.3751397,7,11,No
ORD01542,2025-02-01,CUST102,Global Logistics,Textiles,Bengaluru,Karnataka,South,Medium,P005,Stretch / Film Solutions,Stretch Film Roll,Roll,40,607.75,0.05,24309.82,15024.52,9285.3,Express,2025-02-04,2025-02-09,2025-02-11,2025-02-11,Completed,Dispatched,Paid,24309.82,0,SP05,0.381956757,5,0,Yes
ORD01543,2025-08-04,CUST065,Apex Logistics,FMCG,Bhubaneswar,Odisha,East,Medium,P003,Protective Packaging,Bubble Wrap Roll,Roll,38,813.93,0.02,30929.41,19426.87,11502.54,Scheduled,2025-08-10,2025-08-16,2025-08-17,2025-08-12,Completed,Dispatched,Outstanding,16.93,30912.48,SP01,0.371896522,6,5,No
ORD01544,2025-08-23,CUST120,Prime Manufacturing,Pharmaceuticals,Coimbatore,Tamil Nadu,South,Small,P011,Customized Carton Boxes,5-Ply Corrugated Box,Nos,12,57.44,0,689.32,395.96,293.36,Standard,2025-08-28,2025-08-30,2025-08-30,2025-09-02,Completed,Dispatched,Paid,689.32,0,SP06,0.425578831,2,0,Yes
ORD01545,2025-01-11,CUST001,Prime Industries,Textiles,Patna,Bihar,East,Small,P006,Stretch / Film Solutions,Shrink Film Roll,Roll,83,852.52,0.02,70759.28,39112.88,31646.4,Express,2025-01-13,2025-01-17,2025-01-20,2025-01-22,Completed,Dispatched,Paid,70759.28,0,SP02,0.447240277,4,0,Yes
ORD01546,2025-12-29,CUST093,Om Traders,Automotive,Bhopal,Madhya Pradesh,Central,Small,P004,Protective Packaging,EPE Foam Roll,Roll,9,1546.48,0.03,13918.35,8366.61,5551.74,Scheduled,2025-12-31,2026-01-06,2026-01-12,2026-01-07,Completed,Pending,Paid,13918.35,0,SP08,0.398879177,6,5,No
ORD01547,2025-01-22,CUST009,Prime Industries,Retail,Ludhiana,Punjab,North,Small,P003,Protective Packaging,Bubble Wrap Roll,Roll,16,849.92,0.05,13598.67,8018.92,5579.75,Scheduled,2025-01-28,2025-02-02,2025-02-02,2025-02-01,Completed,Dispatched,Paid,13598.67,0,SP03,0.410315862,5,1,No
ORD01548,2025-07-13,CUST034,Vertex Logistics,Automotive,Bhopal,Madhya Pradesh,Central,Large,P003,Protective Packaging,Bubble Wrap Roll,Roll,6,908.4,0,5450.41,3191.69,2258.72,Standard,2025-07-19,2025-07-25,2025-07-29,2025-07-27,Completed,Dispatched,Paid,5450.41,0,SP09,0.414412861,6,2,No
ORD01549,2025-08-10,CUST016,Shree Pvt Ltd,FMCG,Delhi,Delhi,North,Large,P007,Pallet Solutions,Wooden Pallet,Nos,22,902.5,0,19855.11,13310.37,6544.74,Scheduled,2025-08-16,2025-08-21,2025-08-31,2025-08-24,Pending,Dispatched,Partially Paid,7192.59,12662.52,SP07,0.329624968,5,7,No
ORD01550,2025-04-03,CUST110,Om Manufacturing,Retail,Chennai,Tamil Nadu,South,Medium,P007,Pallet Solutions,Wooden Pallet,Nos,4,1050.02,0.03,4200.07,2416.63,1783.44,Standard,2025-04-07,2025-04-11,2025-04-11,2025-04-17,Completed,Dispatched,Partially Paid,3054.74,1145.33,SP07,0.424621494,4,0,Yes
ORD01551,2025-12-26,CUST010,Metro Logistics,Textiles,Chandigarh,Chandigarh,North,Small,P006,Stretch / Film Solutions,Shrink Film Roll,Roll,67,710.64,0.05,47612.6,30564.38,17048.22,Standard,2025-12-30,2026-01-03,2026-01-07,2026-01-09,In Production,Pending,Paid,47612.6,0,SP10,0.358061101,4,0,Yes
ORD01552,2025-07-08,CUST089,Shree Manufacturing,Electronics,Chandigarh,Chandigarh,North,Small,P002,Strapping Solutions,PET Strapping Roll,Kg,255,122.73,0.05,31296.93,18620.3,12676.63,Standard,2025-07-11,2025-07-12,2025-07-15,2025-07-18,Completed,Dispatched,Outstanding,1365.11,29931.82,SP11,0.405043881,1,0,Yes
ORD01553,2025-03-12,CUST026,Prime Manufacturing,Pharmaceuticals,Pune,Maharashtra,West,Large,P012,Customized Carton Boxes,7-Ply Corrugated Box,Nos,27,92.13,0.05,2487.41,1487.38,1000.03,Express,2025-03-17,2025-03-20,2025-03-23,2025-03-26,Completed,Dispatched,Paid,2487.41,0,SP02,0.402036657,3,0,Yes
ORD01554,2025-11-08,CUST111,National Manufacturing,Automotive,Bengaluru,Karnataka,South,Small,P010,Packaging Tools & Equipment,Battery Strapping Machine,Nos,22,42035.99,0.03,924791.82,642300.41,282491.41,Scheduled,2025-11-14,2025-11-18,2025-11-19,2025-11-19,Completed,Dispatched,Paid,924791.82,0,SP02,0.305464867,4,0,Yes
ORD01555,2025-08-19,CUST007,Shree Industries,Pharmaceuticals,Kolkata,West Bengal,East,Large,P002,Strapping Solutions,PET Strapping Roll,Kg,50,119.98,0.1,5999.25,3649.55,2349.7,Standard,2025-08-21,2025-08-28,2025-08-30,2025-08-29,Completed,Dispatched,Partially Paid,3266.25,2733,SP06,0.391665625,7,1,No
ORD01556,2025-08-11,CUST074,Global Traders,FMCG,Surat,Gujarat,West,Small,P002,Strapping Solutions,PET Strapping Roll,Kg,50,121.1,0,6055.04,3582.74,2472.3,Scheduled,2025-08-17,2025-08-19,2025-08-19,2025-08-25,In Production,Dispatched,Paid,6055.04,0,SP01,0.408304487,2,0,Yes
ORD01557,2025-01-26,CUST004,Prime Manufacturing,Electronics,Mumbai,Maharashtra,West,Large,P007,Pallet Solutions,Wooden Pallet,Nos,21,874.02,0.02,18354.42,12692.39,5662.03,Standard,2025-01-28,2025-02-03,2025-02-06,2025-02-03,In Production,Dispatched,Paid,18354.42,0,SP03,0.308483188,6,3,No
ORD01558,2025-05-23,CUST075,Global Traders,Textiles,Coimbatore,Tamil Nadu,South,Large,P006,Stretch / Film Solutions,Shrink Film Roll,Roll,27,836.33,0.02,22580.96,12007.47,10573.49,Express,2025-05-28,2025-05-30,2025-06-03,2025-05-30,Completed,Dispatched,Outstanding,197.85,22383.11,SP09,0.468248028,2,4,No
ORD01559,2025-11-30,CUST012,Shree Pvt Ltd,Engineering,Coimbatore,Tamil Nadu,South,Large,P009,Packaging Tools & Equipment,Manual Strapping Tool,Nos,22,3083.1,0.02,67828.16,49475.54,18352.62,Scheduled,2025-12-06,2025-12-08,2025-12-09,2025-12-09,Completed,Dispatched,Paid,67828.16,0,SP06,0.27057523,2,0,Yes
ORD01560,2025-01-04,CUST116,United Manufacturing,Logistics,Coimbatore,Tamil Nadu,South,Medium,P004,Protective Packaging,EPE Foam Roll,Roll,8,1357.05,0.05,10856.43,6922.91,3933.52,Standard,2025-01-09,2025-01-10,2025-01-10,2025-01-14,Completed,Dispatched,Partially Paid,6293.95,4562.48,SP10,0.362321684,1,0,Yes
ORD01561,2025-04-02,CUST086,Apex Manufacturing,Engineering,Chennai,Tamil Nadu,South,Medium,P011,Customized Carton Boxes,5-Ply Corrugated Box,Nos,9,61.13,0.08,550.18,302.88,247.3,Express,2025-04-07,2025-04-14,2025-04-14,2025-04-08,Completed,Dispatched,Partially Paid,400.97,149.21,SP01,0.449489258,7,6,No
ORD01562,2025-10-19,CUST090,Sunrise Traders,Textiles,Delhi,Delhi,North,Small,P003,Protective Packaging,Bubble Wrap Roll,Roll,30,800.64,0.1,24019.33,15518.69,8500.64,Express,2025-10-22,2025-10-24,2025-10-24,2025-10-24,In Production,Dispatched,Paid,24019.33,0,SP05,0.35390829,2,0,Yes
ORD01563,2025-12-25,CUST028,United Logistics,Textiles,Bhubaneswar,Odisha,East,Large,P005,Stretch / Film Solutions,Stretch Film Roll,Roll,11,623.04,0.05,6853.47,3944.51,2908.96,Scheduled,2025-12-27,2026-01-01,2026-01-05,2026-01-03,Completed,Pending,Paid,6853.47,0,SP09,0.42445068,5,2,No
ORD01564,2025-08-28,CUST110,Om Manufacturing,Retail,Chennai,Tamil Nadu,South,Medium,P007,Pallet Solutions,Wooden Pallet,Nos,33,964.52,0,31829.06,19618.33,12210.73,Express,2025-09-02,2025-09-07,2025-09-11,2025-09-11,In Production,Dispatched,Paid,31829.06,0,SP02,0.383634641,5,0,Yes
ORD01565,2025-07-31,CUST032,Vertex Industries,Textiles,Bhopal,Madhya Pradesh,Central,Large,P005,Stretch / Film Solutions,Stretch Film Roll,Roll,66,599.82,0.08,39588.24,23926.54,15661.7,Scheduled,2025-08-02,2025-08-07,2025-08-11,2025-08-07,Completed,Dispatched,Paid,39588.24,0,SP02,0.39561496,5,4,No
ORD01566,2025-01-19,CUST001,Prime Industries,Textiles,Patna,Bihar,East,Small,P006,Stretch / Film Solutions,Shrink Film Roll,Roll,10,869.85,0,8698.52,4434.71,4263.81,Express,2025-01-23,2025-01-26,2025-01-26,2025-01-26,Completed,Dispatched,Paid,8698.52,0,SP05,0.49017649,3,0,Yes
ORD01567,2025-04-20,CUST110,Om Manufacturing,Retail,Chennai,Tamil Nadu,South,Medium,P001,Strapping Solutions,PP Strapping Roll,Meter,250,99.77,0.03,24941.47,14290.44,10651.03,Standard,2025-04-24,2025-04-28,2025-04-30,2025-05-03,In Production,Dispatched,Paid,24941.47,0,SP07,0.427040988,4,0,Yes
ORD01568,2025-05-20,CUST031,United Industries,Textiles,Bhopal,Madhya Pradesh,Central,Large,P012,Customized Carton Boxes,7-Ply Corrugated Box,Nos,5,85.29,0.03,426.46,286.29,140.17,Scheduled,2025-05-26,2025-05-30,2025-05-30,2025-05-31,Completed,Dispatched,Paid,426.46,0,SP09,0.328682643,4,0,Yes
ORD01569,2025-04-10,CUST116,United Manufacturing,Logistics,Coimbatore,Tamil Nadu,South,Medium,P011,Customized Carton Boxes,5-Ply Corrugated Box,Nos,97,58.8,0,5703.14,3182.19,2520.95,Scheduled,2025-04-16,2025-04-19,2025-04-20,2025-04-20,Completed,Dispatched,Outstanding,782.76,4920.38,SP01,0.442028426,3,0,Yes
ORD01570,2025-06-19,CUST022,United Manufacturing,Textiles,Patna,Bihar,East,Small,P001,Strapping Solutions,PP Strapping Roll,Meter,670,93.24,0.05,62469.91,39011.97,23457.94,Standard,2025-06-23,2025-06-24,2025-06-27,2025-07-01,Completed,Dispatched,Paid,62469.91,0,SP06,0.375507824,1,0,Yes
ORD01571,2025-07-23,CUST008,Metro Traders,Pharmaceuticals,Chennai,Tamil Nadu,South,Small,P012,Customized Carton Boxes,7-Ply Corrugated Box,Nos,43,87.6,0.02,3766.85,2552.3,1214.55,Standard,2025-07-26,2025-07-28,2025-08-01,2025-07-30,Completed,Dispatched,Paid,3766.85,0,SP08,0.322431209,2,2,No
ORD01572,2025-11-19,CUST005,Apex Logistics,Electronics,Bhubaneswar,Odisha,East,Large,P011,Customized Carton Boxes,5-Ply Corrugated Box,Nos,49,55.3,0.05,2709.67,1653.84,1055.83,Scheduled,2025-11-23,2025-11-29,2025-12-02,2025-12-03,Completed,Dispatched,Paid,2709.67,0,SP07,0.389652615,6,0,Yes
ORD01573,2025-02-18,CUST028,United Logistics,Textiles,Bhubaneswar,Odisha,East,Large,P002,Strapping Solutions,PET Strapping Roll,Kg,85,123.7,0.03,10514.25,6264.76,4249.49,Standard,2025-02-24,2025-03-02,2025-03-02,2025-02-25,Completed,Dispatched,Outstanding,1083.08,9431.17,SP03,0.404164824,6,5,No
ORD01574,2025-11-21,CUST062,Global Industries,Chemicals,Kochi,Kerala,South,Small,P008,Pallet Solutions,Plastic Pallet,Nos,6,2376.46,0.1,14258.76,9655.67,4603.09,Standard,2025-11-23,2025-11-27,2025-12-01,2025-12-01,Completed,Dispatched,Outstanding,378.84,13879.92,SP02,0.322825407,4,0,Yes
ORD01575,2025-12-08,CUST101,Vertex Manufacturing,Electronics,Jaipur,Rajasthan,North,Medium,P011,Customized Carton Boxes,5-Ply Corrugated Box,Nos,6,59.89,0.02,359.34,211.06,148.28,Express,2025-12-11,2025-12-13,2025-12-16,2025-12-18,In Production,Dispatched,Paid,359.34,0,SP12,0.412645405,2,0,Yes
ORD01576,2025-01-26,CUST009,Prime Industries,Retail,Ludhiana,Punjab,North,Small,P012,Customized Carton Boxes,7-Ply Corrugated Box,Nos,18,90.21,0.05,1623.7,1038.74,584.96,Scheduled,2025-01-28,2025-01-31,2025-01-31,2025-02-05,Completed,Dispatched,Paid,1623.7,0,SP11,0.360263595,3,0,Yes
ORD01577,2025-12-18,CUST113,Vertex Manufacturing,FMCG,Pune,Maharashtra,West,Medium,P004,Protective Packaging,EPE Foam Roll,Roll,39,1456.61,0,56807.93,34574.87,22233.06,Express,2025-12-24,2025-12-27,2025-12-30,2026-01-01,Completed,Dispatched,Paid,56807.93,0,SP12,0.391372472,3,0,Yes
ORD01578,2025-04-08,CUST100,Sunrise Traders,Retail,Jaipur,Rajasthan,North,Large,P007,Pallet Solutions,Wooden Pallet,Nos,12,1025.9,0.1,12310.85,7051.92,5258.93,Scheduled,2025-04-11,2025-04-15,2025-04-23,2025-04-21,Completed,Dispatched,Paid,12310.85,0,SP02,0.427178465,4,2,No
ORD01579,2025-01-25,CUST088,United Manufacturing,Electronics,Pune,Maharashtra,West,Medium,P004,Protective Packaging,EPE Foam Roll,Roll,30,1432.71,0.02,42981.2,26534.41,16446.79,Standard,2025-01-27,2025-01-31,2025-02-02,2025-02-08,Completed,Dispatched,Partially Paid,19813.2,23168,SP01,0.382650787,4,0,Yes
ORD01580,2025-04-20,CUST110,Om Manufacturing,Retail,Chennai,Tamil Nadu,South,Medium,P005,Stretch / Film Solutions,Stretch Film Roll,Roll,123,634.91,0.08,78094.24,43627.54,34466.7,Scheduled,2025-04-25,2025-04-26,2025-04-30,2025-05-04,Completed,Dispatched,Paid,78094.24,0,SP02,0.441347531,1,0,Yes
ORD01581,2025-04-24,CUST038,Global Manufacturing,Logistics,Coimbatore,Tamil Nadu,South,Large,P007,Pallet Solutions,Wooden Pallet,Nos,14,860.04,0.1,12040.59,8240.72,3799.87,Standard,2025-04-28,2025-05-03,2025-05-07,2025-05-01,Completed,Dispatched,Partially Paid,6945.41,5095.18,SP01,0.315588356,5,6,No
ORD01582,2025-07-05,CUST085,Global Manufacturing,Pharmaceuticals,Bhubaneswar,Odisha,East,Small,P004,Protective Packaging,EPE Foam Roll,Roll,16,1469.22,0.03,23507.57,14692.09,8815.48,Scheduled,2025-07-10,2025-07-11,2025-07-11,2025-07-10,Completed,Dispatched,Outstanding,2014.1,21493.47,SP01,0.375006009,1,1,No
ORD01583,2025-02-07,CUST007,Shree Industries,Pharmaceuticals,Kolkata,West Bengal,East,Large,P002,Strapping Solutions,PET Strapping Roll,Kg,115,115.62,0.03,13296.05,8576.13,4719.92,Standard,2025-02-13,2025-02-17,2025-02-20,2025-02-19,Completed,Dispatched,Outstanding,1384.89,11911.16,SP12,0.354986631,4,1,No
ORD01584,2025-04-22,CUST053,United Manufacturing,FMCG,Gurugram,Haryana,North,Medium,P005,Stretch / Film Solutions,Stretch Film Roll,Roll,40,589.57,0.08,23582.78,14177.16,9405.62,Express,2025-04-25,2025-04-30,2025-05-02,2025-05-01,Pending,Dispatched,Paid,23582.78,0,SP08,0.398834234,5,1,No
ORD01585,2025-08-23,CUST041,Metro Enterprises,Chemicals,Patna,Bihar,East,Medium,P003,Protective Packaging,Bubble Wrap Roll,Roll,31,851.44,0.03,26394.71,16499.83,9894.88,Express,2025-08-28,2025-09-04,2025-09-05,2025-09-02,Completed,Dispatched,Paid,26394.71,0,SP04,0.374881179,7,3,No
ORD01586,2025-07-14,CUST008,Metro Traders,Pharmaceuticals,Chennai,Tamil Nadu,South,Small,P012,Customized Carton Boxes,7-Ply Corrugated Box,Nos,63,100.26,0.03,6316.12,3564.34,2751.78,Standard,2025-07-18,2025-07-21,2025-07-22,2025-07-25,Completed,Dispatched,Paid,6316.12,0,SP11,0.4356757,3,0,Yes
ORD01587,2025-10-21,CUST061,Apex Industries,Logistics,Ludhiana,Punjab,North,Large,P011,Customized Carton Boxes,5-Ply Corrugated Box,Nos,6,63.44,0.05,380.62,210.39,170.23,Standard,2025-10-24,2025-10-26,2025-10-27,2025-10-30,Completed,Dispatched,Paid,380.62,0,SP11,0.44724397,2,0,Yes
ORD01588,2025-08-04,CUST037,Prime Pvt Ltd,Logistics,Ahmedabad,Gujarat,West,Small,P004,Protective Packaging,EPE Foam Roll,Roll,9,1406.33,0.02,12656.98,7965.94,4691.04,Standard,2025-08-06,2025-08-09,2025-08-10,2025-08-09,Pending,Dispatched,Paid,12656.98,0,SP01,0.370628697,3,1,No
ORD01589,2025-03-19,CUST084,Prime Traders,Chemicals,Noida,Uttar Pradesh,North,Medium,P012,Customized Carton Boxes,7-Ply Corrugated Box,Nos,10,93.78,0.02,937.81,572.75,365.06,Express,2025-03-21,2025-03-22,2025-03-25,2025-03-30,In Production,Dispatched,Paid,937.81,0,SP08,0.389268615,1,0,Yes
ORD01590,2025-06-21,CUST104,Om Logistics,Engineering,Chennai,Tamil Nadu,South,Medium,P002,Strapping Solutions,PET Strapping Roll,Kg,310,120.23,0.05,37270.57,22748.06,14522.51,Standard,2025-06-27,2025-07-02,2025-07-06,2025-07-03,Completed,Dispatched,Paid,37270.57,0,SP07,0.389650869,5,3,No
ORD01591,2025-01-24,CUST004,Prime Manufacturing,Electronics,Mumbai,Maharashtra,West,Large,P011,Customized Carton Boxes,5-Ply Corrugated Box,Nos,46,55.82,0.05,2567.76,1614.08,953.68,Scheduled,2025-01-27,2025-02-03,2025-02-04,2025-02-04,In Production,Dispatched,Partially Paid,1278.79,1288.97,SP03,0.371405427,7,0,Yes
ORD01592,2025-02-09,CUST068,Shree Enterprises,Engineering,Indore,Madhya Pradesh,Central,Small,P003,Protective Packaging,Bubble Wrap Roll,Roll,36,848.23,0.05,30536.43,19320.78,11215.65,Standard,2025-02-13,2025-02-17,2025-02-20,2025-02-14,Completed,Dispatched,Outstanding,1576.84,28959.59,SP04,0.367287532,4,6,No
ORD01593,2025-10-09,CUST002,Global Pvt Ltd,FMCG,Noida,Uttar Pradesh,North,Large,P005,Stretch / Film Solutions,Stretch Film Roll,Roll,183,674.41,0.05,123416.57,69053.62,54362.95,Express,2025-10-11,2025-10-13,2025-10-14,2025-10-20,Completed,Dispatched,Paid,123416.57,0,SP09,0.440483397,2,0,Yes
ORD01594,2025-03-05,CUST026,Prime Manufacturing,Pharmaceuticals,Pune,Maharashtra,West,Large,P013,Material Handling,Platform Trolley,Nos,76,8001.19,0,608090.42,399094.32,208996.1,Express,2025-03-11,2025-03-16,2025-03-19,2025-03-10,Completed,Dispatched,Paid,608090.42,0,SP04,0.343692473,5,9,No
ORD01595,2025-10-02,CUST036,National Industries,Electronics,Jaipur,Rajasthan,North,Large,P005,Stretch / Film Solutions,Stretch Film Roll,Roll,7,666.51,0.03,4665.54,2594.38,2071.16,Scheduled,2025-10-06,2025-10-09,2025-10-19,2025-10-15,In Production,Dispatched,Paid,4665.54,0,SP12,0.443927177,3,4,No
ORD01596,2025-02-18,CUST010,Metro Logistics,Textiles,Chandigarh,Chandigarh,North,Small,P004,Protective Packaging,EPE Foam Roll,Roll,26,1317.19,0.1,34246.88,24151.69,10095.19,Scheduled,2025-02-23,2025-02-28,2025-03-04,2025-02-23,Completed,Dispatched,Partially Paid,22474.01,11772.87,SP10,0.294776926,5,9,No
ORD01597,2025-04-21,CUST027,Om Industries,Retail,Chennai,Tamil Nadu,South,Medium,P002,Strapping Solutions,PET Strapping Roll,Kg,50,122.74,0.02,6137.03,3780.28,2356.75,Scheduled,2025-04-23,2025-04-28,2025-05-01,2025-05-05,Completed,Dispatched,Paid,6137.03,0,SP05,0.384021261,5,0,Yes
ORD01598,2025-06-19,CUST099,Prime Pvt Ltd,Textiles,Ludhiana,Punjab,North,Large,P005,Stretch / Film Solutions,Stretch Film Roll,Roll,91,608.65,0.1,55387.26,32501.63,22885.63,Scheduled,2025-06-23,2025-06-30,2025-06-30,2025-06-25,Completed,Dispatched,Partially Paid,20581.34,34805.92,SP04,0.413193034,7,5,No
ORD01599,2025-11-11,CUST115,Metro Enterprises,Chemicals,Bhubaneswar,Odisha,East,Medium,P011,Customized Carton Boxes,5-Ply Corrugated Box,Nos,15,56.97,0,854.53,499.51,355.02,Scheduled,2025-11-15,2025-11-20,2025-11-24,2025-11-19,Completed,Dispatched,Paid,854.53,0,SP04,0.41545645,5,5,No
ORD01600,2025-03-09,CUST001,Prime Industries,Textiles,Patna,Bihar,East,Small,P006,Stretch / Film Solutions,Shrink Film Roll,Roll,26,757.67,0.03,19699.37,12091.72,7607.65,Standard,2025-03-15,2025-03-21,2025-03-21,2025-03-15,Pending,Dispatched,Paid,19699.37,0,SP11,0.386187477,6,6,No
ORD01601,2025-03-06,CUST009,Prime Industries,Retail,Ludhiana,Punjab,North,Small,P011,Customized Carton Boxes,5-Ply Corrugated Box,Nos,11,60.88,0,669.66,387.35,282.31,Scheduled,2025-03-08,2025-03-10,2025-03-10,2025-03-14,Completed,Dispatched,Partially Paid,269.52,400.14,SP08,0.421572141,2,0,Yes
ORD01602,2025-09-12,CUST008,Metro Traders,Pharmaceuticals,Chennai,Tamil Nadu,South,Small,P005,Stretch / Film Solutions,Stretch Film Roll,Roll,105,683.42,0.05,71759.46,37741.39,34018.07,Standard,2025-09-16,2025-09-23,2025-09-24,2025-09-18,Completed,Dispatched,Paid,71759.46,0,SP07,0.47405694,7,6,No
ORD01603,2025-06-21,CUST011,Vertex Industries,Retail,Hyderabad,Telangana,South,Small,P001,Strapping Solutions,PP Strapping Roll,Meter,150,105.48,0.02,15821.68,7981.06,7840.62,Express,2025-06-23,2025-06-27,2025-06-29,2025-07-02,Completed,Dispatched,Partially Paid,8322.02,7499.66,SP06,0.495561786,4,0,Yes
ORD01604,2025-07-23,CUST079,Shree Manufacturing,Logistics,Indore,Madhya Pradesh,Central,Large,P013,Material Handling,Platform Trolley,Nos,8,8392.65,0.08,67141.18,43271.83,23869.35,Scheduled,2025-07-29,2025-07-30,2025-08-03,2025-08-05,Completed,Dispatched,Partially Paid,25907.33,41233.85,SP11,0.355509838,1,0,Yes
ORD01605,2025-02-07,CUST053,United Manufacturing,FMCG,Gurugram,Haryana,North,Medium,P003,Protective Packaging,Bubble Wrap Roll,Roll,6,834.02,0.1,5004.09,3034.59,1969.5,Standard,2025-02-12,2025-02-15,2025-02-21,2025-02-21,Completed,Dispatched,Outstanding,21.9,4982.19,SP12,0.393578053,3,0,Yes
ORD01606,2025-10-05,CUST114,United Pvt Ltd,Chemicals,Indore,Madhya Pradesh,Central,Large,P009,Packaging Tools & Equipment,Manual Strapping Tool,Nos,18,3072.31,0.05,55301.56,39071.01,16230.55,Express,2025-10-09,2025-10-10,2025-10-14,2025-10-16,Completed,Dispatched,Paid,55301.56,0,SP08,0.293491721,1,0,Yes
ORD01607,2025-01-08,CUST001,Prime Industries,Textiles,Patna,Bihar,East,Small,P013,Material Handling,Platform Trolley,Nos,7,7047.49,0.08,49332.4,39604.81,9727.59,Standard,2025-01-14,2025-01-15,2025-01-17,2025-01-19,Completed,Dispatched,Partially Paid,36092.51,13239.89,SP07,0.197184609,1,0,Yes
ORD01608,2025-04-30,CUST053,United Manufacturing,FMCG,Gurugram,Haryana,North,Medium,P006,Stretch / Film Solutions,Shrink Film Roll,Roll,5,752.03,0,3760.16,2317.8,1442.36,Express,2025-05-05,2025-05-07,2025-05-07,2025-05-14,Completed,Dispatched,Paid,3760.16,0,SP05,0.38359006,2,0,Yes
ORD01609,2025-12-02,CUST081,Vertex Industries,Engineering,Indore,Madhya Pradesh,Central,Large,P009,Packaging Tools & Equipment,Manual Strapping Tool,Nos,12,3046.24,0.08,36554.93,26820.16,9734.77,Express,2025-12-04,2025-12-08,2025-12-11,2025-12-13,Completed,Dispatched,Paid,36554.93,0,SP06,0.266305256,4,0,Yes
ORD01610,2025-01-05,CUST119,National Traders,Engineering,Jaipur,Rajasthan,North,Medium,P006,Stretch / Film Solutions,Shrink Film Roll,Roll,40,729.98,0.05,29199.1,19249.62,9949.48,Standard,2025-01-09,2025-01-15,2025-01-19,2025-01-16,Completed,Dispatched,Partially Paid,20521.88,8677.22,SP02,0.340746119,6,3,No
ORD01611,2025-06-01,CUST028,United Logistics,Textiles,Bhubaneswar,Odisha,East,Large,P002,Strapping Solutions,PET Strapping Roll,Kg,70,128.82,0.08,9017.54,5205.89,3811.65,Scheduled,2025-06-04,2025-06-07,2025-06-08,2025-06-12,In Production,Dispatched,Partially Paid,4312.41,4705.13,SP03,0.422692885,3,0,Yes
ORD01612,2025-02-21,CUST033,Om Manufacturing,Pharmaceuticals,Kochi,Kerala,South,Medium,P011,Customized Carton Boxes,5-Ply Corrugated Box,Nos,9,60.41,0.03,543.69,300.99,242.7,Express,2025-02-27,2025-03-06,2025-03-10,2025-02-26,Completed,Dispatched,Outstanding,50.79,492.9,SP03,0.446394085,7,12,No
ORD01613,2025-11-24,CUST056,National Enterprises,Automotive,Vijayawada,Andhra Pradesh,South,Small,P002,Strapping Solutions,PET Strapping Roll,Kg,50,128.27,0.02,6413.49,3672.47,2741.02,Express,2025-11-27,2025-12-03,2025-12-05,2025-11-30,Completed,Dispatched,Paid,6413.49,0,SP04,0.427383531,6,5,No
ORD01614,2025-03-10,CUST059,Global Manufacturing,Textiles,Vijayawada,Andhra Pradesh,South,Small,P005,Stretch / Film Solutions,Stretch Film Roll,Roll,26,653.22,0.03,16983.6,9920.51,7063.09,Standard,2025-03-14,2025-03-18,2025-03-19,2025-03-20,Completed,Dispatched,Paid,16983.6,0,SP12,0.415877081,4,0,Yes
ORD01615,2025-05-04,CUST020,Shree Industries,Electronics,Bengaluru,Karnataka,South,Large,P012,Customized Carton Boxes,7-Ply Corrugated Box,Nos,24,98.69,0,2368.64,1312.4,1056.24,Scheduled,2025-05-06,2025-05-07,2025-05-09,2025-05-17,Completed,Dispatched,Outstanding,165.89,2202.75,SP07,0.445926777,1,0,Yes
ORD01616,2025-12-20,CUST090,Sunrise Traders,Textiles,Delhi,Delhi,North,Small,P003,Protective Packaging,Bubble Wrap Roll,Roll,25,906.78,0.1,22669.51,13011.28,9658.23,Scheduled,2025-12-26,2026-01-01,2026-01-03,2026-01-01,Completed,Pending,Paid,22669.51,0,SP06,0.426044939,6,2,No
ORD01617,2025-04-13,CUST047,Global Pvt Ltd,Logistics,Coimbatore,Tamil Nadu,South,Small,P011,Customized Carton Boxes,5-Ply Corrugated Box,Nos,13,62.44,0,811.75,444.24,367.51,Standard,2025-04-17,2025-04-19,2025-04-22,2025-04-23,Pending,Dispatched,Paid,811.75,0,SP07,0.452737912,2,0,Yes
ORD01618,2025-04-17,CUST068,Shree Enterprises,Engineering,Indore,Madhya Pradesh,Central,Small,P013,Material Handling,Platform Trolley,Nos,57,7434.92,0.08,423790.63,328370.78,95419.85,Scheduled,2025-04-21,2025-04-23,2025-04-23,2025-04-24,Completed,Dispatched,Paid,423790.63,0,SP05,0.225157998,2,0,Yes
ORD01619,2025-09-18,CUST098,Prime Pvt Ltd,Engineering,Chennai,Tamil Nadu,South,Large,P003,Protective Packaging,Bubble Wrap Roll,Roll,12,907.64,0,10891.64,6063.53,4828.11,Express,2025-09-20,2025-09-27,2025-09-29,2025-09-25,Completed,Dispatched,Paid,10891.64,0,SP08,0.44328586,7,4,No
ORD01620,2025-04-04,CUST060,Om Pvt Ltd,Chemicals,Pune,Maharashtra,West,Small,P011,Customized Carton Boxes,5-Ply Corrugated Box,Nos,25,54.76,0.02,1369.02,866.36,502.66,Standard,2025-04-06,2025-04-13,2025-04-14,2025-04-09,Pending,Dispatched,Paid,1369.02,0,SP07,0.367167755,7,5,No
ORD01621,2025-03-04,CUST033,Om Manufacturing,Pharmaceuticals,Kochi,Kerala,South,Medium,P012,Customized Carton Boxes,7-Ply Corrugated Box,Nos,13,95.48,0,1241.25,739.1,502.15,Express,2025-03-08,2025-03-09,2025-03-11,2025-03-17,Completed,Dispatched,Outstanding,144.62,1096.63,SP04,0.404551863,1,0,Yes
ORD01622,2025-01-29,CUST086,Apex Manufacturing,Engineering,Chennai,Tamil Nadu,South,Medium,P003,Protective Packaging,Bubble Wrap Roll,Roll,69,931.96,0.08,64304.99,35326.13,28978.86,Scheduled,2025-02-03,2025-02-08,2025-02-11,2025-02-06,Completed,Dispatched,Paid,64304.99,0,SP11,0.450647143,5,5,No
ORD01623,2025-12-18,CUST076,Metro Manufacturing,Textiles,Delhi,Delhi,North,Large,P001,Strapping Solutions,PP Strapping Roll,Meter,160,89.38,0.02,14300.48,8499.9,5800.58,Standard,2025-12-20,2025-12-24,2025-12-28,2025-12-28,Completed,Dispatched,Paid,14300.48,0,SP09,0.40562135,4,0,Yes
ORD01624,2025-05-24,CUST020,Shree Industries,Electronics,Bengaluru,Karnataka,South,Large,P014,Material Handling,Hand Pallet Truck,Nos,3,17500.74,0.02,52502.21,39738.64,12763.57,Express,2025-05-28,2025-05-30,2025-05-31,2025-06-03,Completed,Dispatched,Partially Paid,35124.2,17378.01,SP05,0.243105385,2,0,Yes
ORD01625,2025-12-15,CUST085,Global Manufacturing,Pharmaceuticals,Bhubaneswar,Odisha,East,Small,P008,Pallet Solutions,Plastic Pallet,Nos,10,2403.16,0.02,24031.55,16857.8,7173.75,Express,2025-12-20,2025-12-21,2025-12-21,2025-12-27,Pending,Dispatched,Outstanding,1907.04,22124.51,SP12,0.298513829,1,0,Yes
ORD01626,2025-03-17,CUST044,Apex Industries,Automotive,Noida,Uttar Pradesh,North,Small,P005,Stretch / Film Solutions,Stretch Film Roll,Roll,46,592.91,0,27273.84,16740.64,10533.2,Standard,2025-03-20,2025-03-24,2025-04-01,2025-03-29,Completed,Dispatched,Paid,27273.84,0,SP02,0.386201576,4,3,No
ORD01627,2025-05-23,CUST027,Om Industries,Retail,Chennai,Tamil Nadu,South,Medium,P007,Pallet Solutions,Wooden Pallet,Nos,10,913.5,0.08,9134.99,6021.54,3113.45,Scheduled,2025-05-25,2025-05-31,2025-05-31,2025-06-02,In Production,Dispatched,Outstanding,445.99,8689,SP11,0.340826865,6,0,Yes
ORD01628,2025-01-24,CUST101,Vertex Manufacturing,Electronics,Jaipur,Rajasthan,North,Medium,P001,Strapping Solutions,PP Strapping Roll,Meter,270,91.91,0.05,24815.81,14290.72,10525.09,Express,2025-01-26,2025-01-27,2025-01-28,2025-02-05,Completed,Dispatched,Paid,24815.81,0,SP11,0.424128408,1,0,Yes
ORD01629,2025-04-10,CUST111,National Manufacturing,Automotive,Bengaluru,Karnataka,South,Small,P001,Strapping Solutions,PP Strapping Roll,Meter,680,98.64,0.05,67076.44,39504.78,27571.66,Scheduled,2025-04-12,2025-04-16,2025-04-16,2025-04-24,Pending,Dispatched,Partially Paid,34155.22,32921.22,SP12,0.41104835,4,0,Yes
ORD01630,2025-02-14,CUST115,Metro Enterprises,Chemicals,Bhubaneswar,Odisha,East,Medium,P007,Pallet Solutions,Wooden Pallet,Nos,27,947.29,0.1,25576.93,15831.25,9745.68,Express,2025-02-19,2025-02-21,2025-02-26,2025-02-22,Completed,Dispatched,Paid,25576.93,0,SP03,0.381034002,2,4,No
ORD01631,2025-01-14,CUST045,Apex Traders,FMCG,Ahmedabad,Gujarat,West,Large,P011,Customized Carton Boxes,5-Ply Corrugated Box,Nos,14,53.22,0.05,745.06,486.03,259.03,Scheduled,2025-01-20,2025-01-26,2025-01-27,2025-01-28,In Production,Dispatched,Partially Paid,372.09,372.97,SP06,0.347663275,6,0,Yes
ORD01632,2025-12-04,CUST064,Sunrise Industries,Electronics,Noida,Uttar Pradesh,North,Large,P010,Packaging Tools & Equipment,Battery Strapping Machine,Nos,8,40990.4,0.02,327923.23,224916.9,103006.33,Standard,2025-12-07,2025-12-09,2025-12-10,2025-12-11,Completed,Dispatched,Partially Paid,193919.34,134003.89,SP01,0.31411721,2,0,Yes
ORD01633,2025-05-28,CUST056,National Enterprises,Automotive,Vijayawada,Andhra Pradesh,South,Small,P012,Customized Carton Boxes,7-Ply Corrugated Box,Nos,15,94.63,0.03,1419.48,878.87,540.61,Express,2025-06-01,2025-06-08,2025-06-11,2025-06-05,Completed,Dispatched,Paid,1419.48,0,SP01,0.380850734,7,6,No
ORD01634,2025-08-29,CUST045,Apex Traders,FMCG,Ahmedabad,Gujarat,West,Large,P006,Stretch / Film Solutions,Shrink Film Roll,Roll,29,819.82,0.1,23774.85,13274.68,10500.17,Standard,2025-09-03,2025-09-04,2025-09-04,2025-09-11,Completed,Dispatched,Paid,23774.85,0,SP09,0.441650315,1,0,Yes
ORD01635,2025-03-23,CUST106,Global Pvt Ltd,FMCG,Vijayawada,Andhra Pradesh,South,Medium,P011,Customized Carton Boxes,5-Ply Corrugated Box,Nos,12,56.36,0.05,676.32,413.84,262.48,Scheduled,2025-03-26,2025-03-30,2025-04-01,2025-03-29,Completed,Dispatched,Paid,676.32,0,SP11,0.388100308,4,3,No
ORD01636,2025-10-14,CUST098,Prime Pvt Ltd,Engineering,Chennai,Tamil Nadu,South,Large,P012,Customized Carton Boxes,7-Ply Corrugated Box,Nos,5,98.48,0.03,492.42,269.57,222.85,Express,2025-10-17,2025-10-23,2025-10-23,2025-10-26,In Production,Dispatched,Paid,492.42,0,SP07,0.452560822,6,0,Yes
ORD01637,2025-09-02,CUST108,National Manufacturing,Pharmaceuticals,Jaipur,Rajasthan,North,Small,P002,Strapping Solutions,PET Strapping Roll,Kg,60,134.47,0.02,8068.21,4540.05,3528.16,Scheduled,2025-09-05,2025-09-08,2025-09-14,2025-09-11,Pending,Dispatched,Outstanding,1152.48,6915.73,SP09,0.437291543,3,3,No
ORD01638,2025-01-09,CUST012,Shree Pvt Ltd,Engineering,Coimbatore,Tamil Nadu,South,Large,P003,Protective Packaging,Bubble Wrap Roll,Roll,13,873.37,0.08,11353.87,6415.73,4938.14,Scheduled,2025-01-11,2025-01-18,2025-01-22,2025-01-18,Completed,Dispatched,Paid,11353.87,0,SP11,0.434930116,7,4,No
ORD01639,2025-11-20,CUST075,Global Traders,Textiles,Coimbatore,Tamil Nadu,South,Large,P005,Stretch / Film Solutions,Stretch Film Roll,Roll,33,586.82,0,19365.08,12375,6990.08,Scheduled,2025-11-23,2025-11-25,2025-11-30,2025-12-01,In Production,Dispatched,Paid,19365.08,0,SP01,0.360963136,2,0,Yes
ORD01640,2025-07-19,CUST020,Shree Industries,Electronics,Bengaluru,Karnataka,South,Large,P011,Customized Carton Boxes,5-Ply Corrugated Box,Nos,19,57.8,0.05,1098.14,659.27,438.87,Standard,2025-07-22,2025-07-29,2025-08-03,2025-07-27,Completed,Dispatched,Paid,1098.14,0,SP04,0.399648497,7,7,No
ORD01641,2025-01-04,CUST050,Prime Industries,Retail,Pune,Maharashtra,West,Large,P002,Strapping Solutions,PET Strapping Roll,Kg,70,121.59,0.02,8511.53,5140.81,3370.72,Scheduled,2025-01-09,2025-01-15,2025-01-17,2025-01-12,In Production,Dispatched,Partially Paid,3484.61,5026.92,SP02,0.396018107,6,5,No
ORD01642,2025-04-23,CUST094,Sunrise Traders,Engineering,Bhubaneswar,Odisha,East,Medium,P007,Pallet Solutions,Wooden Pallet,Nos,17,997.95,0.05,16965.18,10174.5,6790.68,Express,2025-04-28,2025-04-30,2025-05-03,2025-04-28,Completed,Dispatched,Paid,16965.18,0,SP07,0.400271615,2,5,No
ORD01643,2025-02-02,CUST010,Metro Logistics,Textiles,Chandigarh,Chandigarh,North,Small,P010,Packaging Tools & Equipment,Battery Strapping Machine,Nos,11,35852.48,0.1,394377.27,307805.26,86572.01,Standard,2025-02-06,2025-02-12,2025-02-18,2025-02-14,Completed,Dispatched,Paid,394377.27,0,SP07,0.219515719,6,4,No
ORD01644,2025-05-18,CUST006,Vertex Enterprises,Electronics,Patna,Bihar,East,Medium,P009,Packaging Tools & Equipment,Manual Strapping Tool,Nos,54,3148.15,0.08,170000.19,124211.36,45788.83,Scheduled,2025-05-20,2025-05-21,2025-05-25,2025-05-28,Completed,Dispatched,Paid,170000.19,0,SP07,0.269345758,1,0,Yes
ORD01645,2025-10-31,CUST026,Prime Manufacturing,Pharmaceuticals,Pune,Maharashtra,West,Large,P002,Strapping Solutions,PET Strapping Roll,Kg,405,132.11,0.08,53502.69,30022.37,23480.32,Standard,2025-11-03,2025-11-08,2025-11-10,2025-11-12,Completed,Dispatched,Paid,53502.69,0,SP01,0.43886242,5,0,Yes
ORD01646,2025-05-10,CUST015,Metro Manufacturing,Engineering,Hyderabad,Telangana,South,Medium,P003,Protective Packaging,Bubble Wrap Roll,Roll,12,851.48,0.08,10217.71,6200.21,4017.5,Standard,2025-05-13,2025-05-17,2025-05-23,2025-05-15,Completed,Dispatched,Partially Paid,3875.75,6341.96,SP10,0.393189863,4,8,No
ORD01647,2025-05-05,CUST097,Vertex Pvt Ltd,Electronics,Kochi,Kerala,South,Medium,P001,Strapping Solutions,PP Strapping Roll,Meter,100,102.91,0.02,10291.16,5420.83,4870.33,Standard,2025-05-10,2025-05-15,2025-05-18,2025-05-17,Completed,Dispatched,Paid,10291.16,0,SP02,0.473253744,5,1,No
ORD01648,2025-03-26,CUST105,United Pvt Ltd,Electronics,Hyderabad,Telangana,South,Large,P011,Customized Carton Boxes,5-Ply Corrugated Box,Nos,17,56.58,0.05,961.89,571.79,390.1,Standard,2025-03-31,2025-04-04,2025-04-13,2025-04-03,Pending,Dispatched,Paid,961.89,0,SP08,0.405555729,4,10,No
ORD01649,2025-06-23,CUST095,Vertex Industries,Retail,Bhubaneswar,Odisha,East,Large,P007,Pallet Solutions,Wooden Pallet,Nos,34,1020.29,0.1,34689.76,20199.42,14490.34,Scheduled,2025-06-29,2025-07-04,2025-07-08,2025-07-07,Completed,Dispatched,Paid,34689.76,0,SP10,0.417712316,5,1,No
ORD01650,2025-12-24,CUST113,Vertex Manufacturing,FMCG,Pune,Maharashtra,West,Medium,P005,Stretch / Film Solutions,Stretch Film Roll,Roll,40,607.88,0,24315.13,13962.87,10352.26,Standard,2025-12-28,2025-12-30,2026-01-04,2026-01-07,Completed,Pending,Paid,24315.13,0,SP02,0.425753841,2,0,Yes
ORD01651,2025-03-16,CUST120,Prime Manufacturing,Pharmaceuticals,Coimbatore,Tamil Nadu,South,Small,P001,Strapping Solutions,PP Strapping Roll,Meter,860,104.07,0.05,89499.91,46133.11,43366.8,Scheduled,2025-03-18,2025-03-20,2025-03-22,2025-03-30,Completed,Dispatched,Paid,89499.91,0,SP11,0.484545739,2,0,Yes
ORD01652,2025-08-22,CUST006,Vertex Enterprises,Electronics,Patna,Bihar,East,Medium,P002,Strapping Solutions,PET Strapping Roll,Kg,180,125.63,0.08,22613.15,13522.24,9090.91,Scheduled,2025-08-26,2025-08-30,2025-09-04,2025-08-27,Pending,Dispatched,Paid,22613.15,0,SP07,0.402018737,4,8,No
ORD01653,2025-09-12,CUST071,Prime Manufacturing,Engineering,Chandigarh,Chandigarh,North,Medium,P012,Customized Carton Boxes,7-Ply Corrugated Box,Nos,54,88.97,0.1,4804.17,3053.74,1750.43,Express,2025-09-17,2025-09-20,2025-09-24,2025-09-24,In Production,Dispatched,Outstanding,145.07,4659.1,SP07,0.364356382,3,0,Yes
ORD01654,2025-12-20,CUST069,United Logistics,FMCG,Mumbai,Maharashtra,West,Small,P011,Customized Carton Boxes,5-Ply Corrugated Box,Nos,4,58.52,0.03,234.1,134.65,99.45,Express,2025-12-22,2025-12-25,2025-12-30,2025-12-25,Completed,Dispatched,Partially Paid,137.08,97.02,SP05,0.424818454,3,5,No
ORD01655,2025-10-17,CUST085,Global Manufacturing,Pharmaceuticals,Bhubaneswar,Odisha,East,Small,P003,Protective Packaging,Bubble Wrap Roll,Roll,19,899.79,0.05,17095.94,9662.29,7433.65,Scheduled,2025-10-22,2025-10-27,2025-10-28,2025-10-29,Completed,Dispatched,Paid,17095.94,0,SP12,0.434819612,5,0,Yes
ORD01656,2025-07-14,CUST117,National Pvt Ltd,Textiles,Gurugram,Haryana,North,Large,P007,Pallet Solutions,Wooden Pallet,Nos,34,1002.12,0,34072.19,21742.26,12329.93,Scheduled,2025-07-17,2025-07-20,2025-07-21,2025-07-19,Completed,Dispatched,Partially Paid,13426.11,20646.08,SP03,0.361876651,3,2,No
ORD01657,2025-08-25,CUST020,Shree Industries,Electronics,Bengaluru,Karnataka,South,Large,P002,Strapping Solutions,PET Strapping Roll,Kg,50,115.48,0.03,5774.17,3729.52,2044.65,Scheduled,2025-08-30,2025-09-05,2025-09-06,2025-09-05,Pending,Dispatched,Partially Paid,3454.72,2319.45,SP10,0.354102841,6,1,No
ORD01658,2025-06-21,CUST031,United Industries,Textiles,Bhopal,Madhya Pradesh,Central,Large,P004,Protective Packaging,EPE Foam Roll,Roll,51,1457.31,0,74323.06,47503.73,26819.33,Express,2025-06-27,2025-07-01,2025-07-03,2025-06-30,Completed,Dispatched,Paid,74323.06,0,SP12,0.360848033,4,3,No
ORD01659,2025-04-24,CUST035,United Industries,FMCG,Ludhiana,Punjab,North,Medium,P002,Strapping Solutions,PET Strapping Roll,Kg,365,123.79,0.05,45184.1,25948.94,19235.16,Scheduled,2025-04-28,2025-05-04,2025-05-06,2025-04-30,Completed,Dispatched,Paid,45184.1,0,SP04,0.425706388,6,6,No
ORD01660,2025-12-28,CUST099,Prime Pvt Ltd,Textiles,Ludhiana,Punjab,North,Large,P007,Pallet Solutions,Wooden Pallet,Nos,35,900.37,0.05,31512.81,21813.5,9699.31,Scheduled,2026-01-01,2026-01-04,2026-01-08,2026-01-09,Completed,Pending,Paid,31512.81,0,SP11,0.307789435,3,0,Yes
ORD01661,2025-12-03,CUST099,Prime Pvt Ltd,Textiles,Ludhiana,Punjab,North,Large,P003,Protective Packaging,Bubble Wrap Roll,Roll,22,781.2,0.03,17186.32,11476.12,5710.2,Standard,2025-12-09,2025-12-11,2025-12-16,2025-12-11,Completed,Dispatched,Paid,17186.32,0,SP10,0.332252629,2,5,No
ORD01662,2025-12-09,CUST094,Sunrise Traders,Engineering,Bhubaneswar,Odisha,East,Medium,P003,Protective Packaging,Bubble Wrap Roll,Roll,19,797.43,0.05,15151.09,10158.61,4992.48,Scheduled,2025-12-15,2025-12-21,2025-12-25,2025-12-23,Completed,Dispatched,Paid,15151.09,0,SP08,0.329512926,6,2,No
ORD01663,2025-03-08,CUST093,Om Traders,Automotive,Bhopal,Madhya Pradesh,Central,Small,P001,Strapping Solutions,PP Strapping Roll,Meter,260,88.98,0.1,23135.43,15008.96,8126.47,Standard,2025-03-10,2025-03-16,2025-03-17,2025-03-14,Completed,Dispatched,Paid,23135.43,0,SP05,0.351256493,6,3,No
ORD01664,2025-11-19,CUST064,Sunrise Industries,Electronics,Noida,Uttar Pradesh,North,Large,P003,Protective Packaging,Bubble Wrap Roll,Roll,22,932.81,0.05,20521.82,11592.09,8929.73,Express,2025-11-24,2025-11-27,2025-11-29,2025-12-01,Completed,Dispatched,Partially Paid,7534.88,12986.94,SP10,0.435133434,3,0,Yes
ORD01665,2025-08-10,CUST070,National Logistics,Textiles,Coimbatore,Tamil Nadu,South,Small,P001,Strapping Solutions,PP Strapping Roll,Meter,130,91.13,0.05,11846.48,7463.33,4383.15,Express,2025-08-14,2025-08-18,2025-08-18,2025-08-17,Completed,Dispatched,Paid,11846.48,0,SP02,0.369995982,4,1,No
ORD01666,2025-03-11,CUST041,Metro Enterprises,Chemicals,Patna,Bihar,East,Medium,P012,Customized Carton Boxes,7-Ply Corrugated Box,Nos,8,101.92,0.02,815.38,467.55,347.83,Express,2025-03-13,2025-03-15,2025-03-18,2025-03-21,In Production,Dispatched,Paid,815.38,0,SP10,0.426586377,2,0,Yes
ORD01667,2025-06-22,CUST061,Apex Industries,Logistics,Ludhiana,Punjab,North,Large,P004,Protective Packaging,EPE Foam Roll,Roll,55,1408.55,0.05,77470.16,47892.19,29577.97,Scheduled,2025-06-27,2025-06-28,2025-07-02,2025-07-03,Completed,Dispatched,Paid,77470.16,0,SP06,0.38179823,1,0,Yes
ORD01668,2025-10-10,CUST101,Vertex Manufacturing,Electronics,Jaipur,Rajasthan,North,Medium,P012,Customized Carton Boxes,7-Ply Corrugated Box,Nos,10,93.8,0.03,937.99,583.63,354.36,Standard,2025-10-14,2025-10-16,2025-10-18,2025-10-20,Completed,Dispatched,Paid,937.99,0,SP04,0.377786544,2,0,Yes
ORD01669,2025-06-01,CUST047,Global Pvt Ltd,Logistics,Coimbatore,Tamil Nadu,South,Small,P002,Strapping Solutions,PET Strapping Roll,Kg,65,118.86,0.02,7726.1,4696.02,3030.08,Express,2025-06-04,2025-06-06,2025-06-09,2025-06-08,Completed,Dispatched,Paid,7726.1,0,SP05,0.39218752,2,1,No
ORD01670,2025-04-04,CUST016,Shree Pvt Ltd,FMCG,Delhi,Delhi,North,Large,P003,Protective Packaging,Bubble Wrap Roll,Roll,20,899.74,0.08,17994.82,9807.02,8187.8,Scheduled,2025-04-08,2025-04-12,2025-04-16,2025-04-10,Completed,Dispatched,Partially Paid,11287.41,6707.41,SP07,0.455008719,4,6,No
ORD01671,2025-10-04,CUST040,National Pvt Ltd,Textiles,Coimbatore,Tamil Nadu,South,Medium,P005,Stretch / Film Solutions,Stretch Film Roll,Roll,14,677.81,0.02,9489.36,4879.22,4610.14,Scheduled,2025-10-06,2025-10-07,2025-10-11,2025-10-14,In Production,Dispatched,Paid,9489.36,0,SP01,0.485822015,1,0,Yes
ORD01672,2025-03-20,CUST039,Shree Logistics,Retail,Bhopal,Madhya Pradesh,Central,Small,P002,Strapping Solutions,PET Strapping Roll,Kg,90,134.99,0.05,12149.27,6859.49,5289.78,Express,2025-03-22,2025-03-28,2025-03-31,2025-04-01,Completed,Dispatched,Paid,12149.27,0,SP01,0.435398999,6,0,Yes
ORD01673,2025-03-21,CUST016,Shree Pvt Ltd,FMCG,Delhi,Delhi,North,Large,P008,Pallet Solutions,Plastic Pallet,Nos,40,2444.01,0.05,97760.26,67079.09,30681.17,Express,2025-03-24,2025-03-29,2025-03-31,2025-03-26,In Production,Dispatched,Paid,97760.26,0,SP03,0.313840921,5,5,No
ORD01674,2025-08-18,CUST104,Om Logistics,Engineering,Chennai,Tamil Nadu,South,Medium,P005,Stretch / Film Solutions,Stretch Film Roll,Roll,122,629.19,0.1,76760.74,44613.75,32146.99,Standard,2025-08-22,2025-08-28,2025-08-29,2025-08-26,Completed,Dispatched,Paid,76760.74,0,SP01,0.418794686,6,3,No
ORD01675,2025-03-10,CUST090,Sunrise Traders,Textiles,Delhi,Delhi,North,Small,P007,Pallet Solutions,Wooden Pallet,Nos,25,896.94,0,22423.38,15882.61,6540.77,Express,2025-03-14,2025-03-18,2025-03-22,2025-03-16,In Production,Dispatched,Paid,22423.38,0,SP08,0.291694205,4,6,No
ORD01676,2025-08-14,CUST051,Prime Manufacturing,Electronics,Ludhiana,Punjab,North,Small,P002,Strapping Solutions,PET Strapping Roll,Kg,80,133.78,0.02,10702.4,5690.55,5011.85,Scheduled,2025-08-16,2025-08-22,2025-08-22,2025-08-25,Completed,Dispatched,Partially Paid,7067.46,3634.94,SP10,0.468292159,6,0,Yes
ORD01677,2025-06-27,CUST062,Global Industries,Chemicals,Kochi,Kerala,South,Small,P014,Material Handling,Hand Pallet Truck,Nos,40,17361.02,0.03,694440.7,559591.69,134849.01,Scheduled,2025-07-01,2025-07-03,2025-07-03,2025-07-04,Completed,Dispatched,Paid,694440.7,0,SP10,0.194183621,2,0,Yes
ORD01678,2025-10-12,CUST025,Global Logistics,Logistics,Noida,Uttar Pradesh,North,Small,P001,Strapping Solutions,PP Strapping Roll,Meter,370,92.58,0.05,34255.26,20244.18,14011.08,Express,2025-10-16,2025-10-23,2025-10-26,2025-10-19,Completed,Dispatched,Partially Paid,13730.27,20524.99,SP08,0.409019812,7,7,No
ORD01679,2025-02-04,CUST053,United Manufacturing,FMCG,Gurugram,Haryana,North,Medium,P012,Customized Carton Boxes,7-Ply Corrugated Box,Nos,12,98.35,0.03,1180.19,689.06,491.13,Standard,2025-02-10,2025-02-17,2025-02-17,2025-02-10,Completed,Dispatched,Paid,1180.19,0,SP06,0.416144858,7,7,No
ORD01680,2025-01-30,CUST038,Global Manufacturing,Logistics,Coimbatore,Tamil Nadu,South,Large,P003,Protective Packaging,Bubble Wrap Roll,Roll,70,787.29,0.08,55110.27,36364.57,18745.7,Express,2025-02-04,2025-02-11,2025-02-14,2025-02-08,Completed,Dispatched,Partially Paid,33310.02,21800.25,SP06,0.340148941,7,6,No
ORD01681,2025-05-14,CUST066,Om Logistics,Engineering,Kolkata,West Bengal,East,Medium,P005,Stretch / Film Solutions,Stretch Film Roll,Roll,20,604.19,0.1,12083.81,7580.81,4503,Scheduled,2025-05-19,2025-05-20,2025-05-24,2025-05-28,Completed,Dispatched,Paid,12083.81,0,SP04,0.372647369,1,0,Yes
ORD01682,2025-10-02,CUST008,Metro Traders,Pharmaceuticals,Chennai,Tamil Nadu,South,Small,P003,Protective Packaging,Bubble Wrap Roll,Roll,40,901.93,0.05,36077.06,19995.25,16081.81,Standard,2025-10-07,2025-10-09,2025-10-12,2025-10-09,In Production,Dispatched,Paid,36077.06,0,SP10,0.445762764,2,3,No
ORD01683,2025-12-19,CUST109,National Enterprises,FMCG,Pune,Maharashtra,West,Medium,P009,Packaging Tools & Equipment,Manual Strapping Tool,Nos,7,2960.04,0.02,20720.31,14701.89,6018.42,Express,2025-12-23,2025-12-27,2025-12-30,2026-01-01,Completed,Dispatched,Paid,20720.31,0,SP04,0.29045994,4,0,Yes
ORD01684,2025-11-18,CUST018,Sunrise Traders,Chemicals,Hyderabad,Telangana,South,Small,P009,Packaging Tools & Equipment,Manual Strapping Tool,Nos,21,3113.55,0.1,65384.56,46112.64,19271.92,Express,2025-11-21,2025-11-25,2025-11-29,2025-11-24,Completed,Dispatched,Paid,65384.56,0,SP09,0.294747261,4,5,No
ORD01685,2025-01-22,CUST111,National Manufacturing,Automotive,Bengaluru,Karnataka,South,Small,P008,Pallet Solutions,Plastic Pallet,Nos,63,2504.99,0.08,157814.4,106666.21,51148.19,Standard,2025-01-25,2025-01-31,2025-02-02,2025-02-04,In Production,Dispatched,Paid,157814.4,0,SP08,0.32410344,6,0,Yes
ORD01686,2025-05-30,CUST116,United Manufacturing,Logistics,Coimbatore,Tamil Nadu,South,Medium,P006,Stretch / Film Solutions,Shrink Film Roll,Roll,33,840.07,0.1,27722.25,15556.36,12165.89,Scheduled,2025-06-01,2025-06-08,2025-06-09,2025-06-13,Completed,Dispatched,Outstanding,1476.04,26246.21,SP06,0.4388493,7,0,Yes
ORD01687,2025-02-26,CUST090,Sunrise Traders,Textiles,Delhi,Delhi,North,Small,P002,Strapping Solutions,PET Strapping Roll,Kg,595,134.35,0,79935.34,42959.88,36975.46,Scheduled,2025-03-03,2025-03-04,2025-03-05,2025-03-05,Completed,Dispatched,Paid,79935.34,0,SP08,0.46256712,1,0,Yes
ORD01688,2025-04-04,CUST078,Shree Industries,Automotive,Chennai,Tamil Nadu,South,Medium,P005,Stretch / Film Solutions,Stretch Film Roll,Roll,6,566,0.05,3395.97,2271.38,1124.59,Express,2025-04-07,2025-04-08,2025-04-10,2025-04-13,Completed,Dispatched,Paid,3395.97,0,SP10,0.33115428,1,0,Yes
ORD01689,2025-11-27,CUST011,Vertex Industries,Retail,Hyderabad,Telangana,South,Small,P009,Packaging Tools & Equipment,Manual Strapping Tool,Nos,53,3501.36,0.08,185572.33,112446.81,73125.52,Express,2025-12-02,2025-12-09,2025-12-10,2025-12-05,Completed,Dispatched,Paid,185572.33,0,SP05,0.394054006,7,5,No
ORD01690,2025-08-15,CUST091,Metro Pvt Ltd,Chemicals,Gurugram,Haryana,North,Medium,P005,Stretch / Film Solutions,Stretch Film Roll,Roll,84,626.5,0.03,52626.37,30170.98,22455.39,Standard,2025-08-17,2025-08-20,2025-08-24,2025-08-28,Completed,Dispatched,Outstanding,164.27,52462.1,SP01,0.42669464,3,0,Yes
ORD01691,2025-07-11,CUST106,Global Pvt Ltd,FMCG,Vijayawada,Andhra Pradesh,South,Medium,P001,Strapping Solutions,PP Strapping Roll,Meter,100,96.83,0,9683.43,5494.41,4189.02,Express,2025-07-17,2025-07-23,2025-07-26,2025-07-24,Completed,Dispatched,Partially Paid,6030.34,3653.09,SP05,0.432596714,6,2,No
ORD01692,2025-11-16,CUST044,Apex Industries,Automotive,Noida,Uttar Pradesh,North,Small,P011,Customized Carton Boxes,5-Ply Corrugated Box,Nos,83,54.33,0.02,4509.21,2956.59,1552.62,Express,2025-11-19,2025-11-23,2025-11-26,2025-11-24,In Production,Dispatched,Partially Paid,1911.88,2597.33,SP08,0.344321954,4,2,No
ORD01693,2025-06-13,CUST068,Shree Enterprises,Engineering,Indore,Madhya Pradesh,Central,Small,P001,Strapping Solutions,PP Strapping Roll,Meter,100,90.01,0,9001.33,5589.6,3411.73,Scheduled,2025-06-16,2025-06-18,2025-06-20,2025-06-27,Completed,Dispatched,Outstanding,191.4,8809.93,SP03,0.3790251,2,0,Yes
ORD01694,2025-01-15,CUST040,National Pvt Ltd,Textiles,Coimbatore,Tamil Nadu,South,Medium,P011,Customized Carton Boxes,5-Ply Corrugated Box,Nos,11,56.8,0,624.83,369.23,255.6,Standard,2025-01-19,2025-01-24,2025-01-25,2025-01-22,Completed,Dispatched,Paid,624.83,0,SP03,0.409071267,5,3,No
ORD01695,2025-10-30,CUST047,Global Pvt Ltd,Logistics,Coimbatore,Tamil Nadu,South,Small,P003,Protective Packaging,Bubble Wrap Roll,Roll,16,803.92,0.05,12862.76,8269.8,4592.96,Scheduled,2025-11-03,2025-11-06,2025-11-10,2025-11-10,Completed,Dispatched,Partially Paid,6604.28,6258.48,SP12,0.35707422,3,0,Yes
ORD01696,2025-06-01,CUST077,Shree Industries,FMCG,Vijayawada,Andhra Pradesh,South,Large,P003,Protective Packaging,Bubble Wrap Roll,Roll,24,820.17,0.05,19684.13,12164.51,7519.62,Standard,2025-06-04,2025-06-05,2025-06-12,2025-06-12,Completed,Dispatched,Paid,19684.13,0,SP04,0.382014344,1,0,Yes
ORD01697,2025-04-15,CUST059,Global Manufacturing,Textiles,Vijayawada,Andhra Pradesh,South,Small,P011,Customized Carton Boxes,5-Ply Corrugated Box,Nos,45,58.7,0,2641.71,1532.52,1109.19,Standard,2025-04-17,2025-04-19,2025-04-29,2025-04-20,Completed,Dispatched,Partially Paid,1789.94,851.77,SP03,0.419875762,2,9,No
ORD01698,2025-03-19,CUST050,Prime Industries,Retail,Pune,Maharashtra,West,Large,P004,Protective Packaging,EPE Foam Roll,Roll,16,1590.42,0.05,25446.67,14083.04,11363.63,Standard,2025-03-21,2025-03-28,2025-03-29,2025-03-25,Completed,Dispatched,Partially Paid,12697.78,12748.89,SP07,0.446566486,7,4,No
ORD01699,2025-10-06,CUST015,Metro Manufacturing,Engineering,Hyderabad,Telangana,South,Medium,P007,Pallet Solutions,Wooden Pallet,Nos,11,876.26,0.05,9638.87,7100.6,2538.27,Scheduled,2025-10-11,2025-10-16,2025-10-19,2025-10-17,Completed,Dispatched,Partially Paid,4384.31,5254.56,SP01,0.263336885,5,2,No
ORD01700,2025-07-19,CUST088,United Manufacturing,Electronics,Pune,Maharashtra,West,Medium,P003,Protective Packaging,Bubble Wrap Roll,Roll,10,908.24,0.02,9082.41,5369.92,3712.49,Standard,2025-07-23,2025-07-26,2025-08-01,2025-07-24,Completed,Dispatched,Outstanding,714.45,8367.96,SP06,0.408756046,3,8,No
ORD01701,2025-09-24,CUST074,Global Traders,FMCG,Surat,Gujarat,West,Small,P012,Customized Carton Boxes,7-Ply Corrugated Box,Nos,15,98.93,0.05,1483.93,869.51,614.42,Standard,2025-09-28,2025-10-05,2025-10-08,2025-10-05,In Production,Dispatched,Partially Paid,777.78,706.15,SP04,0.41404918,7,3,No
ORD01702,2025-06-01,CUST002,Global Pvt Ltd,FMCG,Noida,Uttar Pradesh,North,Large,P011,Customized Carton Boxes,5-Ply Corrugated Box,Nos,135,58.78,0,7935.49,4859.72,3075.77,Standard,2025-06-04,2025-06-05,2025-06-09,2025-06-08,Completed,Dispatched,Paid,7935.49,0,SP05,0.387596733,1,1,No
ORD01703,2025-12-20,CUST031,United Industries,Textiles,Bhopal,Madhya Pradesh,Central,Large,P003,Protective Packaging,Bubble Wrap Roll,Roll,9,787.59,0.02,7088.35,4718.74,2369.61,Scheduled,2025-12-22,2025-12-23,2025-12-25,2025-12-27,Completed,Dispatched,Partially Paid,3857.76,3230.59,SP10,0.334296416,1,0,Yes
ORD01704,2025-12-25,CUST045,Apex Traders,FMCG,Ahmedabad,Gujarat,West,Large,P012,Customized Carton Boxes,7-Ply Corrugated Box,Nos,29,84.29,0.08,2444.43,1715.94,728.49,Scheduled,2025-12-27,2025-12-28,2025-12-31,2026-01-08,In Production,Dispatched,Paid,2444.43,0,SP09,0.298020397,1,0,Yes
ORD01705,2025-02-19,CUST030,Metro Industries,Textiles,Patna,Bihar,East,Medium,P005,Stretch / Film Solutions,Stretch Film Roll,Roll,6,579.67,0.05,3478.01,2243.89,1234.12,Standard,2025-02-22,2025-02-27,2025-02-28,2025-02-25,Completed,Dispatched,Paid,3478.01,0,SP12,0.354835092,5,3,No
ORD01706,2025-12-19,CUST092,Metro Industries,FMCG,Coimbatore,Tamil Nadu,South,Medium,P011,Customized Carton Boxes,5-Ply Corrugated Box,Nos,10,55.85,0.05,558.5,345.98,212.52,Standard,2025-12-22,2025-12-28,2025-12-31,2025-12-24,Completed,Dispatched,Paid,558.5,0,SP02,0.380519248,6,7,No
ORD01707,2025-01-02,CUST033,Om Manufacturing,Pharmaceuticals,Kochi,Kerala,South,Medium,P002,Strapping Solutions,PET Strapping Roll,Kg,145,136.78,0.03,19832.73,10906.64,8926.09,Express,2025-01-06,2025-01-12,2025-01-12,2025-01-12,Completed,Dispatched,Outstanding,2111.54,17721.19,SP09,0.450068649,6,0,Yes
ORD01708,2025-12-19,CUST069,United Logistics,FMCG,Mumbai,Maharashtra,West,Small,P007,Pallet Solutions,Wooden Pallet,Nos,21,985.95,0.05,20704.87,13135.91,7568.96,Scheduled,2025-12-22,2025-12-26,2025-12-30,2025-12-26,Completed,Dispatched,Paid,20704.87,0,SP12,0.365564237,4,4,No
ORD01709,2025-08-10,CUST024,Sunrise Logistics,Retail,Kolkata,West Bengal,East,Medium,P002,Strapping Solutions,PET Strapping Roll,Kg,50,121.34,0.05,6067.19,3531.88,2535.31,Scheduled,2025-08-13,2025-08-20,2025-08-23,2025-08-21,In Production,Dispatched,Paid,6067.19,0,SP10,0.417872195,7,2,No
ORD01710,2025-07-17,CUST020,Shree Industries,Electronics,Bengaluru,Karnataka,South,Large,P011,Customized Carton Boxes,5-Ply Corrugated Box,Nos,4,54.94,0.02,219.74,138.62,81.12,Express,2025-07-20,2025-07-22,2025-07-25,2025-07-28,Completed,Dispatched,Paid,219.74,0,SP03,0.369163557,2,0,Yes
ORD01711,2025-07-23,CUST026,Prime Manufacturing,Pharmaceuticals,Pune,Maharashtra,West,Large,P009,Packaging Tools & Equipment,Manual Strapping Tool,Nos,33,3553.7,0.02,117271.96,75376.32,41895.64,Scheduled,2025-07-28,2025-07-29,2025-07-30,2025-08-03,Pending,Dispatched,Paid,117271.96,0,SP09,0.357251981,1,0,Yes
ORD01712,2025-03-22,CUST036,National Industries,Electronics,Jaipur,Rajasthan,North,Large,P011,Customized Carton Boxes,5-Ply Corrugated Box,Nos,17,56.15,0.02,954.56,594.81,359.75,Scheduled,2025-03-25,2025-03-27,2025-04-06,2025-03-29,In Production,Dispatched,Partially Paid,510.15,444.41,SP12,0.37687521,2,8,No
ORD01713,2025-02-02,CUST056,National Enterprises,Automotive,Vijayawada,Andhra Pradesh,South,Small,P012,Customized Carton Boxes,7-Ply Corrugated Box,Nos,7,89.67,0.03,627.7,408.61,219.09,Scheduled,2025-02-08,2025-02-12,2025-02-14,2025-02-07,In Production,Dispatched,Paid,627.7,0,SP12,0.349036164,4,7,No
ORD01714,2025-07-09,CUST074,Global Traders,FMCG,Surat,Gujarat,West,Small,P007,Pallet Solutions,Wooden Pallet,Nos,6,885.86,0.05,5315.15,3610.25,1704.9,Scheduled,2025-07-15,2025-07-17,2025-07-17,2025-07-22,In Production,Dispatched,Partially Paid,2131.24,3183.91,SP08,0.320762349,2,0,Yes
ORD01715,2025-07-29,CUST018,Sunrise Traders,Chemicals,Hyderabad,Telangana,South,Small,P005,Stretch / Film Solutions,Stretch Film Roll,Roll,14,671.53,0.03,9401.46,5014.04,4387.42,Scheduled,2025-07-31,2025-08-04,2025-08-08,2025-08-04,Completed,Dispatched,Paid,9401.46,0,SP05,0.466674325,4,4,No
ORD01716,2025-06-29,CUST011,Vertex Industries,Retail,Hyderabad,Telangana,South,Small,P003,Protective Packaging,Bubble Wrap Roll,Roll,16,829.21,0.08,13267.29,8565.61,4701.68,Standard,2025-07-04,2025-07-06,2025-07-06,2025-07-06,Completed,Dispatched,Partially Paid,6683.91,6583.38,SP10,0.354381339,2,0,Yes
ORD01717,2025-07-01,CUST069,United Logistics,FMCG,Mumbai,Maharashtra,West,Small,P003,Protective Packaging,Bubble Wrap Roll,Roll,126,945.99,0.02,119194.41,62122.69,57071.72,Express,2025-07-07,2025-07-14,2025-07-14,2025-07-08,Completed,Dispatched,Paid,119194.41,0,SP04,0.478812052,7,6,No
ORD01718,2025-11-05,CUST099,Prime Pvt Ltd,Textiles,Ludhiana,Punjab,North,Large,P007,Pallet Solutions,Wooden Pallet,Nos,66,1039.49,0.02,68606.03,40077.3,28528.73,Express,2025-11-09,2025-11-15,2025-11-18,2025-11-10,Completed,Dispatched,Outstanding,2759.17,65846.86,SP03,0.415834148,6,8,No
ORD01719,2025-11-13,CUST020,Shree Industries,Electronics,Bengaluru,Karnataka,South,Large,P005,Stretch / Film Solutions,Stretch Film Roll,Roll,36,571.88,0.03,20587.74,13439.7,7148.04,Scheduled,2025-11-18,2025-11-22,2025-12-01,2025-11-22,Completed,Dispatched,Paid,20587.74,0,SP10,0.347198867,4,9,No
ORD01720,2025-08-23,CUST076,Metro Manufacturing,Textiles,Delhi,Delhi,North,Large,P014,Material Handling,Hand Pallet Truck,Nos,17,20430.66,0,347321.23,226611.76,120709.47,Scheduled,2025-08-27,2025-09-02,2025-09-05,2025-09-01,Completed,Dispatched,Partially Paid,132019.3,215301.93,SP04,0.347544174,6,4,No
ORD01721,2025-11-08,CUST016,Shree Pvt Ltd,FMCG,Delhi,Delhi,North,Large,P004,Protective Packaging,EPE Foam Roll,Roll,22,1367.22,0.03,30078.94,19919.54,10159.4,Scheduled,2025-11-14,2025-11-21,2025-11-23,2025-11-14,Completed,Dispatched,Partially Paid,15324.23,14754.71,SP09,0.337757913,7,9,No
ORD01722,2025-10-01,CUST076,Metro Manufacturing,Textiles,Delhi,Delhi,North,Large,P001,Strapping Solutions,PP Strapping Roll,Meter,100,101.81,0.08,10180.67,5338.42,4842.25,Scheduled,2025-10-03,2025-10-07,2025-10-09,2025-10-15,Completed,Dispatched,Paid,10180.67,0,SP09,0.475631761,4,0,Yes
ORD01723,2025-07-21,CUST116,United Manufacturing,Logistics,Coimbatore,Tamil Nadu,South,Medium,P001,Strapping Solutions,PP Strapping Roll,Meter,330,105.06,0.03,34669.47,18424.92,16244.55,Express,2025-07-23,2025-07-26,2025-07-27,2025-07-27,Pending,Dispatched,Paid,34669.47,0,SP07,0.468554899,3,0,Yes
ORD01724,2025-05-29,CUST101,Vertex Manufacturing,Electronics,Jaipur,Rajasthan,North,Medium,P005,Stretch / Film Solutions,Stretch Film Roll,Roll,187,574.69,0.05,107467.92,68160.32,39307.6,Standard,2025-06-04,2025-06-09,2025-06-09,2025-06-03,Completed,Dispatched,Paid,107467.92,0,SP04,0.365761243,5,6,No
ORD01725,2025-01-01,CUST084,Prime Traders,Chemicals,Noida,Uttar Pradesh,North,Medium,P005,Stretch / Film Solutions,Stretch Film Roll,Roll,8,672.85,0.05,5382.79,3036.93,2345.86,Scheduled,2025-01-07,2025-01-12,2025-01-16,2025-01-14,Completed,Dispatched,Paid,5382.79,0,SP09,0.435807453,5,2,No
ORD01726,2025-05-02,CUST068,Shree Enterprises,Engineering,Indore,Madhya Pradesh,Central,Small,P002,Strapping Solutions,PET Strapping Roll,Kg,50,136.24,0.02,6811.92,3791.58,3020.34,Standard,2025-05-08,2025-05-13,2025-05-16,2025-05-11,Completed,Dispatched,Paid,6811.92,0,SP01,0.44339041,5,5,No
ORD01727,2025-03-18,CUST039,Shree Logistics,Retail,Bhopal,Madhya Pradesh,Central,Small,P002,Strapping Solutions,PET Strapping Roll,Kg,160,135.76,0.02,21721.01,11287.47,10433.54,Scheduled,2025-03-23,2025-03-30,2025-04-04,2025-03-23,Completed,Dispatched,Paid,21721.01,0,SP10,0.480343225,7,12,No
ORD01728,2025-07-02,CUST012,Shree Pvt Ltd,Engineering,Coimbatore,Tamil Nadu,South,Large,P014,Material Handling,Hand Pallet Truck,Nos,9,20662.43,0,185961.9,125588.85,60373.05,Express,2025-07-05,2025-07-06,2025-07-08,2025-07-13,Completed,Dispatched,Partially Paid,114550.03,71411.87,SP07,0.324652792,1,0,Yes
ORD01729,2025-08-18,CUST113,Vertex Manufacturing,FMCG,Pune,Maharashtra,West,Medium,P012,Customized Carton Boxes,7-Ply Corrugated Box,Nos,9,95.92,0.08,863.29,516.92,346.37,Express,2025-08-24,2025-08-25,2025-08-29,2025-08-30,In Production,Dispatched,Paid,863.29,0,SP11,0.401220911,1,0,Yes
ORD01730,2025-01-18,CUST015,Metro Manufacturing,Engineering,Hyderabad,Telangana,South,Medium,P009,Packaging Tools & Equipment,Manual Strapping Tool,Nos,3,3417.99,0,10253.96,6850.77,3403.19,Express,2025-01-20,2025-01-21,2025-01-22,2025-01-29,Completed,Dispatched,Paid,10253.96,0,SP03,0.331890314,1,0,Yes
ORD01731,2025-11-04,CUST061,Apex Industries,Logistics,Ludhiana,Punjab,North,Large,P006,Stretch / Film Solutions,Shrink Film Roll,Roll,70,779.83,0.03,54588.27,30672.49,23915.78,Express,2025-11-10,2025-11-11,2025-11-14,2025-11-16,Completed,Dispatched,Paid,54588.27,0,SP03,0.438112071,1,0,Yes
ORD01732,2025-06-04,CUST092,Metro Industries,FMCG,Coimbatore,Tamil Nadu,South,Medium,P002,Strapping Solutions,PET Strapping Roll,Kg,115,114.63,0.03,13182.8,8430.84,4751.96,Express,2025-06-06,2025-06-10,2025-06-15,2025-06-11,Completed,Dispatched,Paid,13182.8,0,SP03,0.360466669,4,4,No
ORD01733,2025-04-05,CUST093,Om Traders,Automotive,Bhopal,Madhya Pradesh,Central,Small,P002,Strapping Solutions,PET Strapping Roll,Kg,75,119.69,0.05,8976.83,5237.07,3739.76,Standard,2025-04-08,2025-04-09,2025-04-13,2025-04-10,Completed,Dispatched,Paid,8976.83,0,SP05,0.416601406,1,3,No
ORD01734,2025-09-13,CUST062,Global Industries,Chemicals,Kochi,Kerala,South,Small,P002,Strapping Solutions,PET Strapping Roll,Kg,90,134.65,0.03,12118.14,6317.21,5800.93,Express,2025-09-17,2025-09-21,2025-09-24,2025-09-22,Completed,Dispatched,Paid,12118.14,0,SP06,0.478698051,4,2,No
ORD01735,2025-03-29,CUST028,United Logistics,Textiles,Bhubaneswar,Odisha,East,Large,P001,Strapping Solutions,PP Strapping Roll,Meter,230,103.43,0.08,23787.86,13286.62,10501.24,Standard,2025-03-31,2025-04-07,2025-04-08,2025-04-11,Completed,Dispatched,Partially Paid,15259,8528.86,SP02,0.44145375,7,0,Yes
ORD01736,2025-03-27,CUST016,Shree Pvt Ltd,FMCG,Delhi,Delhi,North,Large,P013,Material Handling,Platform Trolley,Nos,32,8114.76,0.1,259672.2,174765.26,84906.94,Standard,2025-04-02,2025-04-03,2025-04-03,2025-04-04,Completed,Dispatched,Outstanding,30347.87,229324.33,SP11,0.326977397,1,0,Yes
ORD01737,2025-03-15,CUST073,Vertex Industries,Chemicals,Patna,Bihar,East,Medium,P012,Customized Carton Boxes,7-Ply Corrugated Box,Nos,18,92.4,0.02,1663.14,979.75,683.39,Express,2025-03-20,2025-03-24,2025-03-25,2025-03-26,Completed,Dispatched,Paid,1663.14,0,SP12,0.410903472,4,0,Yes
ORD01738,2025-12-12,CUST086,Apex Manufacturing,Engineering,Chennai,Tamil Nadu,South,Medium,P005,Stretch / Film Solutions,Stretch Film Roll,Roll,11,663.52,0.08,7298.68,4129.39,3169.29,Scheduled,2025-12-16,2025-12-21,2025-12-23,2025-12-19,Completed,Dispatched,Paid,7298.68,0,SP06,0.434227833,5,4,No
ORD01739,2025-02-21,CUST039,Shree Logistics,Retail,Bhopal,Madhya Pradesh,Central,Small,P005,Stretch / Film Solutions,Stretch Film Roll,Roll,5,681.64,0,3408.22,1752.68,1655.54,Scheduled,2025-02-26,2025-02-27,2025-03-03,2025-03-03,Completed,Dispatched,Paid,3408.22,0,SP11,0.485749159,1,0,Yes
ORD01740,2025-01-25,CUST063,Prime Logistics,FMCG,Bhopal,Madhya Pradesh,Central,Large,P005,Stretch / Film Solutions,Stretch Film Roll,Roll,21,635.53,0,13346.13,7383.02,5963.11,Standard,2025-01-29,2025-02-01,2025-02-05,2025-01-31,Completed,Dispatched,Paid,13346.13,0,SP06,0.446804429,3,5,No
ORD01741,2025-03-14,CUST028,United Logistics,Textiles,Bhubaneswar,Odisha,East,Large,P002,Strapping Solutions,PET Strapping Roll,Kg,90,127.26,0.03,11452.96,6389.64,5063.32,Express,2025-03-18,2025-03-22,2025-03-31,2025-03-23,Completed,Dispatched,Paid,11452.96,0,SP05,0.442097065,4,8,No
ORD01742,2025-11-05,CUST078,Shree Industries,Automotive,Chennai,Tamil Nadu,South,Medium,P014,Material Handling,Hand Pallet Truck,Nos,168,18150.36,0.02,3049260.62,2167388.8,881871.82,Express,2025-11-08,2025-11-09,2025-11-11,2025-11-13,Completed,Dispatched,Paid,3049260.62,0,SP02,0.289208411,1,0,Yes
ORD01743,2025-02-05,CUST002,Global Pvt Ltd,FMCG,Noida,Uttar Pradesh,North,Large,P010,Packaging Tools & Equipment,Battery Strapping Machine,Nos,31,35839.73,0.08,1111031.7,890990.86,220040.84,Standard,2025-02-08,2025-02-10,2025-02-14,2025-02-19,Completed,Dispatched,Paid,1111031.7,0,SP09,0.198050911,2,0,Yes
ORD01744,2025-02-04,CUST119,National Traders,Engineering,Jaipur,Rajasthan,North,Medium,P013,Material Handling,Platform Trolley,Nos,6,8247.03,0.03,49482.15,33950.08,15532.07,Express,2025-02-08,2025-02-15,2025-02-16,2025-02-16,Completed,Dispatched,Paid,49482.15,0,SP11,0.313892383,7,0,Yes
ORD01745,2025-02-02,CUST120,Prime Manufacturing,Pharmaceuticals,Coimbatore,Tamil Nadu,South,Small,P004,Protective Packaging,EPE Foam Roll,Roll,21,1530.18,0.1,32133.75,18540.41,13593.34,Scheduled,2025-02-06,2025-02-08,2025-02-08,2025-02-14,Completed,Dispatched,Partially Paid,14157.18,17976.57,SP01,0.423023768,2,0,Yes
ORD01746,2025-02-21,CUST057,Apex Enterprises,Textiles,Bengaluru,Karnataka,South,Medium,P001,Strapping Solutions,PP Strapping Roll,Meter,350,105.1,0,36786.68,20298.46,16488.22,Standard,2025-02-27,2025-03-04,2025-03-04,2025-03-03,Completed,Dispatched,Paid,36786.68,0,SP12,0.44821169,5,1,No
ORD01747,2025-09-03,CUST061,Apex Industries,Logistics,Ludhiana,Punjab,North,Large,P011,Customized Carton Boxes,5-Ply Corrugated Box,Nos,19,59.41,0.03,1128.83,683.62,445.21,Standard,2025-09-08,2025-09-14,2025-09-17,2025-09-10,Completed,Dispatched,Outstanding,137.77,991.06,SP10,0.394399511,6,7,No
ORD01748,2025-11-06,CUST039,Shree Logistics,Retail,Bhopal,Madhya Pradesh,Central,Small,P001,Strapping Solutions,PP Strapping Roll,Meter,150,89.71,0,13457.21,8464.73,4992.48,Standard,2025-11-12,2025-11-15,2025-11-18,2025-11-17,In Production,Dispatched,Paid,13457.21,0,SP02,0.370989232,3,1,No
ORD01749,2025-01-25,CUST039,Shree Logistics,Retail,Bhopal,Madhya Pradesh,Central,Small,P002,Strapping Solutions,PET Strapping Roll,Kg,50,134.05,0.02,6702.61,3526.91,3175.7,Standard,2025-01-31,2025-02-05,2025-02-09,2025-02-04,Completed,Dispatched,Paid,6702.61,0,SP12,0.473800505,5,5,No
ORD01750,2025-02-13,CUST031,United Industries,Textiles,Bhopal,Madhya Pradesh,Central,Large,P008,Pallet Solutions,Plastic Pallet,Nos,14,2643.1,0.1,37003.45,23229.73,13773.72,Scheduled,2025-02-19,2025-02-24,2025-02-27,2025-02-26,Completed,Dispatched,Paid,37003.45,0,SP09,0.372227995,5,1,No
ORD01751,2025-06-02,CUST029,Prime Pvt Ltd,Chemicals,Mumbai,Maharashtra,West,Medium,P008,Pallet Solutions,Plastic Pallet,Nos,30,2540.98,0.03,76229.51,48128.1,28101.41,Express,2025-06-08,2025-06-15,2025-06-19,2025-06-14,Completed,Dispatched,Paid,76229.51,0,SP06,0.368642144,7,5,No
ORD01752,2025-11-22,CUST106,Global Pvt Ltd,FMCG,Vijayawada,Andhra Pradesh,South,Medium,P009,Packaging Tools & Equipment,Manual Strapping Tool,Nos,16,3018.8,0.08,48300.74,36343.53,11957.21,Scheduled,2025-11-28,2025-12-01,2025-12-05,2025-11-29,Completed,Dispatched,Partially Paid,18285.83,30014.91,SP10,0.247557491,3,6,No
ORD01753,2025-08-25,CUST090,Sunrise Traders,Textiles,Delhi,Delhi,North,Small,P007,Pallet Solutions,Wooden Pallet,Nos,14,970.68,0.02,13589.54,8671.8,4917.74,Express,2025-08-31,2025-09-05,2025-09-05,2025-09-01,Completed,Dispatched,Paid,13589.54,0,SP01,0.361876855,5,4,No
ORD01754,2025-06-18,CUST103,Apex Traders,Textiles,Coimbatore,Tamil Nadu,South,Small,P003,Protective Packaging,Bubble Wrap Roll,Roll,13,787.25,0.05,10234.22,6755.52,3478.7,Standard,2025-06-24,2025-06-29,2025-07-01,2025-06-27,In Production,Dispatched,Partially Paid,5613.84,4620.38,SP09,0.339908659,5,4,No
ORD01755,2025-07-20,CUST093,Om Traders,Automotive,Bhopal,Madhya Pradesh,Central,Small,P011,Customized Carton Boxes,5-Ply Corrugated Box,Nos,5,61.6,0.02,307.99,170.54,137.45,Express,2025-07-26,2025-07-27,2025-07-27,2025-07-27,Completed,Dispatched,Paid,307.99,0,SP09,0.446280723,1,0,Yes
ORD01756,2025-02-28,CUST041,Metro Enterprises,Chemicals,Patna,Bihar,East,Medium,P002,Strapping Solutions,PET Strapping Roll,Kg,535,132.33,0,70795.58,38729.65,32065.93,Standard,2025-03-02,2025-03-07,2025-03-08,2025-03-14,Completed,Dispatched,Paid,70795.58,0,SP01,0.452936892,5,0,Yes
ORD01757,2025-11-13,CUST072,United Logistics,Textiles,Bhopal,Madhya Pradesh,Central,Large,P003,Protective Packaging,Bubble Wrap Roll,Roll,18,789.17,0.03,14205.09,9224.34,4980.75,Express,2025-11-19,2025-11-25,2025-11-26,2025-11-19,Completed,Dispatched,Paid,14205.09,0,SP07,0.350631358,6,7,No
ORD01758,2025-10-27,CUST040,National Pvt Ltd,Textiles,Coimbatore,Tamil Nadu,South,Medium,P005,Stretch / Film Solutions,Stretch Film Roll,Roll,28,589.04,0.03,16492.99,10424.93,6068.06,Scheduled,2025-10-30,2025-11-01,2025-11-03,2025-11-02,Completed,Dispatched,Partially Paid,10535.14,5957.85,SP01,0.367917521,2,1,No
ORD01759,2025-12-09,CUST072,United Logistics,Textiles,Bhopal,Madhya Pradesh,Central,Large,P011,Customized Carton Boxes,5-Ply Corrugated Box,Nos,45,55.81,0.02,2511.37,1554.58,956.79,Standard,2025-12-13,2025-12-15,2025-12-18,2025-12-20,Completed,Dispatched,Paid,2511.37,0,SP09,0.380983288,2,0,Yes
ORD01760,2025-03-06,CUST117,National Pvt Ltd,Textiles,Gurugram,Haryana,North,Large,P005,Stretch / Film Solutions,Stretch Film Roll,Roll,7,625.58,0.03,4379.08,2616.16,1762.92,Scheduled,2025-03-12,2025-03-16,2025-03-18,2025-03-13,Completed,Dispatched,Paid,4379.08,0,SP01,0.40257771,4,5,No
ORD01761,2025-12-20,CUST027,Om Industries,Retail,Chennai,Tamil Nadu,South,Medium,P005,Stretch / Film Solutions,Stretch Film Roll,Roll,13,617.07,0,8021.9,4652.67,3369.23,Express,2025-12-26,2025-12-29,2026-01-02,2025-12-26,Completed,Pending,Paid,8021.9,0,SP04,0.420003989,3,7,No
ORD01762,2025-08-25,CUST012,Shree Pvt Ltd,Engineering,Coimbatore,Tamil Nadu,South,Large,P011,Customized Carton Boxes,5-Ply Corrugated Box,Nos,21,63.82,0,1340.12,735.73,604.39,Express,2025-08-28,2025-09-01,2025-09-01,2025-09-04,In Production,Dispatched,Paid,1340.12,0,SP03,0.450996926,4,0,Yes
ORD01763,2025-08-14,CUST078,Shree Industries,Automotive,Chennai,Tamil Nadu,South,Medium,P013,Material Handling,Platform Trolley,Nos,7,8299.48,0.03,58096.37,36975.2,21121.17,Scheduled,2025-08-16,2025-08-18,2025-08-20,2025-08-27,Completed,Dispatched,Paid,58096.37,0,SP01,0.36355404,2,0,Yes
ORD01764,2025-12-27,CUST069,United Logistics,FMCG,Mumbai,Maharashtra,West,Small,P007,Pallet Solutions,Wooden Pallet,Nos,23,1042.73,0.05,23982.7,14557.98,9424.72,Express,2025-12-29,2026-01-04,2026-01-06,2026-01-09,In Production,Pending,Partially Paid,14465.11,9517.59,SP08,0.39297994,6,0,Yes
ORD01765,2025-12-07,CUST092,Metro Industries,FMCG,Coimbatore,Tamil Nadu,South,Medium,P005,Stretch / Film Solutions,Stretch Film Roll,Roll,42,656.06,0,27554.5,15312.04,12242.46,Standard,2025-12-10,2025-12-11,2025-12-13,2025-12-18,Completed,Dispatched,Paid,27554.5,0,SP02,0.444299842,1,0,Yes
ORD01766,2025-07-14,CUST059,Global Manufacturing,Textiles,Vijayawada,Andhra Pradesh,South,Small,P011,Customized Carton Boxes,5-Ply Corrugated Box,Nos,10,58.86,0.03,588.65,349.32,239.33,Standard,2025-07-18,2025-07-20,2025-07-26,2025-07-28,In Production,Dispatched,Outstanding,40.35,548.3,SP09,0.406574365,2,0,Yes
ORD01767,2025-11-01,CUST072,United Logistics,Textiles,Bhopal,Madhya Pradesh,Central,Large,P007,Pallet Solutions,Wooden Pallet,Nos,16,905.2,0.08,14483.13,10068.55,4414.58,Standard,2025-11-06,2025-11-13,2025-11-19,2025-11-12,Completed,Dispatched,Paid,14483.13,0,SP12,0.304808422,7,7,No
ORD01768,2025-12-16,CUST038,Global Manufacturing,Logistics,Coimbatore,Tamil Nadu,South,Large,P013,Material Handling,Platform Trolley,Nos,19,7300.78,0.03,138714.89,100086.16,38628.73,Scheduled,2025-12-21,2025-12-22,2025-12-22,2025-12-22,Completed,Dispatched,Outstanding,11140.47,127574.42,SP05,0.278475728,1,0,Yes
ORD01769,2025-07-29,CUST042,National Manufacturing,FMCG,Surat,Gujarat,West,Medium,P008,Pallet Solutions,Plastic Pallet,Nos,8,2522.66,0.05,20181.28,12877.8,7303.48,Standard,2025-08-02,2025-08-03,2025-08-11,2025-08-04,Completed,Dispatched,Paid,20181.28,0,SP08,0.361893795,1,7,No
ORD01770,2025-08-03,CUST050,Prime Industries,Retail,Pune,Maharashtra,West,Large,P005,Stretch / Film Solutions,Stretch Film Roll,Roll,81,653.02,0.03,52894.58,29689.19,23205.39,Scheduled,2025-08-06,2025-08-10,2025-08-11,2025-08-16,Completed,Dispatched,Paid,52894.58,0,SP10,0.438710167,4,0,Yes
ORD01771,2025-04-28,CUST029,Prime Pvt Ltd,Chemicals,Mumbai,Maharashtra,West,Medium,P007,Pallet Solutions,Wooden Pallet,Nos,12,1001.55,0,12018.65,7534.5,4484.15,Scheduled,2025-05-04,2025-05-07,2025-05-08,2025-05-03,Completed,Dispatched,Paid,12018.65,0,SP11,0.373099308,3,5,No
ORD01772,2025-11-07,CUST016,Shree Pvt Ltd,FMCG,Delhi,Delhi,North,Large,P004,Protective Packaging,EPE Foam Roll,Roll,59,1515.89,0,89437.38,53060.11,36377.27,Express,2025-11-09,2025-11-14,2025-11-15,2025-11-14,Completed,Dispatched,Paid,89437.38,0,SP06,0.406734522,5,1,No
ORD01773,2025-06-29,CUST110,Om Manufacturing,Retail,Chennai,Tamil Nadu,South,Medium,P004,Protective Packaging,EPE Foam Roll,Roll,5,1422.63,0.05,7113.17,4297.24,2815.93,Express,2025-07-01,2025-07-08,2025-07-09,2025-07-09,In Production,Dispatched,Paid,7113.17,0,SP04,0.395875538,7,0,Yes
ORD01774,2025-01-11,CUST104,Om Logistics,Engineering,Chennai,Tamil Nadu,South,Medium,P002,Strapping Solutions,PET Strapping Roll,Kg,55,129.93,0.03,7146.23,4178.31,2967.92,Standard,2025-01-16,2025-01-23,2025-01-27,2025-01-24,In Production,Dispatched,Partially Paid,4561.71,2584.52,SP04,0.415312689,7,3,No
ORD01775,2025-06-06,CUST066,Om Logistics,Engineering,Kolkata,West Bengal,East,Medium,P011,Customized Carton Boxes,5-Ply Corrugated Box,Nos,16,54.71,0.08,875.29,542.14,333.15,Scheduled,2025-06-09,2025-06-14,2025-06-18,2025-06-19,Completed,Dispatched,Paid,875.29,0,SP06,0.38061671,5,0,Yes
ORD01776,2025-09-20,CUST014,National Industries,Retail,Ahmedabad,Gujarat,West,Medium,P006,Stretch / Film Solutions,Shrink Film Roll,Roll,12,793.27,0.05,9519.27,5373.49,4145.78,Standard,2025-09-23,2025-09-29,2025-09-30,2025-09-28,Completed,Dispatched,Paid,9519.27,0,SP12,0.435514488,6,2,No
ORD01777,2025-01-05,CUST017,Global Logistics,Electronics,Patna,Bihar,East,Small,P011,Customized Carton Boxes,5-Ply Corrugated Box,Nos,30,53.71,0.02,1611.19,1033.55,577.64,Standard,2025-01-11,2025-01-12,2025-01-16,2025-01-11,Completed,Dispatched,Paid,1611.19,0,SP09,0.358517617,1,5,No
ORD01778,2025-03-07,CUST078,Shree Industries,Automotive,Chennai,Tamil Nadu,South,Medium,P011,Customized Carton Boxes,5-Ply Corrugated Box,Nos,19,54.86,0.05,1042.35,648.92,393.43,Standard,2025-03-12,2025-03-14,2025-03-16,2025-03-16,Pending,Dispatched,Outstanding,136.01,906.34,SP10,0.377445196,2,0,Yes
ORD01779,2025-01-18,CUST078,Shree Industries,Automotive,Chennai,Tamil Nadu,South,Medium,P001,Strapping Solutions,PP Strapping Roll,Meter,910,101.62,0.05,92477.51,51199.14,41278.37,Scheduled,2025-01-22,2025-01-26,2025-02-02,2025-01-25,Completed,Dispatched,Paid,92477.51,0,SP12,0.446361175,4,8,No
ORD01780,2025-05-20,CUST113,Vertex Manufacturing,FMCG,Pune,Maharashtra,West,Medium,P012,Customized Carton Boxes,7-Ply Corrugated Box,Nos,38,99.62,0,3785.48,2184.56,1600.92,Scheduled,2025-05-22,2025-05-27,2025-05-28,2025-05-27,Pending,Dispatched,Paid,3785.48,0,SP08,0.422910701,5,1,No
ORD01781,2025-11-12,CUST063,Prime Logistics,FMCG,Bhopal,Madhya Pradesh,Central,Large,P004,Protective Packaging,EPE Foam Roll,Roll,8,1393.54,0.1,11148.32,7288.77,3859.55,Standard,2025-11-16,2025-11-17,2025-11-18,2025-11-19,Completed,Dispatched,Paid,11148.32,0,SP12,0.346200145,1,0,Yes
ORD01782,2025-07-19,CUST099,Prime Pvt Ltd,Textiles,Ludhiana,Punjab,North,Large,P013,Material Handling,Platform Trolley,Nos,14,8447.12,0,118259.72,76834.6,41425.12,Standard,2025-07-23,2025-07-30,2025-08-03,2025-07-30,Completed,Dispatched,Paid,118259.72,0,SP03,0.350289346,7,4,No
ORD01783,2025-05-29,CUST084,Prime Traders,Chemicals,Noida,Uttar Pradesh,North,Medium,P012,Customized Carton Boxes,7-Ply Corrugated Box,Nos,23,100.7,0,2316.18,1362.28,953.9,Scheduled,2025-05-31,2025-06-03,2025-06-04,2025-06-05,Completed,Dispatched,Partially Paid,1093.68,1222.5,SP07,0.411841912,3,0,Yes
ORD01784,2025-02-20,CUST030,Metro Industries,Textiles,Patna,Bihar,East,Medium,P012,Customized Carton Boxes,7-Ply Corrugated Box,Nos,39,86.15,0,3359.88,2139,1220.88,Standard,2025-02-25,2025-02-27,2025-03-05,2025-03-04,Completed,Dispatched,Partially Paid,2222.95,1136.93,SP10,0.36337012,2,1,No
ORD01785,2025-06-21,CUST002,Global Pvt Ltd,FMCG,Noida,Uttar Pradesh,North,Large,P006,Stretch / Film Solutions,Shrink Film Roll,Roll,5,810.07,0.05,4050.33,2305.14,1745.19,Express,2025-06-24,2025-06-28,2025-07-05,2025-06-28,Completed,Dispatched,Outstanding,205.94,3844.39,SP10,0.430876003,4,7,No
ORD01786,2025-06-10,CUST102,Global Logistics,Textiles,Bengaluru,Karnataka,South,Medium,P006,Stretch / Film Solutions,Shrink Film Roll,Roll,46,799.97,0.05,36798.82,22036.12,14762.7,Scheduled,2025-06-12,2025-06-13,2025-06-13,2025-06-22,Completed,Dispatched,Partially Paid,19671.1,17127.72,SP08,0.40117319,1,0,Yes
ORD01787,2025-02-15,CUST029,Prime Pvt Ltd,Chemicals,Mumbai,Maharashtra,West,Medium,P007,Pallet Solutions,Wooden Pallet,Nos,15,999.76,0.1,14996.45,9233.72,5762.73,Standard,2025-02-18,2025-02-25,2025-02-25,2025-02-27,Completed,Dispatched,Paid,14996.45,0,SP12,0.384272945,7,0,Yes
ORD01788,2025-09-18,CUST051,Prime Manufacturing,Electronics,Ludhiana,Punjab,North,Small,P004,Protective Packaging,EPE Foam Roll,Roll,5,1564.66,0.03,7823.31,4348.16,3475.15,Express,2025-09-23,2025-09-24,2025-09-27,2025-09-30,Completed,Dispatched,Partially Paid,5623.55,2199.76,SP12,0.444204563,1,0,Yes
ORD01789,2025-07-28,CUST107,Om Traders,FMCG,Kochi,Kerala,South,Small,P006,Stretch / Film Solutions,Shrink Film Roll,Roll,5,743.78,0.05,3718.89,2310.26,1408.63,Standard,2025-07-30,2025-08-03,2025-08-03,2025-08-11,In Production,Dispatched,Outstanding,143.27,3575.62,SP07,0.378777001,4,0,Yes
ORD01790,2025-01-28,CUST093,Om Traders,Automotive,Bhopal,Madhya Pradesh,Central,Small,P013,Material Handling,Platform Trolley,Nos,19,7886.11,0.02,149836.13,108908.75,40927.38,Express,2025-01-31,2025-02-07,2025-02-08,2025-02-06,In Production,Dispatched,Outstanding,2086.68,147749.45,SP01,0.273147605,7,2,No
ORD01791,2025-03-15,CUST112,National Manufacturing,Chemicals,Chennai,Tamil Nadu,South,Medium,P011,Customized Carton Boxes,5-Ply Corrugated Box,Nos,29,63.74,0.05,1848.52,956.29,892.23,Scheduled,2025-03-19,2025-03-21,2025-03-22,2025-03-29,Completed,Dispatched,Outstanding,75.31,1773.21,SP08,0.482672625,2,0,Yes
ORD01792,2025-08-31,CUST081,Vertex Industries,Engineering,Indore,Madhya Pradesh,Central,Large,P002,Strapping Solutions,PET Strapping Roll,Kg,50,119.66,0.08,5983.2,3719.32,2263.88,Standard,2025-09-03,2025-09-07,2025-09-11,2025-09-05,Completed,Dispatched,Paid,5983.2,0,SP03,0.378372777,4,6,No
ORD01793,2025-08-29,CUST116,United Manufacturing,Logistics,Coimbatore,Tamil Nadu,South,Medium,P012,Customized Carton Boxes,7-Ply Corrugated Box,Nos,82,86.63,0.02,7103.3,4744.62,2358.68,Express,2025-09-03,2025-09-04,2025-09-07,2025-09-12,Completed,Dispatched,Paid,7103.3,0,SP12,0.332054116,1,0,Yes
ORD01794,2025-07-03,CUST114,United Pvt Ltd,Chemicals,Indore,Madhya Pradesh,Central,Large,P011,Customized Carton Boxes,5-Ply Corrugated Box,Nos,25,61.04,0.02,1526.05,890.21,635.84,Scheduled,2025-07-09,2025-07-14,2025-07-16,2025-07-09,Completed,Dispatched,Paid,1526.05,0,SP10,0.416657383,5,7,No
ORD01795,2025-02-16,CUST102,Global Logistics,Textiles,Bengaluru,Karnataka,South,Medium,P004,Protective Packaging,EPE Foam Roll,Roll,12,1550.2,0.05,18602.36,10657.37,7944.99,Scheduled,2025-02-19,2025-02-26,2025-03-01,2025-03-01,Pending,Dispatched,Partially Paid,8410.49,10191.87,SP07,0.427095809,7,0,Yes
ORD01796,2025-09-21,CUST080,Vertex Industries,FMCG,Chennai,Tamil Nadu,South,Small,P013,Material Handling,Platform Trolley,Nos,44,7741.39,0.08,340621.36,244341.74,96279.62,Express,2025-09-26,2025-09-28,2025-09-29,2025-10-03,Completed,Dispatched,Paid,340621.36,0,SP05,0.282658786,2,0,Yes
ORD01797,2025-01-13,CUST027,Om Industries,Retail,Chennai,Tamil Nadu,South,Medium,P003,Protective Packaging,Bubble Wrap Roll,Roll,66,931.69,0.05,61491.47,33895.46,27596.01,Standard,2025-01-19,2025-01-25,2025-01-26,2025-01-25,Completed,Dispatched,Paid,61491.47,0,SP08,0.448777855,6,1,No
ORD01798,2025-05-30,CUST028,United Logistics,Textiles,Bhubaneswar,Odisha,East,Large,P011,Customized Carton Boxes,5-Ply Corrugated Box,Nos,32,57.1,0.02,1827.23,1083.17,744.06,Standard,2025-06-05,2025-06-12,2025-06-20,2025-06-06,Completed,Dispatched,Paid,1827.23,0,SP07,0.407206537,7,14,No
ORD01799,2025-11-08,CUST080,Vertex Industries,FMCG,Chennai,Tamil Nadu,South,Small,P010,Packaging Tools & Equipment,Battery Strapping Machine,Nos,27,40429.47,0.03,1091595.6,764022.35,327573.25,Standard,2025-11-11,2025-11-18,2025-11-19,2025-11-18,Completed,Dispatched,Paid,1091595.6,0,SP09,0.300086635,7,1,No
ORD01800,2025-03-22,CUST003,Prime Logistics,Retail,Coimbatore,Tamil Nadu,South,Small,P007,Pallet Solutions,Wooden Pallet,Nos,11,896.53,0.03,9861.83,6990.34,2871.49,Standard,2025-03-24,2025-03-26,2025-03-30,2025-04-04,Completed,Dispatched,Paid,9861.83,0,SP03,0.291172125,2,0,Yes
