Order_ID,Order_Date,Product_ID,Product_Name,Category,Quantity,Planned_Production_Date,Production_Completion_Date,Production_Status,Production_Days,Planned_Qty,Actual_Qty,Production_Completion_%
ORD00001,2025-08-04,P004,EPE Foam Roll,Protective Packaging,5,2025-08-09,2025-08-16,Completed,7,5,5,1
ORD00002,2025-10-03,P013,Platform Trolley,Material Handling,51,2025-10-09,2025-10-16,Completed,7,51,51,1
ORD00003,2025-03-26,P007,Wooden Pallet,Pallet Solutions,11,2025-03-31,2025-04-02,Completed,2,11,11,1
ORD00004,2025-05-14,P007,Wooden Pallet,Pallet Solutions,4,2025-05-19,2025-05-22,Completed,3,4,4,1
ORD00005,2025-01-10,P001,PP Strapping Roll,Strapping Solutions,260,2025-01-16,2025-01-17,In Production,1,260,137,0.526923077
ORD00006,2025-11-15,P003,Bubble Wrap Roll,Protective Packaging,70,2025-11-18,2025-11-20,Completed,2,70,70,1
ORD00007,2025-11-07,P002,PET Strapping Roll,Strapping Solutions,205,2025-11-13,2025-11-19,Completed,6,205,205,1
ORD00008,2025-02-08,P011,5-Ply Corrugated Box,Customized Carton Boxes,29,2025-02-14,2025-02-20,Completed,6,29,29,1
ORD00009,2025-09-30,P001,PP Strapping Roll,Strapping Solutions,120,2025-10-05,2025-10-11,Completed,6,120,120,1
ORD00010,2025-08-24,P002,PET Strapping Roll,Strapping Solutions,300,2025-08-27,2025-08-31,Completed,4,300,300,1
ORD00011,2025-05-18,P013,Platform Trolley,Material Handling,9,2025-05-22,2025-05-29,Completed,7,9,9,1
ORD00012,2025-09-07,P005,Stretch Film Roll,Stretch / Film Solutions,36,2025-09-10,2025-09-13,Completed,3,36,36,1
ORD00013,2025-07-28,P008,Plastic Pallet,Pallet Solutions,51,2025-08-02,2025-08-07,Completed,5,51,51,1
ORD00014,2025-12-06,P012,7-Ply Corrugated Box,Customized Carton Boxes,22,2025-12-12,2025-12-15,Completed,3,22,22,1
ORD00015,2025-04-29,P012,7-Ply Corrugated Box,Customized Carton Boxes,61,2025-05-01,2025-05-07,Pending,6,61,0,0
ORD00016,2025-09-26,P002,PET Strapping Roll,Strapping Solutions,115,2025-10-02,2025-10-05,Completed,3,115,115,1
ORD00017,2025-01-28,P004,EPE Foam Roll,Protective Packaging,77,2025-02-03,2025-02-06,Completed,3,77,77,1
ORD00018,2025-09-02,P003,Bubble Wrap Roll,Protective Packaging,9,2025-09-04,2025-09-11,Completed,7,9,9,1
ORD00019,2025-05-08,P003,Bubble Wrap Roll,Protective Packaging,61,2025-05-10,2025-05-15,Completed,5,61,61,1
ORD00020,2025-06-06,P003,Bubble Wrap Roll,Protective Packaging,20,2025-06-12,2025-06-17,Completed,5,20,20,1
ORD00021,2025-03-30,P002,PET Strapping Roll,Strapping Solutions,310,2025-04-05,2025-04-06,Completed,1,310,310,1
ORD00022,2025-12-26,P005,Stretch Film Roll,Stretch / Film Solutions,32,2025-12-31,2026-01-01,Completed,1,32,32,1
ORD00023,2025-05-17,P012,7-Ply Corrugated Box,Customized Carton Boxes,9,2025-05-20,2025-05-21,Completed,1,9,9,1
ORD00024,2025-07-26,P011,5-Ply Corrugated Box,Customized Carton Boxes,9,2025-07-30,2025-08-04,Completed,5,9,9,1
ORD00025,2025-12-12,P001,PP Strapping Roll,Strapping Solutions,160,2025-12-18,2025-12-23,Completed,5,160,160,1
ORD00026,2025-08-12,P008,Plastic Pallet,Pallet Solutions,12,2025-08-17,2025-08-18,Completed,1,12,12,1
ORD00027,2025-05-28,P012,7-Ply Corrugated Box,Customized Carton Boxes,45,2025-06-02,2025-06-09,Completed,7,45,45,1
ORD00028,2025-12-03,P001,PP Strapping Roll,Strapping Solutions,250,2025-12-09,2025-12-13,Completed,4,250,250,1
ORD00029,2025-03-09,P014,Hand Pallet Truck,Material Handling,18,2025-03-13,2025-03-17,In Production,4,18,8,0.444444444
ORD00030,2025-02-28,P013,Platform Trolley,Material Handling,14,2025-03-05,2025-03-06,Completed,1,14,14,1
ORD00031,2025-07-16,P006,Shrink Film Roll,Stretch / Film Solutions,7,2025-07-19,2025-07-24,Completed,5,7,7,1
ORD00032,2025-06-02,P005,Stretch Film Roll,Stretch / Film Solutions,5,2025-06-08,2025-06-13,Completed,5,5,5,1
ORD00033,2025-04-07,P001,PP Strapping Roll,Strapping Solutions,200,2025-04-10,2025-04-15,Completed,5,200,200,1
ORD00034,2025-03-19,P002,PET Strapping Roll,Strapping Solutions,180,2025-03-24,2025-03-25,Completed,1,180,180,1
ORD00035,2025-01-08,P004,EPE Foam Roll,Protective Packaging,23,2025-01-11,2025-01-15,Pending,4,23,0,0
ORD00036,2025-12-12,P008,Plastic Pallet,Pallet Solutions,10,2025-12-18,2025-12-22,Completed,4,10,10,1
ORD00037,2025-08-11,P008,Plastic Pallet,Pallet Solutions,8,2025-08-13,2025-08-20,Completed,7,8,8,1
ORD00038,2025-08-09,P012,7-Ply Corrugated Box,Customized Carton Boxes,23,2025-08-12,2025-08-14,In Production,2,23,8,0.347826087
ORD00039,2025-09-12,P011,5-Ply Corrugated Box,Customized Carton Boxes,33,2025-09-18,2025-09-20,Completed,2,33,33,1
ORD00040,2025-08-15,P011,5-Ply Corrugated Box,Customized Carton Boxes,42,2025-08-19,2025-08-24,Completed,5,42,42,1
ORD00041,2025-10-20,P003,Bubble Wrap Roll,Protective Packaging,72,2025-10-24,2025-10-29,Completed,5,72,72,1
ORD00042,2025-05-27,P006,Shrink Film Roll,Stretch / Film Solutions,27,2025-05-30,2025-06-04,Completed,5,27,27,1
ORD00043,2025-01-21,P004,EPE Foam Roll,Protective Packaging,7,2025-01-25,2025-02-01,Completed,7,7,7,1
ORD00044,2025-04-13,P007,Wooden Pallet,Pallet Solutions,44,2025-04-16,2025-04-23,In Production,7,44,24,0.545454545
ORD00045,2025-08-28,P014,Hand Pallet Truck,Material Handling,17,2025-08-30,2025-09-01,In Production,2,17,13,0.764705882
ORD00046,2025-03-05,P008,Plastic Pallet,Pallet Solutions,6,2025-03-10,2025-03-13,Completed,3,6,6,1
ORD00047,2025-10-15,P006,Shrink Film Roll,Stretch / Film Solutions,5,2025-10-19,2025-10-24,Completed,5,5,5,1
ORD00048,2025-09-10,P003,Bubble Wrap Roll,Protective Packaging,49,2025-09-12,2025-09-13,Completed,1,49,49,1
ORD00049,2025-08-01,P011,5-Ply Corrugated Box,Customized Carton Boxes,10,2025-08-03,2025-08-10,Pending,7,10,0,0
ORD00050,2025-07-05,P001,PP Strapping Roll,Strapping Solutions,210,2025-07-07,2025-07-13,Completed,6,210,210,1
ORD00051,2025-12-06,P012,7-Ply Corrugated Box,Customized Carton Boxes,12,2025-12-09,2025-12-15,Completed,6,12,12,1
ORD00052,2025-10-28,P009,Manual Strapping Tool,Packaging Tools & Equipment,7,2025-10-31,2025-11-07,In Production,7,7,4,0.571428571
ORD00053,2025-03-31,P011,5-Ply Corrugated Box,Customized Carton Boxes,7,2025-04-02,2025-04-08,Completed,6,7,7,1
ORD00054,2025-09-27,P009,Manual Strapping Tool,Packaging Tools & Equipment,40,2025-09-29,2025-10-05,Completed,6,40,40,1
ORD00055,2025-12-04,P005,Stretch Film Roll,Stretch / Film Solutions,81,2025-12-10,2025-12-13,In Production,3,81,68,0.839506173
ORD00056,2025-02-11,P002,PET Strapping Roll,Strapping Solutions,190,2025-02-15,2025-02-20,Completed,5,190,190,1
ORD00057,2025-08-21,P014,Hand Pallet Truck,Material Handling,4,2025-08-27,2025-09-01,Completed,5,4,4,1
ORD00058,2025-08-20,P002,PET Strapping Roll,Strapping Solutions,205,2025-08-23,2025-08-27,Completed,4,205,205,1
ORD00059,2025-08-31,P003,Bubble Wrap Roll,Protective Packaging,13,2025-09-02,2025-09-03,Completed,1,13,13,1
ORD00060,2025-10-15,P006,Shrink Film Roll,Stretch / Film Solutions,22,2025-10-19,2025-10-25,Completed,6,22,22,1
ORD00061,2025-10-23,P013,Platform Trolley,Material Handling,17,2025-10-29,2025-10-31,Completed,2,17,17,1
ORD00062,2025-10-15,P011,5-Ply Corrugated Box,Customized Carton Boxes,28,2025-10-21,2025-10-26,Completed,5,28,28,1
ORD00063,2025-06-29,P012,7-Ply Corrugated Box,Customized Carton Boxes,28,2025-07-01,2025-07-03,Completed,2,28,28,1
ORD00064,2025-08-21,P004,EPE Foam Roll,Protective Packaging,36,2025-08-25,2025-08-27,Completed,2,36,36,1
ORD00065,2025-01-26,P003,Bubble Wrap Roll,Protective Packaging,13,2025-01-28,2025-01-31,Completed,3,13,13,1
ORD00066,2025-02-26,P002,PET Strapping Roll,Strapping Solutions,110,2025-03-02,2025-03-08,Completed,6,110,110,1
ORD00067,2025-04-19,P007,Wooden Pallet,Pallet Solutions,33,2025-04-22,2025-04-29,Completed,7,33,33,1
ORD00068,2025-10-14,P011,5-Ply Corrugated Box,Customized Carton Boxes,9,2025-10-18,2025-10-19,Completed,1,9,9,1
ORD00069,2025-11-24,P005,Stretch Film Roll,Stretch / Film Solutions,33,2025-11-29,2025-12-02,Completed,3,33,33,1
ORD00070,2025-08-12,P006,Shrink Film Roll,Stretch / Film Solutions,14,2025-08-18,2025-08-22,Completed,4,14,14,1
ORD00071,2025-02-28,P008,Plastic Pallet,Pallet Solutions,9,2025-03-06,2025-03-11,Pending,5,9,0,0
ORD00072,2025-04-12,P005,Stretch Film Roll,Stretch / Film Solutions,30,2025-04-15,2025-04-20,Completed,5,30,30,1
ORD00073,2025-11-22,P007,Wooden Pallet,Pallet Solutions,48,2025-11-28,2025-12-01,Completed,3,48,48,1
ORD00074,2025-09-17,P003,Bubble Wrap Roll,Protective Packaging,63,2025-09-19,2025-09-22,In Production,3,63,40,0.634920635
ORD00075,2025-07-16,P002,PET Strapping Roll,Strapping Solutions,320,2025-07-21,2025-07-26,In Production,5,320,244,0.7625
ORD00076,2025-08-19,P005,Stretch Film Roll,Stretch / Film Solutions,8,2025-08-21,2025-08-28,Completed,7,8,8,1
ORD00077,2025-03-23,P001,PP Strapping Roll,Strapping Solutions,190,2025-03-27,2025-03-30,Completed,3,190,190,1
ORD00078,2025-10-13,P006,Shrink Film Roll,Stretch / Film Solutions,17,2025-10-18,2025-10-21,Completed,3,17,17,1
ORD00079,2025-12-06,P012,7-Ply Corrugated Box,Customized Carton Boxes,61,2025-12-11,2025-12-13,Completed,2,61,61,1
ORD00080,2025-09-27,P003,Bubble Wrap Roll,Protective Packaging,34,2025-09-29,2025-10-05,Completed,6,34,34,1
ORD00081,2025-04-26,P005,Stretch Film Roll,Stretch / Film Solutions,11,2025-04-29,2025-05-01,Completed,2,11,11,1
ORD00082,2025-11-02,P005,Stretch Film Roll,Stretch / Film Solutions,23,2025-11-07,2025-11-09,Completed,2,23,23,1
ORD00083,2025-05-02,P012,7-Ply Corrugated Box,Customized Carton Boxes,6,2025-05-07,2025-05-12,Completed,5,6,6,1
ORD00084,2025-08-14,P004,EPE Foam Roll,Protective Packaging,79,2025-08-19,2025-08-26,Completed,7,79,79,1
ORD00085,2025-11-25,P012,7-Ply Corrugated Box,Customized Carton Boxes,8,2025-11-30,2025-12-07,Completed,7,8,8,1
ORD00086,2025-08-19,P007,Wooden Pallet,Pallet Solutions,36,2025-08-25,2025-08-27,Completed,2,36,36,1
ORD00087,2025-09-15,P002,PET Strapping Roll,Strapping Solutions,50,2025-09-19,2025-09-21,Completed,2,50,50,1
ORD00088,2025-08-30,P003,Bubble Wrap Roll,Protective Packaging,53,2025-09-02,2025-09-09,In Production,7,53,27,0.509433962
ORD00089,2025-09-28,P006,Shrink Film Roll,Stretch / Film Solutions,8,2025-10-03,2025-10-04,Completed,1,8,8,1
ORD00090,2025-11-02,P001,PP Strapping Roll,Strapping Solutions,400,2025-11-08,2025-11-09,Completed,1,400,400,1
ORD00091,2025-04-06,P009,Manual Strapping Tool,Packaging Tools & Equipment,32,2025-04-08,2025-04-13,Completed,5,32,32,1
ORD00092,2025-11-22,P004,EPE Foam Roll,Protective Packaging,30,2025-11-27,2025-11-30,Completed,3,30,30,1
ORD00093,2025-06-20,P008,Plastic Pallet,Pallet Solutions,26,2025-06-23,2025-06-24,Completed,1,26,26,1
ORD00094,2025-02-02,P006,Shrink Film Roll,Stretch / Film Solutions,10,2025-02-07,2025-02-08,In Production,1,10,6,0.6
ORD00095,2025-05-10,P011,5-Ply Corrugated Box,Customized Carton Boxes,74,2025-05-12,2025-05-19,In Production,7,74,55,0.743243243
ORD00096,2025-08-14,P006,Shrink Film Roll,Stretch / Film Solutions,58,2025-08-19,2025-08-22,Completed,3,58,58,1
ORD00097,2025-04-03,P008,Plastic Pallet,Pallet Solutions,22,2025-04-09,2025-04-12,Completed,3,22,22,1
ORD00098,2025-08-17,P006,Shrink Film Roll,Stretch / Film Solutions,18,2025-08-19,2025-08-25,Completed,6,18,18,1
ORD00099,2025-12-14,P010,Battery Strapping Machine,Packaging Tools & Equipment,11,2025-12-17,2025-12-18,Completed,1,11,11,1
ORD00100,2025-01-17,P011,5-Ply Corrugated Box,Customized Carton Boxes,12,2025-01-23,2025-01-25,Completed,2,12,12,1
ORD00101,2025-05-23,P008,Plastic Pallet,Pallet Solutions,10,2025-05-26,2025-05-27,Completed,1,10,10,1
ORD00102,2025-11-10,P006,Shrink Film Roll,Stretch / Film Solutions,23,2025-11-14,2025-11-20,Completed,6,23,23,1
ORD00103,2025-06-27,P011,5-Ply Corrugated Box,Customized Carton Boxes,132,2025-06-29,2025-07-04,In Production,5,132,98,0.742424242
ORD00104,2025-04-13,P001,PP Strapping Roll,Strapping Solutions,100,2025-04-16,2025-04-18,Completed,2,100,100,1
ORD00105,2025-06-08,P002,PET Strapping Roll,Strapping Solutions,400,2025-06-13,2025-06-19,Completed,6,400,400,1
ORD00106,2025-08-27,P001,PP Strapping Roll,Strapping Solutions,500,2025-09-02,2025-09-05,Completed,3,500,500,1
ORD00107,2025-03-20,P003,Bubble Wrap Roll,Protective Packaging,25,2025-03-24,2025-03-26,Completed,2,25,25,1
ORD00108,2025-10-10,P006,Shrink Film Roll,Stretch / Film Solutions,42,2025-10-14,2025-10-16,Completed,2,42,42,1
ORD00109,2025-11-06,P008,Plastic Pallet,Pallet Solutions,49,2025-11-10,2025-11-17,Completed,7,49,49,1
ORD00110,2025-08-02,P003,Bubble Wrap Roll,Protective Packaging,8,2025-08-08,2025-08-14,Completed,6,8,8,1
ORD00111,2025-06-02,P003,Bubble Wrap Roll,Protective Packaging,36,2025-06-07,2025-06-08,Completed,1,36,36,1
ORD00112,2025-06-26,P011,5-Ply Corrugated Box,Customized Carton Boxes,8,2025-07-01,2025-07-03,Completed,2,8,8,1
ORD00113,2025-01-26,P010,Battery Strapping Machine,Packaging Tools & Equipment,26,2025-01-30,2025-02-03,In Production,4,26,10,0.384615385
ORD00114,2025-09-21,P014,Hand Pallet Truck,Material Handling,25,2025-09-26,2025-09-30,Completed,4,25,25,1
ORD00115,2025-12-01,P005,Stretch Film Roll,Stretch / Film Solutions,5,2025-12-06,2025-12-09,Completed,3,5,5,1
ORD00116,2025-01-27,P006,Shrink Film Roll,Stretch / Film Solutions,83,2025-02-02,2025-02-07,Completed,5,83,83,1
ORD00117,2025-11-09,P001,PP Strapping Roll,Strapping Solutions,100,2025-11-11,2025-11-13,Pending,2,100,0,0
ORD00118,2025-07-25,P007,Wooden Pallet,Pallet Solutions,15,2025-07-31,2025-08-01,In Production,1,15,11,0.733333333
ORD00119,2025-06-13,P005,Stretch Film Roll,Stretch / Film Solutions,6,2025-06-16,2025-06-20,Completed,4,6,6,1
ORD00120,2025-06-19,P002,PET Strapping Roll,Strapping Solutions,50,2025-06-21,2025-06-25,Completed,4,50,50,1
ORD00121,2025-04-27,P004,EPE Foam Roll,Protective Packaging,52,2025-04-29,2025-05-04,Completed,5,52,52,1
ORD00122,2025-12-25,P011,5-Ply Corrugated Box,Customized Carton Boxes,6,2025-12-27,2025-12-29,Completed,2,6,6,1
ORD00123,2025-02-01,P003,Bubble Wrap Roll,Protective Packaging,7,2025-02-04,2025-02-09,Completed,5,7,7,1
ORD00124,2025-10-07,P008,Plastic Pallet,Pallet Solutions,37,2025-10-11,2025-10-17,Pending,6,37,0,0
ORD00125,2025-04-17,P003,Bubble Wrap Roll,Protective Packaging,13,2025-04-22,2025-04-25,In Production,3,13,5,0.384615385
ORD00126,2025-06-26,P012,7-Ply Corrugated Box,Customized Carton Boxes,48,2025-06-29,2025-07-02,Completed,3,48,48,1
ORD00127,2025-05-19,P003,Bubble Wrap Roll,Protective Packaging,44,2025-05-25,2025-05-31,Completed,6,44,44,1
ORD00128,2025-01-27,P001,PP Strapping Roll,Strapping Solutions,100,2025-01-29,2025-02-02,Completed,4,100,100,1
ORD00129,2025-11-30,P003,Bubble Wrap Roll,Protective Packaging,65,2025-12-03,2025-12-10,Completed,7,65,65,1
ORD00130,2025-08-02,P005,Stretch Film Roll,Stretch / Film Solutions,15,2025-08-05,2025-08-06,Completed,1,15,15,1
ORD00131,2025-06-21,P003,Bubble Wrap Roll,Protective Packaging,38,2025-06-25,2025-06-29,In Production,4,38,25,0.657894737
ORD00132,2025-08-23,P005,Stretch Film Roll,Stretch / Film Solutions,50,2025-08-27,2025-09-02,In Production,6,50,33,0.66
ORD00133,2025-07-27,P011,5-Ply Corrugated Box,Customized Carton Boxes,8,2025-08-01,2025-08-06,Completed,5,8,8,1
ORD00134,2025-08-17,P004,EPE Foam Roll,Protective Packaging,19,2025-08-21,2025-08-24,Completed,3,19,19,1
ORD00135,2025-08-27,P006,Shrink Film Roll,Stretch / Film Solutions,91,2025-08-31,2025-09-02,In Production,2,91,33,0.362637363
ORD00136,2025-11-11,P005,Stretch Film Roll,Stretch / Film Solutions,13,2025-11-14,2025-11-16,Completed,2,13,13,1
ORD00137,2025-04-22,P014,Hand Pallet Truck,Material Handling,9,2025-04-25,2025-05-01,Completed,6,9,9,1
ORD00138,2025-04-14,P006,Shrink Film Roll,Stretch / Film Solutions,37,2025-04-20,2025-04-25,Completed,5,37,37,1
ORD00139,2025-01-29,P001,PP Strapping Roll,Strapping Solutions,420,2025-02-03,2025-02-05,Completed,2,420,420,1
ORD00140,2025-05-11,P007,Wooden Pallet,Pallet Solutions,5,2025-05-13,2025-05-19,Completed,6,5,5,1
ORD00141,2025-07-29,P005,Stretch Film Roll,Stretch / Film Solutions,37,2025-08-01,2025-08-08,In Production,7,37,21,0.567567568
ORD00142,2025-10-04,P004,EPE Foam Roll,Protective Packaging,5,2025-10-07,2025-10-13,Completed,6,5,5,1
ORD00143,2025-06-02,P013,Platform Trolley,Material Handling,3,2025-06-07,2025-06-13,In Production,6,3,1,0.333333333
ORD00144,2025-02-27,P001,PP Strapping Roll,Strapping Solutions,160,2025-03-01,2025-03-08,In Production,7,160,70,0.4375
ORD00145,2025-08-17,P001,PP Strapping Roll,Strapping Solutions,100,2025-08-23,2025-08-29,Completed,6,100,100,1
ORD00146,2025-04-30,P002,PET Strapping Roll,Strapping Solutions,50,2025-05-06,2025-05-09,In Production,3,50,39,0.78
ORD00147,2025-07-31,P006,Shrink Film Roll,Stretch / Film Solutions,35,2025-08-04,2025-08-07,In Production,3,35,13,0.371428571
ORD00148,2025-12-10,P001,PP Strapping Roll,Strapping Solutions,260,2025-12-15,2025-12-22,Completed,7,260,260,1
ORD00149,2025-06-03,P003,Bubble Wrap Roll,Protective Packaging,79,2025-06-06,2025-06-13,Pending,7,79,0,0
ORD00150,2025-06-19,P004,EPE Foam Roll,Protective Packaging,12,2025-06-21,2025-06-25,In Production,4,12,8,0.666666667
ORD00151,2025-10-28,P011,5-Ply Corrugated Box,Customized Carton Boxes,16,2025-11-03,2025-11-05,Completed,2,16,16,1
ORD00152,2025-09-03,P002,PET Strapping Roll,Strapping Solutions,50,2025-09-06,2025-09-12,Completed,6,50,50,1
ORD00153,2025-07-03,P009,Manual Strapping Tool,Packaging Tools & Equipment,44,2025-07-07,2025-07-10,Completed,3,44,44,1
ORD00154,2025-06-10,P012,7-Ply Corrugated Box,Customized Carton Boxes,7,2025-06-15,2025-06-16,Completed,1,7,7,1
ORD00155,2025-06-18,P005,Stretch Film Roll,Stretch / Film Solutions,9,2025-06-21,2025-06-25,Completed,4,9,9,1
ORD00156,2025-03-28,P005,Stretch Film Roll,Stretch / Film Solutions,69,2025-04-01,2025-04-03,In Production,2,69,50,0.724637681
ORD00157,2025-12-09,P012,7-Ply Corrugated Box,Customized Carton Boxes,11,2025-12-11,2025-12-18,Completed,7,11,11,1
ORD00158,2025-11-13,P007,Wooden Pallet,Pallet Solutions,12,2025-11-19,2025-11-23,Completed,4,12,12,1
ORD00159,2025-09-15,P011,5-Ply Corrugated Box,Customized Carton Boxes,20,2025-09-20,2025-09-27,Completed,7,20,20,1
ORD00160,2025-07-23,P001,PP Strapping Roll,Strapping Solutions,100,2025-07-25,2025-07-28,Pending,3,100,0,0
ORD00161,2025-02-17,P003,Bubble Wrap Roll,Protective Packaging,26,2025-02-22,2025-02-26,Completed,4,26,26,1
ORD00162,2025-02-18,P004,EPE Foam Roll,Protective Packaging,15,2025-02-24,2025-02-25,Completed,1,15,15,1
ORD00163,2025-10-06,P001,PP Strapping Roll,Strapping Solutions,570,2025-10-12,2025-10-18,Completed,6,570,570,1
ORD00164,2025-06-03,P003,Bubble Wrap Roll,Protective Packaging,75,2025-06-06,2025-06-11,Completed,5,75,75,1
ORD00165,2025-02-10,P002,PET Strapping Roll,Strapping Solutions,135,2025-02-16,2025-02-22,In Production,6,135,64,0.474074074
ORD00166,2025-11-21,P001,PP Strapping Roll,Strapping Solutions,260,2025-11-25,2025-12-02,Completed,7,260,260,1
ORD00167,2025-05-07,P011,5-Ply Corrugated Box,Customized Carton Boxes,12,2025-05-09,2025-05-10,In Production,1,12,5,0.416666667
ORD00168,2025-01-03,P008,Plastic Pallet,Pallet Solutions,5,2025-01-07,2025-01-11,Completed,4,5,5,1
ORD00169,2025-02-15,P007,Wooden Pallet,Pallet Solutions,13,2025-02-19,2025-02-24,Completed,5,13,13,1
ORD00170,2025-10-14,P011,5-Ply Corrugated Box,Customized Carton Boxes,9,2025-10-17,2025-10-22,Completed,5,9,9,1
ORD00171,2025-08-11,P004,EPE Foam Roll,Protective Packaging,16,2025-08-15,2025-08-19,Completed,4,16,16,1
ORD00172,2025-03-11,P011,5-Ply Corrugated Box,Customized Carton Boxes,32,2025-03-15,2025-03-16,Completed,1,32,32,1
ORD00173,2025-03-11,P002,PET Strapping Roll,Strapping Solutions,115,2025-03-15,2025-03-18,Completed,3,115,115,1
ORD00174,2025-09-09,P003,Bubble Wrap Roll,Protective Packaging,46,2025-09-15,2025-09-22,In Production,7,46,37,0.804347826
ORD00175,2025-12-16,P011,5-Ply Corrugated Box,Customized Carton Boxes,65,2025-12-22,2025-12-23,Completed,1,65,65,1
ORD00176,2025-05-04,P001,PP Strapping Roll,Strapping Solutions,530,2025-05-08,2025-05-14,Completed,6,530,530,1
ORD00177,2025-10-06,P007,Wooden Pallet,Pallet Solutions,39,2025-10-08,2025-10-15,In Production,7,39,18,0.461538462
ORD00178,2025-01-23,P011,5-Ply Corrugated Box,Customized Carton Boxes,5,2025-01-29,2025-02-04,Completed,6,5,5,1
ORD00179,2025-10-13,P002,PET Strapping Roll,Strapping Solutions,165,2025-10-19,2025-10-25,Completed,6,165,165,1
ORD00180,2025-02-23,P001,PP Strapping Roll,Strapping Solutions,100,2025-02-27,2025-03-03,Completed,4,100,100,1
ORD00181,2025-09-05,P009,Manual Strapping Tool,Packaging Tools & Equipment,18,2025-09-09,2025-09-13,Completed,4,18,18,1
ORD00182,2025-02-25,P006,Shrink Film Roll,Stretch / Film Solutions,44,2025-02-28,2025-03-06,Completed,6,44,44,1
ORD00183,2025-04-05,P002,PET Strapping Roll,Strapping Solutions,155,2025-04-08,2025-04-14,In Production,6,155,114,0.735483871
ORD00184,2025-04-16,P008,Plastic Pallet,Pallet Solutions,14,2025-04-20,2025-04-27,Completed,7,14,14,1
ORD00185,2025-09-28,P009,Manual Strapping Tool,Packaging Tools & Equipment,11,2025-10-02,2025-10-07,Completed,5,11,11,1
ORD00186,2025-06-02,P014,Hand Pallet Truck,Material Handling,21,2025-06-08,2025-06-13,Completed,5,21,21,1
ORD00187,2025-11-02,P002,PET Strapping Roll,Strapping Solutions,70,2025-11-05,2025-11-10,Completed,5,70,70,1
ORD00188,2025-04-06,P003,Bubble Wrap Roll,Protective Packaging,21,2025-04-10,2025-04-17,Pending,7,21,0,0
ORD00189,2025-09-11,P012,7-Ply Corrugated Box,Customized Carton Boxes,6,2025-09-16,2025-09-22,Completed,6,6,6,1
ORD00190,2025-01-17,P006,Shrink Film Roll,Stretch / Film Solutions,40,2025-01-21,2025-01-23,Completed,2,40,40,1
ORD00191,2025-05-18,P007,Wooden Pallet,Pallet Solutions,27,2025-05-24,2025-05-31,Completed,7,27,27,1
ORD00192,2025-06-02,P010,Battery Strapping Machine,Packaging Tools & Equipment,9,2025-06-04,2025-06-08,Completed,4,9,9,1
ORD00193,2025-06-29,P008,Plastic Pallet,Pallet Solutions,271,2025-07-05,2025-07-11,In Production,6,271,160,0.590405904
ORD00194,2025-10-03,P003,Bubble Wrap Roll,Protective Packaging,9,2025-10-06,2025-10-09,Pending,3,9,0,0
ORD00195,2025-05-22,P011,5-Ply Corrugated Box,Customized Carton Boxes,8,2025-05-25,2025-05-31,Completed,6,8,8,1
ORD00196,2025-11-20,P004,EPE Foam Roll,Protective Packaging,8,2025-11-24,2025-11-30,Completed,6,8,8,1
ORD00197,2025-08-21,P007,Wooden Pallet,Pallet Solutions,15,2025-08-26,2025-08-29,In Production,3,15,6,0.4
ORD00198,2025-07-23,P002,PET Strapping Roll,Strapping Solutions,75,2025-07-26,2025-07-30,In Production,4,75,42,0.56
ORD00199,2025-12-16,P010,Battery Strapping Machine,Packaging Tools & Equipment,10,2025-12-18,2025-12-19,Completed,1,10,10,1
ORD00200,2025-06-04,P008,Plastic Pallet,Pallet Solutions,9,2025-06-07,2025-06-14,Completed,7,9,9,1
ORD00201,2025-06-06,P011,5-Ply Corrugated Box,Customized Carton Boxes,13,2025-06-09,2025-06-13,Completed,4,13,13,1
ORD00202,2025-06-25,P002,PET Strapping Roll,Strapping Solutions,150,2025-06-27,2025-07-04,Completed,7,150,150,1
ORD00203,2025-06-03,P011,5-Ply Corrugated Box,Customized Carton Boxes,29,2025-06-06,2025-06-10,Completed,4,29,29,1
ORD00204,2025-03-19,P011,5-Ply Corrugated Box,Customized Carton Boxes,104,2025-03-24,2025-03-29,Completed,5,104,104,1
ORD00205,2025-03-13,P008,Plastic Pallet,Pallet Solutions,17,2025-03-16,2025-03-19,Completed,3,17,17,1
ORD00206,2025-04-16,P002,PET Strapping Roll,Strapping Solutions,50,2025-04-22,2025-04-27,Completed,5,50,50,1
ORD00207,2025-05-04,P009,Manual Strapping Tool,Packaging Tools & Equipment,147,2025-05-09,2025-05-15,Pending,6,147,0,0
ORD00208,2025-07-07,P004,EPE Foam Roll,Protective Packaging,22,2025-07-13,2025-07-19,Completed,6,22,22,1
ORD00209,2025-01-31,P001,PP Strapping Roll,Strapping Solutions,370,2025-02-05,2025-02-10,Completed,5,370,370,1
ORD00210,2025-05-23,P007,Wooden Pallet,Pallet Solutions,4,2025-05-25,2025-05-28,Pending,3,4,0,0
ORD00211,2025-12-15,P012,7-Ply Corrugated Box,Customized Carton Boxes,36,2025-12-17,2025-12-20,In Production,3,36,17,0.472222222
ORD00212,2025-12-03,P002,PET Strapping Roll,Strapping Solutions,50,2025-12-06,2025-12-07,Completed,1,50,50,1
ORD00213,2025-07-10,P001,PP Strapping Roll,Strapping Solutions,150,2025-07-13,2025-07-19,Completed,6,150,150,1
ORD00214,2025-02-09,P001,PP Strapping Roll,Strapping Solutions,150,2025-02-14,2025-02-18,Completed,4,150,150,1
ORD00215,2025-03-01,P006,Shrink Film Roll,Stretch / Film Solutions,35,2025-03-04,2025-03-10,Completed,6,35,35,1
ORD00216,2025-12-02,P001,PP Strapping Roll,Strapping Solutions,230,2025-12-07,2025-12-09,Completed,2,230,230,1
ORD00217,2025-01-27,P005,Stretch Film Roll,Stretch / Film Solutions,35,2025-01-30,2025-02-01,Completed,2,35,35,1
ORD00218,2025-08-22,P004,EPE Foam Roll,Protective Packaging,31,2025-08-24,2025-08-27,Completed,3,31,31,1
ORD00219,2025-10-07,P005,Stretch Film Roll,Stretch / Film Solutions,5,2025-10-10,2025-10-12,Completed,2,5,5,1
ORD00220,2025-06-07,P004,EPE Foam Roll,Protective Packaging,11,2025-06-09,2025-06-11,Pending,2,11,0,0
ORD00221,2025-07-31,P006,Shrink Film Roll,Stretch / Film Solutions,57,2025-08-04,2025-08-08,Completed,4,57,57,1
ORD00222,2025-05-02,P005,Stretch Film Roll,Stretch / Film Solutions,29,2025-05-06,2025-05-09,Completed,3,29,29,1
ORD00223,2025-10-27,P001,PP Strapping Roll,Strapping Solutions,100,2025-10-29,2025-10-31,Completed,2,100,100,1
ORD00224,2025-05-16,P009,Manual Strapping Tool,Packaging Tools & Equipment,9,2025-05-18,2025-05-19,Completed,1,9,9,1
ORD00225,2025-05-08,P005,Stretch Film Roll,Stretch / Film Solutions,44,2025-05-12,2025-05-16,Completed,4,44,44,1
ORD00226,2025-05-08,P002,PET Strapping Roll,Strapping Solutions,250,2025-05-10,2025-05-14,In Production,4,250,112,0.448
ORD00227,2025-11-27,P012,7-Ply Corrugated Box,Customized Carton Boxes,8,2025-11-29,2025-12-04,Completed,5,8,8,1
ORD00228,2025-01-22,P010,Battery Strapping Machine,Packaging Tools & Equipment,131,2025-01-27,2025-01-28,Completed,1,131,131,1
ORD00229,2025-04-06,P003,Bubble Wrap Roll,Protective Packaging,13,2025-04-10,2025-04-13,Completed,3,13,13,1
ORD00230,2025-02-14,P007,Wooden Pallet,Pallet Solutions,27,2025-02-18,2025-02-22,In Production,4,27,10,0.37037037
ORD00231,2025-07-03,P002,PET Strapping Roll,Strapping Solutions,55,2025-07-08,2025-07-13,Completed,5,55,55,1
ORD00232,2025-01-16,P006,Shrink Film Roll,Stretch / Film Solutions,18,2025-01-20,2025-01-21,Completed,1,18,18,1
ORD00233,2025-05-17,P007,Wooden Pallet,Pallet Solutions,6,2025-05-23,2025-05-30,Pending,7,6,0,0
ORD00234,2025-06-12,P007,Wooden Pallet,Pallet Solutions,11,2025-06-16,2025-06-21,Completed,5,11,11,1
ORD00235,2025-09-09,P009,Manual Strapping Tool,Packaging Tools & Equipment,29,2025-09-11,2025-09-12,Completed,1,29,29,1
ORD00236,2025-04-01,P007,Wooden Pallet,Pallet Solutions,44,2025-04-05,2025-04-06,In Production,1,44,32,0.727272727
ORD00237,2025-12-27,P011,5-Ply Corrugated Box,Customized Carton Boxes,22,2026-01-01,2026-01-06,Completed,5,22,22,1
ORD00238,2025-12-29,P002,PET Strapping Roll,Strapping Solutions,50,2026-01-04,2026-01-10,Completed,6,50,50,1
ORD00239,2025-01-01,P012,7-Ply Corrugated Box,Customized Carton Boxes,12,2025-01-07,2025-01-11,Completed,4,12,12,1
ORD00240,2025-06-19,P013,Platform Trolley,Material Handling,34,2025-06-21,2025-06-23,In Production,2,34,22,0.647058824
ORD00241,2025-04-18,P007,Wooden Pallet,Pallet Solutions,10,2025-04-21,2025-04-27,Completed,6,10,10,1
ORD00242,2025-07-31,P011,5-Ply Corrugated Box,Customized Carton Boxes,27,2025-08-05,2025-08-09,In Production,4,27,12,0.444444444
ORD00243,2025-01-11,P012,7-Ply Corrugated Box,Customized Carton Boxes,47,2025-01-15,2025-01-18,In Production,3,47,25,0.531914894
ORD00244,2025-11-11,P013,Platform Trolley,Material Handling,20,2025-11-16,2025-11-22,Completed,6,20,20,1
ORD00245,2025-12-23,P002,PET Strapping Roll,Strapping Solutions,60,2025-12-29,2026-01-04,Completed,6,60,60,1
ORD00246,2025-01-28,P012,7-Ply Corrugated Box,Customized Carton Boxes,9,2025-02-01,2025-02-02,Completed,1,9,9,1
ORD00247,2025-11-23,P014,Hand Pallet Truck,Material Handling,6,2025-11-27,2025-11-28,Completed,1,6,6,1
ORD00248,2025-07-18,P011,5-Ply Corrugated Box,Customized Carton Boxes,29,2025-07-21,2025-07-24,Completed,3,29,29,1
ORD00249,2025-02-01,P005,Stretch Film Roll,Stretch / Film Solutions,32,2025-02-04,2025-02-11,In Production,7,32,17,0.53125
ORD00250,2025-09-25,P007,Wooden Pallet,Pallet Solutions,10,2025-09-30,2025-10-05,Completed,5,10,10,1
ORD00251,2025-10-20,P002,PET Strapping Roll,Strapping Solutions,285,2025-10-26,2025-10-28,Pending,2,285,0,0
ORD00252,2025-08-11,P007,Wooden Pallet,Pallet Solutions,41,2025-08-14,2025-08-21,In Production,7,41,25,0.609756098
ORD00253,2025-05-22,P011,5-Ply Corrugated Box,Customized Carton Boxes,13,2025-05-28,2025-06-01,In Production,4,13,5,0.384615385
ORD00254,2025-02-21,P010,Battery Strapping Machine,Packaging Tools & Equipment,9,2025-02-23,2025-02-28,In Production,5,9,4,0.444444444
ORD00255,2025-01-20,P011,5-Ply Corrugated Box,Customized Carton Boxes,3,2025-01-23,2025-01-26,Completed,3,3,3,1
ORD00256,2025-09-01,P002,PET Strapping Roll,Strapping Solutions,170,2025-09-05,2025-09-08,Completed,3,170,170,1
ORD00257,2025-06-03,P012,7-Ply Corrugated Box,Customized Carton Boxes,5,2025-06-08,2025-06-15,Completed,7,5,5,1
ORD00258,2025-09-06,P004,EPE Foam Roll,Protective Packaging,122,2025-09-12,2025-09-19,Completed,7,122,122,1
ORD00259,2025-01-15,P011,5-Ply Corrugated Box,Customized Carton Boxes,6,2025-01-18,2025-01-20,Completed,2,6,6,1
ORD00260,2025-07-23,P012,7-Ply Corrugated Box,Customized Carton Boxes,24,2025-07-25,2025-07-31,Completed,6,24,24,1
ORD00261,2025-06-26,P005,Stretch Film Roll,Stretch / Film Solutions,38,2025-06-29,2025-07-06,Completed,7,38,38,1
ORD00262,2025-04-26,P004,EPE Foam Roll,Protective Packaging,17,2025-04-29,2025-05-02,Completed,3,17,17,1
ORD00263,2025-06-06,P003,Bubble Wrap Roll,Protective Packaging,31,2025-06-10,2025-06-14,Completed,4,31,31,1
ORD00264,2025-09-19,P011,5-Ply Corrugated Box,Customized Carton Boxes,14,2025-09-23,2025-09-28,Completed,5,14,14,1
ORD00265,2025-05-14,P006,Shrink Film Roll,Stretch / Film Solutions,8,2025-05-18,2025-05-20,In Production,2,8,6,0.75
ORD00266,2025-01-14,P013,Platform Trolley,Material Handling,9,2025-01-19,2025-01-22,Completed,3,9,9,1
ORD00267,2025-04-24,P007,Wooden Pallet,Pallet Solutions,56,2025-04-30,2025-05-06,In Production,6,56,30,0.535714286
ORD00268,2025-05-13,P009,Manual Strapping Tool,Packaging Tools & Equipment,40,2025-05-19,2025-05-26,Completed,7,40,40,1
ORD00269,2025-05-14,P005,Stretch Film Roll,Stretch / Film Solutions,11,2025-05-20,2025-05-23,In Production,3,11,4,0.363636364
ORD00270,2025-03-03,P005,Stretch Film Roll,Stretch / Film Solutions,7,2025-03-08,2025-03-13,Completed,5,7,7,1
ORD00271,2025-04-03,P003,Bubble Wrap Roll,Protective Packaging,14,2025-04-05,2025-04-09,Completed,4,14,14,1
ORD00272,2025-02-15,P004,EPE Foam Roll,Protective Packaging,15,2025-02-18,2025-02-23,Pending,5,15,0,0
ORD00273,2025-01-08,P011,5-Ply Corrugated Box,Customized Carton Boxes,65,2025-01-12,2025-01-19,Completed,7,65,65,1
ORD00274,2025-07-16,P003,Bubble Wrap Roll,Protective Packaging,11,2025-07-22,2025-07-27,Completed,5,11,11,1
ORD00275,2025-08-11,P008,Plastic Pallet,Pallet Solutions,15,2025-08-14,2025-08-17,Completed,3,15,15,1
ORD00276,2025-04-19,P001,PP Strapping Roll,Strapping Solutions,1050,2025-04-21,2025-04-26,Completed,5,1050,1050,1
ORD00277,2025-01-25,P005,Stretch Film Roll,Stretch / Film Solutions,130,2025-01-27,2025-02-02,Completed,6,130,130,1
ORD00278,2025-04-16,P002,PET Strapping Roll,Strapping Solutions,65,2025-04-18,2025-04-21,Completed,3,65,65,1
ORD00279,2025-11-13,P007,Wooden Pallet,Pallet Solutions,13,2025-11-15,2025-11-18,Completed,3,13,13,1
ORD00280,2025-03-24,P001,PP Strapping Roll,Strapping Solutions,280,2025-03-26,2025-03-31,Completed,5,280,280,1
ORD00281,2025-09-10,P008,Plastic Pallet,Pallet Solutions,54,2025-09-13,2025-09-14,Completed,1,54,54,1
ORD00282,2025-01-26,P006,Shrink Film Roll,Stretch / Film Solutions,10,2025-01-28,2025-02-04,Completed,7,10,10,1
ORD00283,2025-03-12,P007,Wooden Pallet,Pallet Solutions,23,2025-03-15,2025-03-18,Completed,3,23,23,1
ORD00284,2025-05-20,P008,Plastic Pallet,Pallet Solutions,33,2025-05-25,2025-05-31,In Production,6,33,18,0.545454545
ORD00285,2025-08-02,P012,7-Ply Corrugated Box,Customized Carton Boxes,44,2025-08-08,2025-08-12,Completed,4,44,44,1
ORD00286,2025-07-30,P006,Shrink Film Roll,Stretch / Film Solutions,34,2025-08-04,2025-08-05,Completed,1,34,34,1
ORD00287,2025-12-19,P007,Wooden Pallet,Pallet Solutions,4,2025-12-25,2025-12-26,Completed,1,4,4,1
ORD00288,2025-11-26,P004,EPE Foam Roll,Protective Packaging,16,2025-11-29,2025-12-04,Completed,5,16,16,1
ORD00289,2025-04-25,P002,PET Strapping Roll,Strapping Solutions,50,2025-05-01,2025-05-07,Completed,6,50,50,1
ORD00290,2025-06-11,P002,PET Strapping Roll,Strapping Solutions,280,2025-06-13,2025-06-17,Completed,4,280,280,1
ORD00291,2025-11-23,P008,Plastic Pallet,Pallet Solutions,22,2025-11-27,2025-12-02,Completed,5,22,22,1
ORD00292,2025-06-19,P006,Shrink Film Roll,Stretch / Film Solutions,15,2025-06-25,2025-07-02,Completed,7,15,15,1
ORD00293,2025-07-01,P001,PP Strapping Roll,Strapping Solutions,390,2025-07-05,2025-07-10,Completed,5,390,390,1
ORD00294,2025-04-11,P009,Manual Strapping Tool,Packaging Tools & Equipment,17,2025-04-14,2025-04-15,In Production,1,17,8,0.470588235
ORD00295,2025-03-05,P001,PP Strapping Roll,Strapping Solutions,160,2025-03-10,2025-03-14,Completed,4,160,160,1
ORD00296,2025-12-21,P012,7-Ply Corrugated Box,Customized Carton Boxes,38,2025-12-27,2025-12-29,Completed,2,38,38,1
ORD00297,2025-05-21,P009,Manual Strapping Tool,Packaging Tools & Equipment,7,2025-05-26,2025-05-29,Completed,3,7,7,1
ORD00298,2025-06-10,P001,PP Strapping Roll,Strapping Solutions,180,2025-06-16,2025-06-22,Completed,6,180,180,1
ORD00299,2025-10-05,P001,PP Strapping Roll,Strapping Solutions,220,2025-10-09,2025-10-15,Completed,6,220,220,1
ORD00300,2025-08-05,P003,Bubble Wrap Roll,Protective Packaging,21,2025-08-07,2025-08-12,Completed,5,21,21,1
ORD00301,2025-03-16,P009,Manual Strapping Tool,Packaging Tools & Equipment,30,2025-03-18,2025-03-24,Completed,6,30,30,1
ORD00302,2025-07-19,P006,Shrink Film Roll,Stretch / Film Solutions,16,2025-07-22,2025-07-27,Completed,5,16,16,1
ORD00303,2025-04-14,P003,Bubble Wrap Roll,Protective Packaging,17,2025-04-20,2025-04-27,Completed,7,17,17,1
ORD00304,2025-04-10,P012,7-Ply Corrugated Box,Customized Carton Boxes,78,2025-04-14,2025-04-18,Completed,4,78,78,1
ORD00305,2025-05-16,P014,Hand Pallet Truck,Material Handling,26,2025-05-19,2025-05-21,Completed,2,26,26,1
ORD00306,2025-11-12,P002,PET Strapping Roll,Strapping Solutions,50,2025-11-16,2025-11-20,In Production,4,50,33,0.66
ORD00307,2025-03-23,P002,PET Strapping Roll,Strapping Solutions,365,2025-03-28,2025-04-02,In Production,5,365,263,0.720547945
ORD00308,2025-09-01,P011,5-Ply Corrugated Box,Customized Carton Boxes,6,2025-09-07,2025-09-14,Completed,7,6,6,1
ORD00309,2025-02-28,P006,Shrink Film Roll,Stretch / Film Solutions,23,2025-03-05,2025-03-08,In Production,3,23,18,0.782608696
ORD00310,2025-06-01,P007,Wooden Pallet,Pallet Solutions,69,2025-06-04,2025-06-07,Completed,3,69,69,1
ORD00311,2025-11-19,P009,Manual Strapping Tool,Packaging Tools & Equipment,19,2025-11-22,2025-11-29,In Production,7,19,10,0.526315789
ORD00312,2025-12-18,P001,PP Strapping Roll,Strapping Solutions,210,2025-12-21,2025-12-22,Completed,1,210,210,1
ORD00313,2025-07-18,P011,5-Ply Corrugated Box,Customized Carton Boxes,23,2025-07-23,2025-07-29,Completed,6,23,23,1
ORD00314,2025-01-24,P014,Hand Pallet Truck,Material Handling,12,2025-01-26,2025-01-29,Completed,3,12,12,1
ORD00315,2025-01-16,P013,Platform Trolley,Material Handling,41,2025-01-21,2025-01-23,In Production,2,41,27,0.658536585
ORD00316,2025-07-11,P003,Bubble Wrap Roll,Protective Packaging,15,2025-07-13,2025-07-18,Completed,5,15,15,1
ORD00317,2025-06-26,P002,PET Strapping Roll,Strapping Solutions,145,2025-06-29,2025-07-03,Completed,4,145,145,1
ORD00318,2025-10-09,P006,Shrink Film Roll,Stretch / Film Solutions,96,2025-10-14,2025-10-20,Completed,6,96,96,1
ORD00319,2025-12-10,P005,Stretch Film Roll,Stretch / Film Solutions,20,2025-12-13,2025-12-14,Completed,1,20,20,1
ORD00320,2025-10-17,P010,Battery Strapping Machine,Packaging Tools & Equipment,20,2025-10-23,2025-10-26,Completed,3,20,20,1
ORD00321,2025-06-19,P006,Shrink Film Roll,Stretch / Film Solutions,33,2025-06-24,2025-06-28,Completed,4,33,33,1
ORD00322,2025-10-03,P014,Hand Pallet Truck,Material Handling,10,2025-10-06,2025-10-09,In Production,3,10,7,0.7
ORD00323,2025-01-19,P002,PET Strapping Roll,Strapping Solutions,50,2025-01-25,2025-01-28,Completed,3,50,50,1
ORD00324,2025-09-19,P003,Bubble Wrap Roll,Protective Packaging,33,2025-09-21,2025-09-25,In Production,4,33,26,0.787878788
ORD00325,2025-04-02,P004,EPE Foam Roll,Protective Packaging,5,2025-04-08,2025-04-13,Completed,5,5,5,1
ORD00326,2025-04-16,P007,Wooden Pallet,Pallet Solutions,10,2025-04-22,2025-04-29,Completed,7,10,10,1
ORD00327,2025-11-21,P002,PET Strapping Roll,Strapping Solutions,55,2025-11-25,2025-12-02,Completed,7,55,55,1
ORD00328,2025-04-25,P011,5-Ply Corrugated Box,Customized Carton Boxes,41,2025-05-01,2025-05-05,Completed,4,41,41,1
ORD00329,2025-02-09,P001,PP Strapping Roll,Strapping Solutions,100,2025-02-15,2025-02-21,Completed,6,100,100,1
ORD00330,2025-06-19,P012,7-Ply Corrugated Box,Customized Carton Boxes,13,2025-06-21,2025-06-25,Completed,4,13,13,1
ORD00331,2025-03-10,P002,PET Strapping Roll,Strapping Solutions,230,2025-03-16,2025-03-17,In Production,1,230,121,0.526086957
ORD00332,2025-05-26,P004,EPE Foam Roll,Protective Packaging,61,2025-05-28,2025-05-30,In Production,2,61,34,0.557377049
ORD00333,2025-04-04,P011,5-Ply Corrugated Box,Customized Carton Boxes,3,2025-04-10,2025-04-16,Completed,6,3,3,1
ORD00334,2025-01-09,P009,Manual Strapping Tool,Packaging Tools & Equipment,22,2025-01-12,2025-01-17,Completed,5,22,22,1
ORD00335,2025-03-02,P009,Manual Strapping Tool,Packaging Tools & Equipment,11,2025-03-04,2025-03-08,Completed,4,11,11,1
ORD00336,2025-09-29,P014,Hand Pallet Truck,Material Handling,9,2025-10-04,2025-10-06,In Production,2,9,7,0.777777778
ORD00337,2025-02-12,P002,PET Strapping Roll,Strapping Solutions,310,2025-02-16,2025-02-21,Completed,5,310,310,1
ORD00338,2025-04-16,P001,PP Strapping Roll,Strapping Solutions,190,2025-04-20,2025-04-24,Completed,4,190,190,1
ORD00339,2025-11-10,P009,Manual Strapping Tool,Packaging Tools & Equipment,22,2025-11-14,2025-11-20,In Production,6,22,11,0.5
ORD00340,2025-06-07,P012,7-Ply Corrugated Box,Customized Carton Boxes,35,2025-06-13,2025-06-16,Completed,3,35,35,1
ORD00341,2025-10-09,P005,Stretch Film Roll,Stretch / Film Solutions,31,2025-10-15,2025-10-21,Completed,6,31,31,1
ORD00342,2025-02-02,P003,Bubble Wrap Roll,Protective Packaging,24,2025-02-06,2025-02-08,Completed,2,24,24,1
ORD00343,2025-03-31,P009,Manual Strapping Tool,Packaging Tools & Equipment,10,2025-04-05,2025-04-09,In Production,4,10,7,0.7
ORD00344,2025-09-22,P002,PET Strapping Roll,Strapping Solutions,140,2025-09-25,2025-09-30,Completed,5,140,140,1
ORD00345,2025-07-27,P002,PET Strapping Roll,Strapping Solutions,205,2025-08-02,2025-08-04,Completed,2,205,205,1
ORD00346,2025-05-22,P004,EPE Foam Roll,Protective Packaging,25,2025-05-25,2025-05-30,Completed,5,25,25,1
ORD00347,2025-09-15,P011,5-Ply Corrugated Box,Customized Carton Boxes,24,2025-09-19,2025-09-22,In Production,3,24,10,0.416666667
ORD00348,2025-09-05,P014,Hand Pallet Truck,Material Handling,106,2025-09-08,2025-09-15,In Production,7,106,84,0.79245283
ORD00349,2025-12-13,P005,Stretch Film Roll,Stretch / Film Solutions,6,2025-12-16,2025-12-23,Completed,7,6,6,1
ORD00350,2025-07-24,P006,Shrink Film Roll,Stretch / Film Solutions,58,2025-07-28,2025-07-29,Completed,1,58,58,1
ORD00351,2025-04-13,P007,Wooden Pallet,Pallet Solutions,14,2025-04-16,2025-04-22,Completed,6,14,14,1
ORD00352,2025-02-10,P007,Wooden Pallet,Pallet Solutions,5,2025-02-15,2025-02-20,In Production,5,5,2,0.4
ORD00353,2025-04-04,P004,EPE Foam Roll,Protective Packaging,5,2025-04-10,2025-04-13,Completed,3,5,5,1
ORD00354,2025-06-27,P009,Manual Strapping Tool,Packaging Tools & Equipment,54,2025-07-02,2025-07-09,Completed,7,54,54,1
ORD00355,2025-07-14,P014,Hand Pallet Truck,Material Handling,64,2025-07-20,2025-07-21,Completed,1,64,64,1
ORD00356,2025-07-07,P001,PP Strapping Roll,Strapping Solutions,100,2025-07-10,2025-07-14,Completed,4,100,100,1
ORD00357,2025-03-09,P002,PET Strapping Roll,Strapping Solutions,295,2025-03-15,2025-03-21,In Production,6,295,107,0.362711864
ORD00358,2025-03-18,P013,Platform Trolley,Material Handling,44,2025-03-23,2025-03-30,Completed,7,44,44,1
ORD00359,2025-05-09,P012,7-Ply Corrugated Box,Customized Carton Boxes,5,2025-05-15,2025-05-22,Completed,7,5,5,1
ORD00360,2025-08-19,P005,Stretch Film Roll,Stretch / Film Solutions,19,2025-08-23,2025-08-26,In Production,3,19,14,0.736842105
ORD00361,2025-11-07,P012,7-Ply Corrugated Box,Customized Carton Boxes,26,2025-11-10,2025-11-15,In Production,5,26,21,0.807692308
ORD00362,2025-02-10,P003,Bubble Wrap Roll,Protective Packaging,12,2025-02-15,2025-02-20,Completed,5,12,12,1
ORD00363,2025-10-20,P005,Stretch Film Roll,Stretch / Film Solutions,82,2025-10-25,2025-11-01,Completed,7,82,82,1
ORD00364,2025-05-19,P004,EPE Foam Roll,Protective Packaging,26,2025-05-24,2025-05-31,Completed,7,26,26,1
ORD00365,2025-12-05,P007,Wooden Pallet,Pallet Solutions,79,2025-12-09,2025-12-15,Completed,6,79,79,1
ORD00366,2025-07-23,P005,Stretch Film Roll,Stretch / Film Solutions,136,2025-07-29,2025-08-05,Completed,7,136,136,1
ORD00367,2025-05-26,P006,Shrink Film Roll,Stretch / Film Solutions,10,2025-05-31,2025-06-06,Completed,6,10,10,1
ORD00368,2025-10-04,P005,Stretch Film Roll,Stretch / Film Solutions,9,2025-10-08,2025-10-13,Completed,5,9,9,1
ORD00369,2025-10-16,P011,5-Ply Corrugated Box,Customized Carton Boxes,33,2025-10-21,2025-10-26,Completed,5,33,33,1
ORD00370,2025-05-14,P009,Manual Strapping Tool,Packaging Tools & Equipment,25,2025-05-17,2025-05-20,Completed,3,25,25,1
ORD00371,2025-09-09,P004,EPE Foam Roll,Protective Packaging,6,2025-09-14,2025-09-17,Completed,3,6,6,1
ORD00372,2025-07-22,P001,PP Strapping Roll,Strapping Solutions,1970,2025-07-25,2025-07-27,Completed,2,1970,1970,1
ORD00373,2025-09-30,P005,Stretch Film Roll,Stretch / Film Solutions,51,2025-10-04,2025-10-08,Completed,4,51,51,1
ORD00374,2025-09-09,P007,Wooden Pallet,Pallet Solutions,4,2025-09-12,2025-09-15,Completed,3,4,4,1
ORD00375,2025-04-30,P005,Stretch Film Roll,Stretch / Film Solutions,32,2025-05-02,2025-05-04,Completed,2,32,32,1
ORD00376,2025-02-11,P002,PET Strapping Roll,Strapping Solutions,50,2025-02-14,2025-02-15,Completed,1,50,50,1
ORD00377,2025-07-17,P008,Plastic Pallet,Pallet Solutions,20,2025-07-22,2025-07-24,Completed,2,20,20,1
ORD00378,2025-06-15,P003,Bubble Wrap Roll,Protective Packaging,5,2025-06-18,2025-06-24,Completed,6,5,5,1
ORD00379,2025-02-27,P014,Hand Pallet Truck,Material Handling,13,2025-03-02,2025-03-08,Completed,6,13,13,1
ORD00380,2025-09-01,P007,Wooden Pallet,Pallet Solutions,13,2025-09-07,2025-09-09,Completed,2,13,13,1
ORD00381,2025-10-02,P003,Bubble Wrap Roll,Protective Packaging,45,2025-10-04,2025-10-06,Completed,2,45,45,1
ORD00382,2025-12-19,P012,7-Ply Corrugated Box,Customized Carton Boxes,5,2025-12-24,2025-12-27,Completed,3,5,5,1
ORD00383,2025-10-18,P003,Bubble Wrap Roll,Protective Packaging,26,2025-10-21,2025-10-26,Completed,5,26,26,1
ORD00384,2025-06-01,P005,Stretch Film Roll,Stretch / Film Solutions,35,2025-06-05,2025-06-10,Completed,5,35,35,1
ORD00385,2025-06-14,P011,5-Ply Corrugated Box,Customized Carton Boxes,5,2025-06-16,2025-06-22,Completed,6,5,5,1
ORD00386,2025-02-19,P005,Stretch Film Roll,Stretch / Film Solutions,42,2025-02-25,2025-03-03,Completed,6,42,42,1
ORD00387,2025-11-25,P005,Stretch Film Roll,Stretch / Film Solutions,22,2025-11-30,2025-12-06,Completed,6,22,22,1
ORD00388,2025-09-09,P001,PP Strapping Roll,Strapping Solutions,180,2025-09-11,2025-09-15,In Production,4,180,73,0.405555556
ORD00389,2025-09-28,P002,PET Strapping Roll,Strapping Solutions,55,2025-09-30,2025-10-06,Pending,6,55,0,0
ORD00390,2025-04-09,P007,Wooden Pallet,Pallet Solutions,29,2025-04-15,2025-04-21,Completed,6,29,29,1
ORD00391,2025-08-23,P003,Bubble Wrap Roll,Protective Packaging,5,2025-08-28,2025-08-29,Completed,1,5,5,1
ORD00392,2025-06-16,P009,Manual Strapping Tool,Packaging Tools & Equipment,19,2025-06-20,2025-06-24,Completed,4,19,19,1
ORD00393,2025-08-20,P001,PP Strapping Roll,Strapping Solutions,100,2025-08-25,2025-08-29,Completed,4,100,100,1
ORD00394,2025-04-20,P007,Wooden Pallet,Pallet Solutions,7,2025-04-24,2025-04-25,Completed,1,7,7,1
ORD00395,2025-03-12,P003,Bubble Wrap Roll,Protective Packaging,8,2025-03-16,2025-03-19,In Production,3,8,4,0.5
ORD00396,2025-06-16,P001,PP Strapping Roll,Strapping Solutions,140,2025-06-21,2025-06-23,Completed,2,140,140,1
ORD00397,2025-06-28,P011,5-Ply Corrugated Box,Customized Carton Boxes,40,2025-07-03,2025-07-07,In Production,4,40,31,0.775
ORD00398,2025-10-04,P005,Stretch Film Roll,Stretch / Film Solutions,7,2025-10-10,2025-10-12,Completed,2,7,7,1
ORD00399,2025-04-24,P006,Shrink Film Roll,Stretch / Film Solutions,19,2025-04-29,2025-05-02,Completed,3,19,19,1
ORD00400,2025-12-24,P006,Shrink Film Roll,Stretch / Film Solutions,15,2025-12-27,2026-01-03,Completed,7,15,15,1
ORD00401,2025-05-07,P004,EPE Foam Roll,Protective Packaging,22,2025-05-10,2025-05-11,In Production,1,22,12,0.545454545
ORD00402,2025-04-08,P003,Bubble Wrap Roll,Protective Packaging,50,2025-04-12,2025-04-15,Completed,3,50,50,1
ORD00403,2025-01-23,P008,Plastic Pallet,Pallet Solutions,42,2025-01-26,2025-01-28,In Production,2,42,32,0.761904762
ORD00404,2025-01-08,P001,PP Strapping Roll,Strapping Solutions,100,2025-01-12,2025-01-18,Completed,6,100,100,1
ORD00405,2025-05-13,P012,7-Ply Corrugated Box,Customized Carton Boxes,47,2025-05-19,2025-05-23,Completed,4,47,47,1
ORD00406,2025-01-31,P011,5-Ply Corrugated Box,Customized Carton Boxes,11,2025-02-04,2025-02-06,Completed,2,11,11,1
ORD00407,2025-07-17,P007,Wooden Pallet,Pallet Solutions,7,2025-07-20,2025-07-24,Completed,4,7,7,1
ORD00408,2025-10-15,P003,Bubble Wrap Roll,Protective Packaging,42,2025-10-17,2025-10-18,Completed,1,42,42,1
ORD00409,2025-05-01,P006,Shrink Film Roll,Stretch / Film Solutions,139,2025-05-07,2025-05-10,In Production,3,139,73,0.525179856
ORD00410,2025-12-03,P011,5-Ply Corrugated Box,Customized Carton Boxes,15,2025-12-06,2025-12-07,Completed,1,15,15,1
ORD00411,2025-08-07,P002,PET Strapping Roll,Strapping Solutions,205,2025-08-11,2025-08-16,Completed,5,205,205,1
ORD00412,2025-12-19,P011,5-Ply Corrugated Box,Customized Carton Boxes,4,2025-12-25,2025-12-27,Completed,2,4,4,1
ORD00413,2025-04-05,P005,Stretch Film Roll,Stretch / Film Solutions,40,2025-04-09,2025-04-16,In Production,7,40,23,0.575
ORD00414,2025-05-21,P001,PP Strapping Roll,Strapping Solutions,100,2025-05-24,2025-05-31,Completed,7,100,100,1
ORD00415,2025-12-18,P005,Stretch Film Roll,Stretch / Film Solutions,38,2025-12-20,2025-12-23,Completed,3,38,38,1
ORD00416,2025-03-25,P013,Platform Trolley,Material Handling,6,2025-03-28,2025-03-30,Completed,2,6,6,1
ORD00417,2025-04-15,P011,5-Ply Corrugated Box,Customized Carton Boxes,33,2025-04-17,2025-04-19,Completed,2,33,33,1
ORD00418,2025-07-14,P007,Wooden Pallet,Pallet Solutions,351,2025-07-18,2025-07-22,Completed,4,351,351,1
ORD00419,2025-05-06,P005,Stretch Film Roll,Stretch / Film Solutions,14,2025-05-12,2025-05-17,Completed,5,14,14,1
ORD00420,2025-06-05,P007,Wooden Pallet,Pallet Solutions,14,2025-06-09,2025-06-13,In Production,4,14,6,0.428571429
ORD00421,2025-09-14,P001,PP Strapping Roll,Strapping Solutions,100,2025-09-16,2025-09-18,Completed,2,100,100,1
ORD00422,2025-06-15,P002,PET Strapping Roll,Strapping Solutions,80,2025-06-18,2025-06-24,Completed,6,80,80,1
ORD00423,2025-03-23,P012,7-Ply Corrugated Box,Customized Carton Boxes,68,2025-03-28,2025-04-02,In Production,5,68,34,0.5
ORD00424,2025-12-31,P006,Shrink Film Roll,Stretch / Film Solutions,11,2026-01-02,2026-01-06,Pending,4,11,0,0
ORD00425,2025-11-15,P005,Stretch Film Roll,Stretch / Film Solutions,18,2025-11-19,2025-11-20,Completed,1,18,18,1
ORD00426,2025-12-04,P005,Stretch Film Roll,Stretch / Film Solutions,12,2025-12-09,2025-12-13,Completed,4,12,12,1
ORD00427,2025-03-17,P005,Stretch Film Roll,Stretch / Film Solutions,116,2025-03-19,2025-03-25,Completed,6,116,116,1
ORD00428,2025-02-25,P011,5-Ply Corrugated Box,Customized Carton Boxes,9,2025-03-02,2025-03-04,Completed,2,9,9,1
ORD00429,2025-10-24,P001,PP Strapping Roll,Strapping Solutions,900,2025-10-28,2025-10-29,In Production,1,900,723,0.803333333
ORD00430,2025-03-10,P008,Plastic Pallet,Pallet Solutions,6,2025-03-12,2025-03-18,Completed,6,6,6,1
ORD00431,2025-02-14,P009,Manual Strapping Tool,Packaging Tools & Equipment,16,2025-02-19,2025-02-25,In Production,6,16,6,0.375
ORD00432,2025-09-12,P003,Bubble Wrap Roll,Protective Packaging,44,2025-09-18,2025-09-24,In Production,6,44,19,0.431818182
ORD00433,2025-08-27,P005,Stretch Film Roll,Stretch / Film Solutions,12,2025-08-29,2025-09-04,Completed,6,12,12,1
ORD00434,2025-12-20,P001,PP Strapping Roll,Strapping Solutions,200,2025-12-24,2025-12-27,Completed,3,200,200,1
ORD00435,2025-01-15,P004,EPE Foam Roll,Protective Packaging,8,2025-01-18,2025-01-20,Completed,2,8,8,1
ORD00436,2025-08-24,P014,Hand Pallet Truck,Material Handling,39,2025-08-30,2025-09-02,Completed,3,39,39,1
ORD00437,2025-04-17,P008,Plastic Pallet,Pallet Solutions,18,2025-04-23,2025-04-29,Completed,6,18,18,1
ORD00438,2025-11-07,P009,Manual Strapping Tool,Packaging Tools & Equipment,90,2025-11-12,2025-11-14,Completed,2,90,90,1
ORD00439,2025-07-10,P004,EPE Foam Roll,Protective Packaging,26,2025-07-15,2025-07-22,Completed,7,26,26,1
ORD00440,2025-01-13,P008,Plastic Pallet,Pallet Solutions,17,2025-01-18,2025-01-23,Completed,5,17,17,1
ORD00441,2025-12-13,P003,Bubble Wrap Roll,Protective Packaging,18,2025-12-16,2025-12-18,In Production,2,18,11,0.611111111
ORD00442,2025-06-20,P009,Manual Strapping Tool,Packaging Tools & Equipment,19,2025-06-25,2025-06-26,Completed,1,19,19,1
ORD00443,2025-04-13,P009,Manual Strapping Tool,Packaging Tools & Equipment,19,2025-04-16,2025-04-19,Completed,3,19,19,1
ORD00444,2025-11-15,P011,5-Ply Corrugated Box,Customized Carton Boxes,10,2025-11-21,2025-11-26,Completed,5,10,10,1
ORD00445,2025-02-06,P011,5-Ply Corrugated Box,Customized Carton Boxes,5,2025-02-10,2025-02-15,Completed,5,5,5,1
ORD00446,2025-02-14,P005,Stretch Film Roll,Stretch / Film Solutions,8,2025-02-19,2025-02-23,Completed,4,8,8,1
ORD00447,2025-12-10,P003,Bubble Wrap Roll,Protective Packaging,36,2025-12-16,2025-12-17,Completed,1,36,36,1
ORD00448,2025-03-15,P004,EPE Foam Roll,Protective Packaging,8,2025-03-21,2025-03-24,In Production,3,8,7,0.875
ORD00449,2025-02-03,P008,Plastic Pallet,Pallet Solutions,19,2025-02-08,2025-02-09,Completed,1,19,19,1
ORD00450,2025-06-16,P009,Manual Strapping Tool,Packaging Tools & Equipment,17,2025-06-22,2025-06-28,Completed,6,17,17,1
ORD00451,2025-07-16,P013,Platform Trolley,Material Handling,17,2025-07-18,2025-07-21,Pending,3,17,0,0
ORD00452,2025-12-06,P012,7-Ply Corrugated Box,Customized Carton Boxes,72,2025-12-08,2025-12-14,Completed,6,72,72,1
ORD00453,2025-02-05,P006,Shrink Film Roll,Stretch / Film Solutions,19,2025-02-11,2025-02-12,Completed,1,19,19,1
ORD00454,2025-03-17,P005,Stretch Film Roll,Stretch / Film Solutions,17,2025-03-20,2025-03-24,Completed,4,17,17,1
ORD00455,2025-06-05,P006,Shrink Film Roll,Stretch / Film Solutions,25,2025-06-10,2025-06-16,Completed,6,25,25,1
ORD00456,2025-07-09,P002,PET Strapping Roll,Strapping Solutions,250,2025-07-15,2025-07-16,Completed,1,250,250,1
ORD00457,2025-11-17,P005,Stretch Film Roll,Stretch / Film Solutions,5,2025-11-21,2025-11-27,Completed,6,5,5,1
ORD00458,2025-03-20,P008,Plastic Pallet,Pallet Solutions,18,2025-03-24,2025-03-31,Completed,7,18,18,1
ORD00459,2025-08-22,P005,Stretch Film Roll,Stretch / Film Solutions,18,2025-08-28,2025-09-01,Completed,4,18,18,1
ORD00460,2025-10-23,P001,PP Strapping Roll,Strapping Solutions,410,2025-10-28,2025-11-04,In Production,7,410,168,0.409756098
ORD00461,2025-07-08,P007,Wooden Pallet,Pallet Solutions,7,2025-07-10,2025-07-15,Completed,5,7,7,1
ORD00462,2025-02-15,P011,5-Ply Corrugated Box,Customized Carton Boxes,7,2025-02-18,2025-02-22,Completed,4,7,7,1
ORD00463,2025-08-21,P010,Battery Strapping Machine,Packaging Tools & Equipment,43,2025-08-27,2025-08-31,Pending,4,43,0,0
ORD00464,2025-06-05,P005,Stretch Film Roll,Stretch / Film Solutions,5,2025-06-11,2025-06-14,Completed,3,5,5,1
ORD00465,2025-03-06,P001,PP Strapping Roll,Strapping Solutions,120,2025-03-12,2025-03-13,Completed,1,120,120,1
ORD00466,2025-03-19,P005,Stretch Film Roll,Stretch / Film Solutions,5,2025-03-24,2025-03-27,Completed,3,5,5,1
ORD00467,2025-11-01,P001,PP Strapping Roll,Strapping Solutions,100,2025-11-04,2025-11-11,Completed,7,100,100,1
ORD00468,2025-06-26,P006,Shrink Film Roll,Stretch / Film Solutions,13,2025-06-28,2025-07-04,Completed,6,13,13,1
ORD00469,2025-12-28,P005,Stretch Film Roll,Stretch / Film Solutions,52,2026-01-02,2026-01-06,Completed,4,52,52,1
ORD00470,2025-09-29,P010,Battery Strapping Machine,Packaging Tools & Equipment,4,2025-10-01,2025-10-02,Completed,1,4,4,1
ORD00471,2025-12-02,P003,Bubble Wrap Roll,Protective Packaging,6,2025-12-08,2025-12-12,Completed,4,6,6,1
ORD00472,2025-12-11,P006,Shrink Film Roll,Stretch / Film Solutions,16,2025-12-13,2025-12-20,Completed,7,16,16,1
ORD00473,2025-01-13,P005,Stretch Film Roll,Stretch / Film Solutions,22,2025-01-19,2025-01-20,In Production,1,22,13,0.590909091
ORD00474,2025-03-08,P001,PP Strapping Roll,Strapping Solutions,120,2025-03-13,2025-03-19,Completed,6,120,120,1
ORD00475,2025-08-07,P001,PP Strapping Roll,Strapping Solutions,190,2025-08-11,2025-08-14,Completed,3,190,190,1
ORD00476,2025-08-14,P001,PP Strapping Roll,Strapping Solutions,260,2025-08-16,2025-08-20,Completed,4,260,260,1
ORD00477,2025-02-24,P002,PET Strapping Roll,Strapping Solutions,105,2025-03-01,2025-03-07,Completed,6,105,105,1
ORD00478,2025-11-24,P001,PP Strapping Roll,Strapping Solutions,370,2025-11-26,2025-11-27,Completed,1,370,370,1
ORD00479,2025-08-12,P006,Shrink Film Roll,Stretch / Film Solutions,23,2025-08-17,2025-08-24,Completed,7,23,23,1
ORD00480,2025-12-16,P006,Shrink Film Roll,Stretch / Film Solutions,36,2025-12-20,2025-12-24,In Production,4,36,13,0.361111111
ORD00481,2025-04-14,P007,Wooden Pallet,Pallet Solutions,108,2025-04-17,2025-04-22,Completed,5,108,108,1
ORD00482,2025-08-13,P011,5-Ply Corrugated Box,Customized Carton Boxes,42,2025-08-16,2025-08-18,Completed,2,42,42,1
ORD00483,2025-10-01,P006,Shrink Film Roll,Stretch / Film Solutions,58,2025-10-06,2025-10-07,Completed,1,58,58,1
ORD00484,2025-03-18,P013,Platform Trolley,Material Handling,26,2025-03-24,2025-03-26,Completed,2,26,26,1
ORD00485,2025-03-08,P012,7-Ply Corrugated Box,Customized Carton Boxes,13,2025-03-10,2025-03-12,Completed,2,13,13,1
ORD00486,2025-09-12,P012,7-Ply Corrugated Box,Customized Carton Boxes,6,2025-09-18,2025-09-25,Completed,7,6,6,1
ORD00487,2025-10-07,P001,PP Strapping Roll,Strapping Solutions,140,2025-10-10,2025-10-13,Completed,3,140,140,1
ORD00488,2025-10-11,P008,Plastic Pallet,Pallet Solutions,11,2025-10-14,2025-10-18,In Production,4,11,6,0.545454545
ORD00489,2025-01-04,P009,Manual Strapping Tool,Packaging Tools & Equipment,40,2025-01-06,2025-01-08,Completed,2,40,40,1
ORD00490,2025-05-19,P001,PP Strapping Roll,Strapping Solutions,170,2025-05-25,2025-05-29,Completed,4,170,170,1
ORD00491,2025-06-04,P003,Bubble Wrap Roll,Protective Packaging,26,2025-06-08,2025-06-12,Completed,4,26,26,1
ORD00492,2025-04-23,P006,Shrink Film Roll,Stretch / Film Solutions,42,2025-04-28,2025-05-05,In Production,7,42,24,0.571428571
ORD00493,2025-11-27,P004,EPE Foam Roll,Protective Packaging,21,2025-12-01,2025-12-04,Completed,3,21,21,1
ORD00494,2025-03-22,P001,PP Strapping Roll,Strapping Solutions,990,2025-03-24,2025-03-28,Completed,4,990,990,1
ORD00495,2025-06-16,P011,5-Ply Corrugated Box,Customized Carton Boxes,51,2025-06-19,2025-06-26,Completed,7,51,51,1
ORD00496,2025-10-27,P005,Stretch Film Roll,Stretch / Film Solutions,49,2025-11-01,2025-11-02,Completed,1,49,49,1
ORD00497,2025-11-20,P005,Stretch Film Roll,Stretch / Film Solutions,28,2025-11-24,2025-11-27,Completed,3,28,28,1
ORD00498,2025-06-25,P003,Bubble Wrap Roll,Protective Packaging,10,2025-06-28,2025-07-01,Completed,3,10,10,1
ORD00499,2025-07-30,P009,Manual Strapping Tool,Packaging Tools & Equipment,7,2025-08-05,2025-08-09,Completed,4,7,7,1
ORD00500,2025-10-24,P002,PET Strapping Roll,Strapping Solutions,130,2025-10-27,2025-11-01,Completed,5,130,130,1
ORD00501,2025-07-21,P003,Bubble Wrap Roll,Protective Packaging,105,2025-07-26,2025-08-02,Completed,7,105,105,1
ORD00502,2025-11-28,P002,PET Strapping Roll,Strapping Solutions,50,2025-11-30,2025-12-01,Completed,1,50,50,1
ORD00503,2025-12-27,P008,Plastic Pallet,Pallet Solutions,12,2026-01-01,2026-01-03,Completed,2,12,12,1
ORD00504,2025-08-07,P012,7-Ply Corrugated Box,Customized Carton Boxes,8,2025-08-11,2025-08-17,Completed,6,8,8,1
ORD00505,2025-07-06,P005,Stretch Film Roll,Stretch / Film Solutions,8,2025-07-08,2025-07-09,Completed,1,8,8,1
ORD00506,2025-12-30,P013,Platform Trolley,Material Handling,33,2026-01-02,2026-01-04,Completed,2,33,33,1
ORD00507,2025-06-30,P007,Wooden Pallet,Pallet Solutions,10,2025-07-04,2025-07-09,Completed,5,10,10,1
ORD00508,2025-12-14,P012,7-Ply Corrugated Box,Customized Carton Boxes,5,2025-12-20,2025-12-23,Completed,3,5,5,1
ORD00509,2025-02-11,P006,Shrink Film Roll,Stretch / Film Solutions,38,2025-02-16,2025-02-18,Completed,2,38,38,1
ORD00510,2025-05-31,P004,EPE Foam Roll,Protective Packaging,26,2025-06-05,2025-06-11,Completed,6,26,26,1
ORD00511,2025-11-27,P001,PP Strapping Roll,Strapping Solutions,240,2025-12-01,2025-12-05,In Production,4,240,104,0.433333333
ORD00512,2025-08-23,P011,5-Ply Corrugated Box,Customized Carton Boxes,14,2025-08-27,2025-09-01,Completed,5,14,14,1
ORD00513,2025-08-22,P005,Stretch Film Roll,Stretch / Film Solutions,17,2025-08-25,2025-08-30,Pending,5,17,0,0
ORD00514,2025-10-22,P003,Bubble Wrap Roll,Protective Packaging,5,2025-10-25,2025-10-29,Completed,4,5,5,1
ORD00515,2025-10-04,P011,5-Ply Corrugated Box,Customized Carton Boxes,15,2025-10-07,2025-10-12,Completed,5,15,15,1
ORD00516,2025-10-07,P010,Battery Strapping Machine,Packaging Tools & Equipment,53,2025-10-13,2025-10-16,Pending,3,53,0,0
ORD00517,2025-12-19,P005,Stretch Film Roll,Stretch / Film Solutions,6,2025-12-21,2025-12-27,Completed,6,6,6,1
ORD00518,2025-06-17,P002,PET Strapping Roll,Strapping Solutions,120,2025-06-19,2025-06-24,In Production,5,120,73,0.608333333
ORD00519,2025-12-10,P012,7-Ply Corrugated Box,Customized Carton Boxes,3,2025-12-12,2025-12-17,Completed,5,3,3,1
ORD00520,2025-08-07,P006,Shrink Film Roll,Stretch / Film Solutions,42,2025-08-11,2025-08-15,Completed,4,42,42,1
ORD00521,2025-08-01,P007,Wooden Pallet,Pallet Solutions,43,2025-08-06,2025-08-09,Completed,3,43,43,1
ORD00522,2025-06-21,P003,Bubble Wrap Roll,Protective Packaging,35,2025-06-23,2025-06-28,Completed,5,35,35,1
ORD00523,2025-05-29,P008,Plastic Pallet,Pallet Solutions,23,2025-06-04,2025-06-08,Completed,4,23,23,1
ORD00524,2025-05-15,P001,PP Strapping Roll,Strapping Solutions,100,2025-05-19,2025-05-25,In Production,6,100,52,0.52
ORD00525,2025-09-10,P011,5-Ply Corrugated Box,Customized Carton Boxes,36,2025-09-12,2025-09-17,Completed,5,36,36,1
ORD00526,2025-09-20,P001,PP Strapping Roll,Strapping Solutions,100,2025-09-26,2025-09-27,Completed,1,100,100,1
ORD00527,2025-05-20,P004,EPE Foam Roll,Protective Packaging,17,2025-05-24,2025-05-28,Completed,4,17,17,1
ORD00528,2025-03-27,P009,Manual Strapping Tool,Packaging Tools & Equipment,10,2025-04-02,2025-04-05,Completed,3,10,10,1
ORD00529,2025-03-12,P005,Stretch Film Roll,Stretch / Film Solutions,25,2025-03-18,2025-03-21,In Production,3,25,21,0.84
ORD00530,2025-10-14,P002,PET Strapping Roll,Strapping Solutions,50,2025-10-20,2025-10-26,Completed,6,50,50,1
ORD00531,2025-09-03,P003,Bubble Wrap Roll,Protective Packaging,23,2025-09-07,2025-09-10,In Production,3,23,14,0.608695652
ORD00532,2025-01-15,P005,Stretch Film Roll,Stretch / Film Solutions,19,2025-01-17,2025-01-19,Completed,2,19,19,1
ORD00533,2025-01-10,P001,PP Strapping Roll,Strapping Solutions,340,2025-01-15,2025-01-22,Completed,7,340,340,1
ORD00534,2025-01-23,P007,Wooden Pallet,Pallet Solutions,43,2025-01-25,2025-01-28,In Production,3,43,22,0.511627907
ORD00535,2025-01-15,P008,Plastic Pallet,Pallet Solutions,16,2025-01-17,2025-01-19,Completed,2,16,16,1
ORD00536,2025-02-20,P005,Stretch Film Roll,Stretch / Film Solutions,27,2025-02-26,2025-03-05,Completed,7,27,27,1
ORD00537,2025-04-20,P009,Manual Strapping Tool,Packaging Tools & Equipment,111,2025-04-26,2025-05-03,Completed,7,111,111,1
ORD00538,2025-04-20,P003,Bubble Wrap Roll,Protective Packaging,9,2025-04-26,2025-04-28,Completed,2,9,9,1
ORD00539,2025-05-28,P005,Stretch Film Roll,Stretch / Film Solutions,8,2025-06-03,2025-06-09,Completed,6,8,8,1
ORD00540,2025-10-11,P005,Stretch Film Roll,Stretch / Film Solutions,98,2025-10-16,2025-10-19,In Production,3,98,57,0.581632653
ORD00541,2025-12-11,P006,Shrink Film Roll,Stretch / Film Solutions,49,2025-12-13,2025-12-17,Completed,4,49,49,1
ORD00542,2025-07-06,P006,Shrink Film Roll,Stretch / Film Solutions,53,2025-07-09,2025-07-12,Completed,3,53,53,1
ORD00543,2025-10-31,P001,PP Strapping Roll,Strapping Solutions,150,2025-11-04,2025-11-11,Completed,7,150,150,1
ORD00544,2025-02-25,P007,Wooden Pallet,Pallet Solutions,24,2025-02-27,2025-03-02,In Production,3,24,13,0.541666667
ORD00545,2025-12-14,P014,Hand Pallet Truck,Material Handling,9,2025-12-16,2025-12-18,Completed,2,9,9,1
ORD00546,2025-08-27,P003,Bubble Wrap Roll,Protective Packaging,17,2025-08-30,2025-09-02,Completed,3,17,17,1
ORD00547,2025-03-02,P003,Bubble Wrap Roll,Protective Packaging,24,2025-03-07,2025-03-11,Completed,4,24,24,1
ORD00548,2025-08-09,P013,Platform Trolley,Material Handling,21,2025-08-12,2025-08-15,Completed,3,21,21,1
ORD00549,2025-10-15,P003,Bubble Wrap Roll,Protective Packaging,10,2025-10-18,2025-10-23,Completed,5,10,10,1
ORD00550,2025-02-01,P011,5-Ply Corrugated Box,Customized Carton Boxes,69,2025-02-03,2025-02-08,Completed,5,69,69,1
ORD00551,2025-07-30,P006,Shrink Film Roll,Stretch / Film Solutions,17,2025-08-03,2025-08-04,Completed,1,17,17,1
ORD00552,2025-06-22,P001,PP Strapping Roll,Strapping Solutions,620,2025-06-25,2025-06-26,Completed,1,620,620,1
ORD00553,2025-07-13,P012,7-Ply Corrugated Box,Customized Carton Boxes,16,2025-07-19,2025-07-23,Completed,4,16,16,1
ORD00554,2025-03-27,P002,PET Strapping Roll,Strapping Solutions,85,2025-04-02,2025-04-05,Completed,3,85,85,1
ORD00555,2025-10-21,P011,5-Ply Corrugated Box,Customized Carton Boxes,26,2025-10-26,2025-11-02,Completed,7,26,26,1
ORD00556,2025-08-07,P002,PET Strapping Roll,Strapping Solutions,50,2025-08-10,2025-08-13,Completed,3,50,50,1
ORD00557,2025-08-21,P007,Wooden Pallet,Pallet Solutions,8,2025-08-27,2025-08-29,Completed,2,8,8,1
ORD00558,2025-11-11,P003,Bubble Wrap Roll,Protective Packaging,19,2025-11-16,2025-11-21,Completed,5,19,19,1
ORD00559,2025-06-13,P007,Wooden Pallet,Pallet Solutions,71,2025-06-15,2025-06-21,Completed,6,71,71,1
ORD00560,2025-03-18,P002,PET Strapping Roll,Strapping Solutions,200,2025-03-21,2025-03-22,Completed,1,200,200,1
ORD00561,2025-03-11,P004,EPE Foam Roll,Protective Packaging,27,2025-03-13,2025-03-16,In Production,3,27,22,0.814814815
ORD00562,2025-11-05,P001,PP Strapping Roll,Strapping Solutions,200,2025-11-09,2025-11-16,Completed,7,200,200,1
ORD00563,2025-03-03,P006,Shrink Film Roll,Stretch / Film Solutions,38,2025-03-09,2025-03-15,In Production,6,38,32,0.842105263
ORD00564,2025-07-19,P011,5-Ply Corrugated Box,Customized Carton Boxes,16,2025-07-22,2025-07-26,Pending,4,16,0,0
ORD00565,2025-12-25,P008,Plastic Pallet,Pallet Solutions,67,2025-12-27,2025-12-30,Completed,3,67,67,1
ORD00566,2025-07-08,P011,5-Ply Corrugated Box,Customized Carton Boxes,5,2025-07-12,2025-07-13,Completed,1,5,5,1
ORD00567,2025-12-25,P004,EPE Foam Roll,Protective Packaging,47,2025-12-29,2026-01-05,In Production,7,47,39,0.829787234
ORD00568,2025-06-02,P002,PET Strapping Roll,Strapping Solutions,50,2025-06-05,2025-06-12,In Production,7,50,26,0.52
ORD00569,2025-07-31,P002,PET Strapping Roll,Strapping Solutions,300,2025-08-04,2025-08-10,Completed,6,300,300,1
ORD00570,2025-06-17,P005,Stretch Film Roll,Stretch / Film Solutions,10,2025-06-22,2025-06-28,Completed,6,10,10,1
ORD00571,2025-11-18,P001,PP Strapping Roll,Strapping Solutions,100,2025-11-22,2025-11-25,Completed,3,100,100,1
ORD00572,2025-08-20,P008,Plastic Pallet,Pallet Solutions,14,2025-08-25,2025-09-01,Completed,7,14,14,1
ORD00573,2025-04-04,P004,EPE Foam Roll,Protective Packaging,10,2025-04-09,2025-04-13,In Production,4,10,7,0.7
ORD00574,2025-05-15,P006,Shrink Film Roll,Stretch / Film Solutions,19,2025-05-18,2025-05-19,Completed,1,19,19,1
ORD00575,2025-09-27,P012,7-Ply Corrugated Box,Customized Carton Boxes,43,2025-10-02,2025-10-09,Completed,7,43,43,1
ORD00576,2025-08-09,P013,Platform Trolley,Material Handling,25,2025-08-12,2025-08-17,Completed,5,25,25,1
ORD00577,2025-05-01,P008,Plastic Pallet,Pallet Solutions,18,2025-05-07,2025-05-11,Completed,4,18,18,1
ORD00578,2025-07-23,P005,Stretch Film Roll,Stretch / Film Solutions,40,2025-07-26,2025-08-01,Completed,6,40,40,1
ORD00579,2025-07-01,P012,7-Ply Corrugated Box,Customized Carton Boxes,11,2025-07-07,2025-07-13,Completed,6,11,11,1
ORD00580,2025-10-25,P005,Stretch Film Roll,Stretch / Film Solutions,113,2025-10-28,2025-10-31,Completed,3,113,113,1
ORD00581,2025-03-14,P002,PET Strapping Roll,Strapping Solutions,165,2025-03-18,2025-03-19,Completed,1,165,165,1
ORD00582,2025-05-16,P004,EPE Foam Roll,Protective Packaging,18,2025-05-22,2025-05-25,Pending,3,18,0,0
ORD00583,2025-01-28,P007,Wooden Pallet,Pallet Solutions,4,2025-01-31,2025-02-02,Completed,2,4,4,1
ORD00584,2025-08-15,P008,Plastic Pallet,Pallet Solutions,22,2025-08-19,2025-08-25,Completed,6,22,22,1
ORD00585,2025-03-28,P012,7-Ply Corrugated Box,Customized Carton Boxes,14,2025-04-03,2025-04-10,Completed,7,14,14,1
ORD00586,2025-08-02,P008,Plastic Pallet,Pallet Solutions,47,2025-08-04,2025-08-06,Completed,2,47,47,1
ORD00587,2025-03-20,P011,5-Ply Corrugated Box,Customized Carton Boxes,12,2025-03-22,2025-03-23,Pending,1,12,0,0
ORD00588,2025-08-20,P007,Wooden Pallet,Pallet Solutions,31,2025-08-24,2025-08-30,Completed,6,31,31,1
ORD00589,2025-11-05,P006,Shrink Film Roll,Stretch / Film Solutions,11,2025-11-10,2025-11-11,Pending,1,11,0,0
ORD00590,2025-05-26,P011,5-Ply Corrugated Box,Customized Carton Boxes,29,2025-05-29,2025-05-30,Completed,1,29,29,1
ORD00591,2025-04-13,P006,Shrink Film Roll,Stretch / Film Solutions,24,2025-04-18,2025-04-22,Completed,4,24,24,1
ORD00592,2025-11-19,P005,Stretch Film Roll,Stretch / Film Solutions,38,2025-11-24,2025-11-25,Completed,1,38,38,1
ORD00593,2025-11-28,P001,PP Strapping Roll,Strapping Solutions,100,2025-12-04,2025-12-05,In Production,1,100,73,0.73
ORD00594,2025-09-25,P011,5-Ply Corrugated Box,Customized Carton Boxes,12,2025-09-30,2025-10-03,In Production,3,12,10,0.833333333
ORD00595,2025-12-05,P006,Shrink Film Roll,Stretch / Film Solutions,33,2025-12-11,2025-12-18,Completed,7,33,33,1
ORD00596,2025-01-24,P003,Bubble Wrap Roll,Protective Packaging,8,2025-01-26,2025-01-30,Completed,4,8,8,1
ORD00597,2025-04-05,P005,Stretch Film Roll,Stretch / Film Solutions,56,2025-04-07,2025-04-13,Completed,6,56,56,1
ORD00598,2025-12-02,P007,Wooden Pallet,Pallet Solutions,37,2025-12-07,2025-12-11,Completed,4,37,37,1
ORD00599,2025-07-22,P004,EPE Foam Roll,Protective Packaging,14,2025-07-26,2025-07-27,In Production,1,14,7,0.5
ORD00600,2025-05-04,P001,PP Strapping Roll,Strapping Solutions,700,2025-05-09,2025-05-16,Completed,7,700,700,1
ORD00601,2025-08-16,P011,5-Ply Corrugated Box,Customized Carton Boxes,20,2025-08-21,2025-08-25,Completed,4,20,20,1
ORD00602,2025-02-22,P013,Platform Trolley,Material Handling,16,2025-02-27,2025-03-03,Completed,4,16,16,1
ORD00603,2025-11-10,P010,Battery Strapping Machine,Packaging Tools & Equipment,11,2025-11-15,2025-11-17,Completed,2,11,11,1
ORD00604,2025-11-15,P004,EPE Foam Roll,Protective Packaging,25,2025-11-19,2025-11-23,Completed,4,25,25,1
ORD00605,2025-12-17,P004,EPE Foam Roll,Protective Packaging,12,2025-12-21,2025-12-26,Completed,5,12,12,1
ORD00606,2025-11-15,P012,7-Ply Corrugated Box,Customized Carton Boxes,26,2025-11-18,2025-11-21,Completed,3,26,26,1
ORD00607,2025-04-18,P010,Battery Strapping Machine,Packaging Tools & Equipment,21,2025-04-24,2025-04-25,Completed,1,21,21,1
ORD00608,2025-08-09,P007,Wooden Pallet,Pallet Solutions,13,2025-08-11,2025-08-16,Completed,5,13,13,1
ORD00609,2025-03-19,P006,Shrink Film Roll,Stretch / Film Solutions,26,2025-03-25,2025-03-30,Completed,5,26,26,1
ORD00610,2025-02-22,P012,7-Ply Corrugated Box,Customized Carton Boxes,21,2025-02-28,2025-03-01,Completed,1,21,21,1
ORD00611,2025-08-15,P007,Wooden Pallet,Pallet Solutions,12,2025-08-21,2025-08-25,Completed,4,12,12,1
ORD00612,2025-05-06,P012,7-Ply Corrugated Box,Customized Carton Boxes,18,2025-05-11,2025-05-14,Completed,3,18,18,1
ORD00613,2025-08-04,P002,PET Strapping Roll,Strapping Solutions,50,2025-08-07,2025-08-09,In Production,2,50,20,0.4
ORD00614,2025-09-22,P011,5-Ply Corrugated Box,Customized Carton Boxes,28,2025-09-24,2025-09-25,Completed,1,28,28,1
ORD00615,2025-10-22,P011,5-Ply Corrugated Box,Customized Carton Boxes,8,2025-10-24,2025-10-30,In Production,6,8,5,0.625
ORD00616,2025-05-24,P005,Stretch Film Roll,Stretch / Film Solutions,52,2025-05-30,2025-06-04,Completed,5,52,52,1
ORD00617,2025-07-27,P001,PP Strapping Roll,Strapping Solutions,260,2025-07-30,2025-08-02,Completed,3,260,260,1
ORD00618,2025-02-17,P003,Bubble Wrap Roll,Protective Packaging,30,2025-02-23,2025-02-28,Completed,5,30,30,1
ORD00619,2025-06-05,P014,Hand Pallet Truck,Material Handling,73,2025-06-10,2025-06-15,Completed,5,73,73,1
ORD00620,2025-08-18,P002,PET Strapping Roll,Strapping Solutions,290,2025-08-22,2025-08-27,Completed,5,290,290,1
ORD00621,2025-05-26,P005,Stretch Film Roll,Stretch / Film Solutions,27,2025-06-01,2025-06-07,Completed,6,27,27,1
ORD00622,2025-02-20,P005,Stretch Film Roll,Stretch / Film Solutions,85,2025-02-23,2025-03-01,Completed,6,85,85,1
ORD00623,2025-09-27,P012,7-Ply Corrugated Box,Customized Carton Boxes,23,2025-10-02,2025-10-07,In Production,5,23,9,0.391304348
ORD00624,2025-08-02,P008,Plastic Pallet,Pallet Solutions,50,2025-08-05,2025-08-07,Completed,2,50,50,1
ORD00625,2025-01-17,P009,Manual Strapping Tool,Packaging Tools & Equipment,53,2025-01-20,2025-01-25,Completed,5,53,53,1
ORD00626,2025-03-02,P008,Plastic Pallet,Pallet Solutions,84,2025-03-06,2025-03-09,Completed,3,84,84,1
ORD00627,2025-04-21,P003,Bubble Wrap Roll,Protective Packaging,14,2025-04-24,2025-05-01,Completed,7,14,14,1
ORD00628,2025-07-13,P005,Stretch Film Roll,Stretch / Film Solutions,14,2025-07-18,2025-07-25,Completed,7,14,14,1
ORD00629,2025-02-15,P002,PET Strapping Roll,Strapping Solutions,90,2025-02-21,2025-02-27,In Production,6,90,53,0.588888889
ORD00630,2025-02-15,P011,5-Ply Corrugated Box,Customized Carton Boxes,15,2025-02-18,2025-02-24,Completed,6,15,15,1
ORD00631,2025-04-09,P011,5-Ply Corrugated Box,Customized Carton Boxes,9,2025-04-15,2025-04-20,Completed,5,9,9,1
ORD00632,2025-01-10,P011,5-Ply Corrugated Box,Customized Carton Boxes,77,2025-01-14,2025-01-21,In Production,7,77,43,0.558441558
ORD00633,2025-10-29,P007,Wooden Pallet,Pallet Solutions,30,2025-10-31,2025-11-04,Completed,4,30,30,1
ORD00634,2025-03-28,P005,Stretch Film Roll,Stretch / Film Solutions,64,2025-04-01,2025-04-03,Completed,2,64,64,1
ORD00635,2025-01-14,P012,7-Ply Corrugated Box,Customized Carton Boxes,13,2025-01-16,2025-01-19,Completed,3,13,13,1
ORD00636,2025-11-02,P007,Wooden Pallet,Pallet Solutions,55,2025-11-08,2025-11-10,Completed,2,55,55,1
ORD00637,2025-02-03,P001,PP Strapping Roll,Strapping Solutions,100,2025-02-08,2025-02-09,Completed,1,100,100,1
ORD00638,2025-03-06,P009,Manual Strapping Tool,Packaging Tools & Equipment,9,2025-03-10,2025-03-15,Completed,5,9,9,1
ORD00639,2025-10-12,P011,5-Ply Corrugated Box,Customized Carton Boxes,9,2025-10-17,2025-10-18,Completed,1,9,9,1
ORD00640,2025-11-03,P011,5-Ply Corrugated Box,Customized Carton Boxes,21,2025-11-07,2025-11-14,Completed,7,21,21,1
ORD00641,2025-06-03,P008,Plastic Pallet,Pallet Solutions,18,2025-06-05,2025-06-09,Pending,4,18,0,0
ORD00642,2025-11-22,P004,EPE Foam Roll,Protective Packaging,21,2025-11-26,2025-12-03,Pending,7,21,0,0
ORD00643,2025-11-27,P004,EPE Foam Roll,Protective Packaging,38,2025-11-29,2025-12-04,Completed,5,38,38,1
ORD00644,2025-02-11,P004,EPE Foam Roll,Protective Packaging,6,2025-02-13,2025-02-18,Completed,5,6,6,1
ORD00645,2025-03-05,P009,Manual Strapping Tool,Packaging Tools & Equipment,10,2025-03-10,2025-03-13,Completed,3,10,10,1
ORD00646,2025-06-05,P007,Wooden Pallet,Pallet Solutions,20,2025-06-08,2025-06-10,In Production,2,20,7,0.35
ORD00647,2025-02-26,P005,Stretch Film Roll,Stretch / Film Solutions,23,2025-03-02,2025-03-07,Completed,5,23,23,1
ORD00648,2025-03-07,P004,EPE Foam Roll,Protective Packaging,18,2025-03-11,2025-03-16,Completed,5,18,18,1
ORD00649,2025-01-02,P014,Hand Pallet Truck,Material Handling,31,2025-01-07,2025-01-13,Pending,6,31,0,0
ORD00650,2025-09-22,P011,5-Ply Corrugated Box,Customized Carton Boxes,56,2025-09-24,2025-09-30,Completed,6,56,56,1
ORD00651,2025-10-20,P003,Bubble Wrap Roll,Protective Packaging,21,2025-10-22,2025-10-28,In Production,6,21,18,0.857142857
ORD00652,2025-02-19,P003,Bubble Wrap Roll,Protective Packaging,17,2025-02-21,2025-02-25,Completed,4,17,17,1
ORD00653,2025-06-24,P006,Shrink Film Roll,Stretch / Film Solutions,34,2025-06-26,2025-07-03,In Production,7,34,26,0.764705882
ORD00654,2025-03-05,P004,EPE Foam Roll,Protective Packaging,31,2025-03-07,2025-03-08,In Production,1,31,16,0.516129032
ORD00655,2025-06-04,P004,EPE Foam Roll,Protective Packaging,22,2025-06-10,2025-06-16,Completed,6,22,22,1
ORD00656,2025-04-30,P003,Bubble Wrap Roll,Protective Packaging,25,2025-05-06,2025-05-13,Completed,7,25,25,1
ORD00657,2025-01-14,P011,5-Ply Corrugated Box,Customized Carton Boxes,75,2025-01-19,2025-01-24,Completed,5,75,75,1
ORD00658,2025-09-18,P009,Manual Strapping Tool,Packaging Tools & Equipment,12,2025-09-22,2025-09-25,Completed,3,12,12,1
ORD00659,2025-10-27,P012,7-Ply Corrugated Box,Customized Carton Boxes,17,2025-11-01,2025-11-06,Completed,5,17,17,1
ORD00660,2025-07-08,P002,PET Strapping Roll,Strapping Solutions,75,2025-07-10,2025-07-15,In Production,5,75,61,0.813333333
ORD00661,2025-11-24,P012,7-Ply Corrugated Box,Customized Carton Boxes,47,2025-11-27,2025-12-04,Completed,7,47,47,1
ORD00662,2025-06-03,P005,Stretch Film Roll,Stretch / Film Solutions,13,2025-06-08,2025-06-11,In Production,3,13,9,0.692307692
ORD00663,2025-04-28,P009,Manual Strapping Tool,Packaging Tools & Equipment,11,2025-05-03,2025-05-08,Completed,5,11,11,1
ORD00664,2025-01-06,P003,Bubble Wrap Roll,Protective Packaging,10,2025-01-08,2025-01-11,Completed,3,10,10,1
ORD00665,2025-04-12,P001,PP Strapping Roll,Strapping Solutions,110,2025-04-16,2025-04-18,Completed,2,110,110,1
ORD00666,2025-02-21,P002,PET Strapping Roll,Strapping Solutions,145,2025-02-23,2025-03-02,In Production,7,145,80,0.551724138
ORD00667,2025-07-10,P012,7-Ply Corrugated Box,Customized Carton Boxes,11,2025-07-13,2025-07-18,Completed,5,11,11,1
ORD00668,2025-12-22,P003,Bubble Wrap Roll,Protective Packaging,113,2025-12-26,2025-12-29,Completed,3,113,113,1
ORD00669,2025-03-18,P009,Manual Strapping Tool,Packaging Tools & Equipment,25,2025-03-22,2025-03-24,In Production,2,25,16,0.64
ORD00670,2025-11-11,P003,Bubble Wrap Roll,Protective Packaging,36,2025-11-13,2025-11-15,Completed,2,36,36,1
ORD00671,2025-12-31,P005,Stretch Film Roll,Stretch / Film Solutions,23,2026-01-04,2026-01-09,Completed,5,23,23,1
ORD00672,2025-08-20,P011,5-Ply Corrugated Box,Customized Carton Boxes,7,2025-08-23,2025-08-27,Completed,4,7,7,1
ORD00673,2025-03-10,P002,PET Strapping Roll,Strapping Solutions,50,2025-03-12,2025-03-15,Completed,3,50,50,1
ORD00674,2025-08-10,P003,Bubble Wrap Roll,Protective Packaging,16,2025-08-15,2025-08-18,Completed,3,16,16,1
ORD00675,2025-09-14,P003,Bubble Wrap Roll,Protective Packaging,17,2025-09-20,2025-09-25,Completed,5,17,17,1
ORD00676,2025-12-12,P011,5-Ply Corrugated Box,Customized Carton Boxes,12,2025-12-16,2025-12-19,Completed,3,12,12,1
ORD00677,2025-05-25,P009,Manual Strapping Tool,Packaging Tools & Equipment,54,2025-05-29,2025-06-05,Completed,7,54,54,1
ORD00678,2025-04-27,P003,Bubble Wrap Roll,Protective Packaging,23,2025-04-30,2025-05-06,Completed,6,23,23,1
ORD00679,2025-04-07,P007,Wooden Pallet,Pallet Solutions,4,2025-04-12,2025-04-19,In Production,7,4,3,0.75
ORD00680,2025-09-13,P004,EPE Foam Roll,Protective Packaging,25,2025-09-17,2025-09-20,Completed,3,25,25,1
ORD00681,2025-01-17,P010,Battery Strapping Machine,Packaging Tools & Equipment,17,2025-01-20,2025-01-22,Completed,2,17,17,1
ORD00682,2025-02-02,P001,PP Strapping Roll,Strapping Solutions,130,2025-02-08,2025-02-12,Pending,4,130,0,0
ORD00683,2025-10-11,P003,Bubble Wrap Roll,Protective Packaging,13,2025-10-14,2025-10-15,Completed,1,13,13,1
ORD00684,2025-08-21,P012,7-Ply Corrugated Box,Customized Carton Boxes,16,2025-08-23,2025-08-26,In Production,3,16,9,0.5625
ORD00685,2025-09-02,P011,5-Ply Corrugated Box,Customized Carton Boxes,17,2025-09-04,2025-09-08,Completed,4,17,17,1
ORD00686,2025-04-14,P001,PP Strapping Roll,Strapping Solutions,350,2025-04-20,2025-04-26,Pending,6,350,0,0
ORD00687,2025-06-18,P012,7-Ply Corrugated Box,Customized Carton Boxes,7,2025-06-24,2025-06-28,Completed,4,7,7,1
ORD00688,2025-06-02,P001,PP Strapping Roll,Strapping Solutions,100,2025-06-07,2025-06-12,In Production,5,100,57,0.57
ORD00689,2025-07-21,P003,Bubble Wrap Roll,Protective Packaging,21,2025-07-23,2025-07-25,Completed,2,21,21,1
ORD00690,2025-07-08,P004,EPE Foam Roll,Protective Packaging,12,2025-07-10,2025-07-17,Completed,7,12,12,1
ORD00691,2025-01-14,P008,Plastic Pallet,Pallet Solutions,21,2025-01-16,2025-01-22,Completed,6,21,21,1
ORD00692,2025-03-11,P005,Stretch Film Roll,Stretch / Film Solutions,5,2025-03-15,2025-03-21,Completed,6,5,5,1
ORD00693,2025-03-24,P004,EPE Foam Roll,Protective Packaging,67,2025-03-27,2025-04-03,Completed,7,67,67,1
ORD00694,2025-03-20,P001,PP Strapping Roll,Strapping Solutions,100,2025-03-25,2025-03-28,In Production,3,100,83,0.83
ORD00695,2025-11-25,P012,7-Ply Corrugated Box,Customized Carton Boxes,44,2025-11-27,2025-12-01,Completed,4,44,44,1
ORD00696,2025-02-16,P009,Manual Strapping Tool,Packaging Tools & Equipment,87,2025-02-18,2025-02-22,Completed,4,87,87,1
ORD00697,2025-03-27,P003,Bubble Wrap Roll,Protective Packaging,10,2025-03-29,2025-04-02,Completed,4,10,10,1
ORD00698,2025-03-03,P013,Platform Trolley,Material Handling,33,2025-03-06,2025-03-08,Completed,2,33,33,1
ORD00699,2025-02-03,P014,Hand Pallet Truck,Material Handling,28,2025-02-07,2025-02-13,Completed,6,28,28,1
ORD00700,2025-05-09,P011,5-Ply Corrugated Box,Customized Carton Boxes,34,2025-05-11,2025-05-16,Pending,5,34,0,0
ORD00701,2025-12-08,P007,Wooden Pallet,Pallet Solutions,22,2025-12-13,2025-12-14,Completed,1,22,22,1
ORD00702,2025-01-07,P012,7-Ply Corrugated Box,Customized Carton Boxes,3,2025-01-10,2025-01-11,Completed,1,3,3,1
ORD00703,2025-04-14,P003,Bubble Wrap Roll,Protective Packaging,13,2025-04-17,2025-04-21,Completed,4,13,13,1
ORD00704,2025-09-24,P004,EPE Foam Roll,Protective Packaging,16,2025-09-29,2025-10-05,Completed,6,16,16,1
ORD00705,2025-12-18,P013,Platform Trolley,Material Handling,48,2025-12-21,2025-12-26,Completed,5,48,48,1
ORD00706,2025-11-21,P005,Stretch Film Roll,Stretch / Film Solutions,5,2025-11-24,2025-11-26,Completed,2,5,5,1
ORD00707,2025-06-09,P003,Bubble Wrap Roll,Protective Packaging,32,2025-06-12,2025-06-18,Completed,6,32,32,1
ORD00708,2025-09-04,P001,PP Strapping Roll,Strapping Solutions,180,2025-09-06,2025-09-09,Completed,3,180,180,1
ORD00709,2025-01-11,P003,Bubble Wrap Roll,Protective Packaging,5,2025-01-16,2025-01-20,Completed,4,5,5,1
ORD00710,2025-10-15,P005,Stretch Film Roll,Stretch / Film Solutions,42,2025-10-21,2025-10-25,Completed,4,42,42,1
ORD00711,2025-09-09,P004,EPE Foam Roll,Protective Packaging,31,2025-09-14,2025-09-18,Completed,4,31,31,1
ORD00712,2025-10-17,P006,Shrink Film Roll,Stretch / Film Solutions,8,2025-10-20,2025-10-22,Completed,2,8,8,1
ORD00713,2025-12-23,P011,5-Ply Corrugated Box,Customized Carton Boxes,25,2025-12-25,2025-12-31,Completed,6,25,25,1
ORD00714,2025-01-15,P002,PET Strapping Roll,Strapping Solutions,65,2025-01-18,2025-01-21,Completed,3,65,65,1
ORD00715,2025-11-26,P013,Platform Trolley,Material Handling,13,2025-12-01,2025-12-05,Completed,4,13,13,1
ORD00716,2025-09-14,P005,Stretch Film Roll,Stretch / Film Solutions,5,2025-09-20,2025-09-26,Completed,6,5,5,1
ORD00717,2025-05-18,P002,PET Strapping Roll,Strapping Solutions,50,2025-05-21,2025-05-27,In Production,6,50,27,0.54
ORD00718,2025-05-28,P001,PP Strapping Roll,Strapping Solutions,490,2025-06-02,2025-06-04,Completed,2,490,490,1
ORD00719,2025-04-06,P008,Plastic Pallet,Pallet Solutions,38,2025-04-09,2025-04-10,In Production,1,38,29,0.763157895
ORD00720,2025-02-10,P001,PP Strapping Roll,Strapping Solutions,100,2025-02-14,2025-02-15,Completed,1,100,100,1
ORD00721,2025-02-01,P014,Hand Pallet Truck,Material Handling,20,2025-02-05,2025-02-12,Completed,7,20,20,1
ORD00722,2025-05-17,P008,Plastic Pallet,Pallet Solutions,53,2025-05-22,2025-05-26,Completed,4,53,53,1
ORD00723,2025-01-30,P010,Battery Strapping Machine,Packaging Tools & Equipment,25,2025-02-03,2025-02-10,Completed,7,25,25,1
ORD00724,2025-12-25,P001,PP Strapping Roll,Strapping Solutions,100,2025-12-28,2025-12-31,In Production,3,100,70,0.7
ORD00725,2025-01-09,P012,7-Ply Corrugated Box,Customized Carton Boxes,10,2025-01-13,2025-01-20,Completed,7,10,10,1
ORD00726,2025-12-04,P006,Shrink Film Roll,Stretch / Film Solutions,28,2025-12-06,2025-12-12,Completed,6,28,28,1
ORD00727,2025-12-11,P004,EPE Foam Roll,Protective Packaging,26,2025-12-17,2025-12-24,Pending,7,26,0,0
ORD00728,2025-12-04,P003,Bubble Wrap Roll,Protective Packaging,43,2025-12-06,2025-12-07,In Production,1,43,16,0.372093023
ORD00729,2025-12-10,P006,Shrink Film Roll,Stretch / Film Solutions,78,2025-12-12,2025-12-18,Completed,6,78,78,1
ORD00730,2025-11-26,P013,Platform Trolley,Material Handling,7,2025-11-30,2025-12-04,Completed,4,7,7,1
ORD00731,2025-02-15,P001,PP Strapping Roll,Strapping Solutions,110,2025-02-19,2025-02-25,Completed,6,110,110,1
ORD00732,2025-01-01,P004,EPE Foam Roll,Protective Packaging,31,2025-01-05,2025-01-06,Completed,1,31,31,1
ORD00733,2025-09-24,P004,EPE Foam Roll,Protective Packaging,15,2025-09-30,2025-10-05,Completed,5,15,15,1
ORD00734,2025-12-15,P007,Wooden Pallet,Pallet Solutions,7,2025-12-20,2025-12-22,Completed,2,7,7,1
ORD00735,2025-03-05,P012,7-Ply Corrugated Box,Customized Carton Boxes,14,2025-03-09,2025-03-16,Completed,7,14,14,1
ORD00736,2025-04-18,P010,Battery Strapping Machine,Packaging Tools & Equipment,13,2025-04-21,2025-04-27,Completed,6,13,13,1
ORD00737,2025-06-22,P008,Plastic Pallet,Pallet Solutions,9,2025-06-27,2025-07-03,Completed,6,9,9,1
ORD00738,2025-10-08,P002,PET Strapping Roll,Strapping Solutions,105,2025-10-13,2025-10-14,Completed,1,105,105,1
ORD00739,2025-08-15,P001,PP Strapping Roll,Strapping Solutions,240,2025-08-20,2025-08-23,Completed,3,240,240,1
ORD00740,2025-03-17,P006,Shrink Film Roll,Stretch / Film Solutions,6,2025-03-22,2025-03-26,Completed,4,6,6,1
ORD00741,2025-11-18,P014,Hand Pallet Truck,Material Handling,10,2025-11-23,2025-11-25,Completed,2,10,10,1
ORD00742,2025-02-15,P007,Wooden Pallet,Pallet Solutions,15,2025-02-20,2025-02-27,Completed,7,15,15,1
ORD00743,2025-12-09,P014,Hand Pallet Truck,Material Handling,13,2025-12-15,2025-12-17,Completed,2,13,13,1
ORD00744,2025-07-16,P002,PET Strapping Roll,Strapping Solutions,125,2025-07-21,2025-07-27,Completed,6,125,125,1
ORD00745,2025-01-11,P011,5-Ply Corrugated Box,Customized Carton Boxes,45,2025-01-16,2025-01-21,Completed,5,45,45,1
ORD00746,2025-03-02,P012,7-Ply Corrugated Box,Customized Carton Boxes,4,2025-03-05,2025-03-12,In Production,7,4,3,0.75
ORD00747,2025-10-15,P008,Plastic Pallet,Pallet Solutions,14,2025-10-19,2025-10-26,Completed,7,14,14,1
ORD00748,2025-05-08,P002,PET Strapping Roll,Strapping Solutions,50,2025-05-12,2025-05-13,Completed,1,50,50,1
ORD00749,2025-10-03,P013,Platform Trolley,Material Handling,50,2025-10-09,2025-10-11,Completed,2,50,50,1
ORD00750,2025-04-21,P001,PP Strapping Roll,Strapping Solutions,200,2025-04-27,2025-04-30,Completed,3,200,200,1
ORD00751,2025-08-22,P012,7-Ply Corrugated Box,Customized Carton Boxes,31,2025-08-24,2025-08-27,Completed,3,31,31,1
ORD00752,2025-09-19,P007,Wooden Pallet,Pallet Solutions,103,2025-09-25,2025-09-27,In Production,2,103,53,0.514563107
ORD00753,2025-09-30,P009,Manual Strapping Tool,Packaging Tools & Equipment,20,2025-10-02,2025-10-08,Completed,6,20,20,1
ORD00754,2025-01-06,P012,7-Ply Corrugated Box,Customized Carton Boxes,23,2025-01-08,2025-01-12,In Production,4,23,12,0.52173913
ORD00755,2025-09-28,P001,PP Strapping Roll,Strapping Solutions,130,2025-10-02,2025-10-08,Completed,6,130,130,1
ORD00756,2025-12-14,P010,Battery Strapping Machine,Packaging Tools & Equipment,27,2025-12-20,2025-12-25,Completed,5,27,27,1
ORD00757,2025-07-13,P012,7-Ply Corrugated Box,Customized Carton Boxes,15,2025-07-19,2025-07-25,Completed,6,15,15,1
ORD00758,2025-12-28,P004,EPE Foam Roll,Protective Packaging,56,2026-01-02,2026-01-04,Completed,2,56,56,1
ORD00759,2025-11-22,P005,Stretch Film Roll,Stretch / Film Solutions,56,2025-11-24,2025-11-27,Completed,3,56,56,1
ORD00760,2025-02-13,P002,PET Strapping Roll,Strapping Solutions,130,2025-02-17,2025-02-22,Completed,5,130,130,1
ORD00761,2025-12-17,P012,7-Ply Corrugated Box,Customized Carton Boxes,16,2025-12-23,2025-12-29,In Production,6,16,11,0.6875
ORD00762,2025-12-05,P004,EPE Foam Roll,Protective Packaging,37,2025-12-11,2025-12-17,Pending,6,37,0,0
ORD00763,2025-09-21,P002,PET Strapping Roll,Strapping Solutions,50,2025-09-25,2025-09-26,Completed,1,50,50,1
ORD00764,2025-05-29,P009,Manual Strapping Tool,Packaging Tools & Equipment,165,2025-06-02,2025-06-06,Completed,4,165,165,1
ORD00765,2025-08-26,P005,Stretch Film Roll,Stretch / Film Solutions,26,2025-09-01,2025-09-08,Completed,7,26,26,1
ORD00766,2025-04-06,P003,Bubble Wrap Roll,Protective Packaging,15,2025-04-11,2025-04-14,Completed,3,15,15,1
ORD00767,2025-01-04,P005,Stretch Film Roll,Stretch / Film Solutions,16,2025-01-07,2025-01-14,Completed,7,16,16,1
ORD00768,2025-08-13,P004,EPE Foam Roll,Protective Packaging,64,2025-08-18,2025-08-20,Completed,2,64,64,1
ORD00769,2025-07-22,P010,Battery Strapping Machine,Packaging Tools & Equipment,14,2025-07-27,2025-08-02,Completed,6,14,14,1
ORD00770,2025-10-09,P001,PP Strapping Roll,Strapping Solutions,100,2025-10-14,2025-10-21,In Production,7,100,85,0.85
ORD00771,2025-01-11,P012,7-Ply Corrugated Box,Customized Carton Boxes,34,2025-01-14,2025-01-16,Completed,2,34,34,1
ORD00772,2025-02-12,P007,Wooden Pallet,Pallet Solutions,16,2025-02-17,2025-02-19,Completed,2,16,16,1
ORD00773,2025-08-08,P004,EPE Foam Roll,Protective Packaging,11,2025-08-11,2025-08-15,Completed,4,11,11,1
ORD00774,2025-05-21,P002,PET Strapping Roll,Strapping Solutions,120,2025-05-24,2025-05-26,Completed,2,120,120,1
ORD00775,2025-04-29,P012,7-Ply Corrugated Box,Customized Carton Boxes,28,2025-05-02,2025-05-05,Completed,3,28,28,1
ORD00776,2025-08-03,P001,PP Strapping Roll,Strapping Solutions,100,2025-08-06,2025-08-09,Completed,3,100,100,1
ORD00777,2025-08-09,P006,Shrink Film Roll,Stretch / Film Solutions,47,2025-08-12,2025-08-15,Completed,3,47,47,1
ORD00778,2025-07-05,P005,Stretch Film Roll,Stretch / Film Solutions,19,2025-07-11,2025-07-16,Completed,5,19,19,1
ORD00779,2025-11-05,P003,Bubble Wrap Roll,Protective Packaging,74,2025-11-07,2025-11-08,Completed,1,74,74,1
ORD00780,2025-04-14,P013,Platform Trolley,Material Handling,7,2025-04-20,2025-04-26,Completed,6,7,7,1
ORD00781,2025-11-19,P004,EPE Foam Roll,Protective Packaging,47,2025-11-21,2025-11-25,In Production,4,47,35,0.744680851
ORD00782,2025-03-08,P005,Stretch Film Roll,Stretch / Film Solutions,60,2025-03-12,2025-03-13,Completed,1,60,60,1
ORD00783,2025-03-26,P001,PP Strapping Roll,Strapping Solutions,280,2025-03-31,2025-04-07,Completed,7,280,280,1
ORD00784,2025-04-22,P012,7-Ply Corrugated Box,Customized Carton Boxes,86,2025-04-28,2025-05-04,Completed,6,86,86,1
ORD00785,2025-10-10,P012,7-Ply Corrugated Box,Customized Carton Boxes,12,2025-10-12,2025-10-14,Completed,2,12,12,1
ORD00786,2025-11-25,P011,5-Ply Corrugated Box,Customized Carton Boxes,46,2025-11-28,2025-12-05,Completed,7,46,46,1
ORD00787,2025-03-10,P012,7-Ply Corrugated Box,Customized Carton Boxes,9,2025-03-15,2025-03-20,Completed,5,9,9,1
ORD00788,2025-05-12,P004,EPE Foam Roll,Protective Packaging,45,2025-05-14,2025-05-19,Completed,5,45,45,1
ORD00789,2025-05-18,P008,Plastic Pallet,Pallet Solutions,25,2025-05-21,2025-05-26,Completed,5,25,25,1
ORD00790,2025-08-24,P013,Platform Trolley,Material Handling,10,2025-08-27,2025-09-03,In Production,7,10,5,0.5
ORD00791,2025-07-21,P014,Hand Pallet Truck,Material Handling,5,2025-07-27,2025-07-29,Completed,2,5,5,1
ORD00792,2025-01-07,P004,EPE Foam Roll,Protective Packaging,22,2025-01-13,2025-01-14,Completed,1,22,22,1
ORD00793,2025-03-15,P011,5-Ply Corrugated Box,Customized Carton Boxes,7,2025-03-21,2025-03-22,In Production,1,7,4,0.571428571
ORD00794,2025-03-25,P014,Hand Pallet Truck,Material Handling,5,2025-03-29,2025-04-01,Completed,3,5,5,1
ORD00795,2025-10-06,P007,Wooden Pallet,Pallet Solutions,45,2025-10-10,2025-10-11,In Production,1,45,20,0.444444444
ORD00796,2025-05-27,P013,Platform Trolley,Material Handling,25,2025-05-30,2025-06-05,Pending,6,25,0,0
ORD00797,2025-03-02,P008,Plastic Pallet,Pallet Solutions,17,2025-03-06,2025-03-07,Completed,1,17,17,1
ORD00798,2025-06-04,P006,Shrink Film Roll,Stretch / Film Solutions,19,2025-06-10,2025-06-17,Completed,7,19,19,1
ORD00799,2025-01-02,P011,5-Ply Corrugated Box,Customized Carton Boxes,20,2025-01-05,2025-01-12,Completed,7,20,20,1
ORD00800,2025-03-16,P014,Hand Pallet Truck,Material Handling,11,2025-03-18,2025-03-21,Completed,3,11,11,1
ORD00801,2025-03-12,P005,Stretch Film Roll,Stretch / Film Solutions,7,2025-03-15,2025-03-19,Completed,4,7,7,1
ORD00802,2025-08-04,P004,EPE Foam Roll,Protective Packaging,5,2025-08-10,2025-08-15,Completed,5,5,5,1
ORD00803,2025-01-31,P011,5-Ply Corrugated Box,Customized Carton Boxes,18,2025-02-04,2025-02-07,In Production,3,18,11,0.611111111
ORD00804,2025-03-12,P002,PET Strapping Roll,Strapping Solutions,240,2025-03-14,2025-03-20,Completed,6,240,240,1
ORD00805,2025-09-02,P005,Stretch Film Roll,Stretch / Film Solutions,62,2025-09-08,2025-09-15,Completed,7,62,62,1
ORD00806,2025-03-13,P007,Wooden Pallet,Pallet Solutions,11,2025-03-19,2025-03-25,Completed,6,11,11,1
ORD00807,2025-01-17,P011,5-Ply Corrugated Box,Customized Carton Boxes,29,2025-01-23,2025-01-30,Completed,7,29,29,1
ORD00808,2025-10-20,P006,Shrink Film Roll,Stretch / Film Solutions,16,2025-10-26,2025-10-29,Completed,3,16,16,1
ORD00809,2025-11-13,P013,Platform Trolley,Material Handling,30,2025-11-15,2025-11-17,Pending,2,30,0,0
ORD00810,2025-11-25,P001,PP Strapping Roll,Strapping Solutions,940,2025-11-30,2025-12-07,Completed,7,940,940,1
ORD00811,2025-06-21,P006,Shrink Film Roll,Stretch / Film Solutions,5,2025-06-23,2025-06-25,Completed,2,5,5,1
ORD00812,2025-11-23,P013,Platform Trolley,Material Handling,4,2025-11-25,2025-11-27,Completed,2,4,4,1
ORD00813,2025-02-17,P002,PET Strapping Roll,Strapping Solutions,50,2025-02-21,2025-02-22,Completed,1,50,50,1
ORD00814,2025-02-19,P004,EPE Foam Roll,Protective Packaging,9,2025-02-23,2025-02-27,Completed,4,9,9,1
ORD00815,2025-05-29,P005,Stretch Film Roll,Stretch / Film Solutions,15,2025-06-01,2025-06-03,Completed,2,15,15,1
ORD00816,2025-03-24,P014,Hand Pallet Truck,Material Handling,11,2025-03-30,2025-04-04,Completed,5,11,11,1
ORD00817,2025-12-31,P002,PET Strapping Roll,Strapping Solutions,215,2026-01-05,2026-01-07,Pending,2,215,0,0
ORD00818,2025-06-08,P001,PP Strapping Roll,Strapping Solutions,100,2025-06-14,2025-06-21,Completed,7,100,100,1
ORD00819,2025-02-15,P012,7-Ply Corrugated Box,Customized Carton Boxes,25,2025-02-17,2025-02-19,Pending,2,25,0,0
ORD00820,2025-07-06,P006,Shrink Film Roll,Stretch / Film Solutions,31,2025-07-10,2025-07-14,Completed,4,31,31,1
ORD00821,2025-07-31,P006,Shrink Film Roll,Stretch / Film Solutions,13,2025-08-06,2025-08-10,Completed,4,13,13,1
ORD00822,2025-07-12,P012,7-Ply Corrugated Box,Customized Carton Boxes,15,2025-07-15,2025-07-20,In Production,5,15,7,0.466666667
ORD00823,2025-02-13,P012,7-Ply Corrugated Box,Customized Carton Boxes,54,2025-02-16,2025-02-22,Completed,6,54,54,1
ORD00824,2025-12-26,P004,EPE Foam Roll,Protective Packaging,41,2025-12-31,2026-01-01,In Production,1,41,33,0.804878049
ORD00825,2025-07-14,P006,Shrink Film Roll,Stretch / Film Solutions,26,2025-07-16,2025-07-23,Completed,7,26,26,1
ORD00826,2025-04-01,P011,5-Ply Corrugated Box,Customized Carton Boxes,19,2025-04-03,2025-04-05,Completed,2,19,19,1
ORD00827,2025-01-28,P011,5-Ply Corrugated Box,Customized Carton Boxes,26,2025-01-30,2025-02-03,Completed,4,26,26,1
ORD00828,2025-08-12,P011,5-Ply Corrugated Box,Customized Carton Boxes,11,2025-08-16,2025-08-22,Completed,6,11,11,1
ORD00829,2025-06-15,P005,Stretch Film Roll,Stretch / Film Solutions,50,2025-06-19,2025-06-20,Completed,1,50,50,1
ORD00830,2025-01-02,P006,Shrink Film Roll,Stretch / Film Solutions,45,2025-01-07,2025-01-14,Completed,7,45,45,1
ORD00831,2025-03-27,P006,Shrink Film Roll,Stretch / Film Solutions,21,2025-04-02,2025-04-06,Completed,4,21,21,1
ORD00832,2025-09-15,P004,EPE Foam Roll,Protective Packaging,84,2025-09-17,2025-09-23,Completed,6,84,84,1
ORD00833,2025-08-08,P012,7-Ply Corrugated Box,Customized Carton Boxes,22,2025-08-12,2025-08-14,Completed,2,22,22,1
ORD00834,2025-11-14,P003,Bubble Wrap Roll,Protective Packaging,31,2025-11-16,2025-11-17,Completed,1,31,31,1
ORD00835,2025-09-15,P006,Shrink Film Roll,Stretch / Film Solutions,37,2025-09-21,2025-09-28,Completed,7,37,37,1
ORD00836,2025-06-29,P001,PP Strapping Roll,Strapping Solutions,100,2025-07-04,2025-07-08,In Production,4,100,69,0.69
ORD00837,2025-05-04,P011,5-Ply Corrugated Box,Customized Carton Boxes,20,2025-05-06,2025-05-10,In Production,4,20,10,0.5
ORD00838,2025-08-09,P005,Stretch Film Roll,Stretch / Film Solutions,7,2025-08-12,2025-08-17,Completed,5,7,7,1
ORD00839,2025-03-30,P011,5-Ply Corrugated Box,Customized Carton Boxes,22,2025-04-04,2025-04-07,Completed,3,22,22,1
ORD00840,2025-05-14,P006,Shrink Film Roll,Stretch / Film Solutions,13,2025-05-20,2025-05-22,Completed,2,13,13,1
ORD00841,2025-10-06,P001,PP Strapping Roll,Strapping Solutions,440,2025-10-08,2025-10-13,Completed,5,440,440,1
ORD00842,2025-04-24,P003,Bubble Wrap Roll,Protective Packaging,40,2025-04-28,2025-04-30,In Production,2,40,24,0.6
ORD00843,2025-11-18,P012,7-Ply Corrugated Box,Customized Carton Boxes,9,2025-11-20,2025-11-26,Completed,6,9,9,1
ORD00844,2025-07-05,P011,5-Ply Corrugated Box,Customized Carton Boxes,20,2025-07-08,2025-07-12,Completed,4,20,20,1
ORD00845,2025-07-12,P005,Stretch Film Roll,Stretch / Film Solutions,12,2025-07-16,2025-07-22,Completed,6,12,12,1
ORD00846,2025-09-05,P013,Platform Trolley,Material Handling,10,2025-09-11,2025-09-16,Completed,5,10,10,1
ORD00847,2025-04-21,P007,Wooden Pallet,Pallet Solutions,11,2025-04-25,2025-04-26,Completed,1,11,11,1
ORD00848,2025-12-29,P001,PP Strapping Roll,Strapping Solutions,100,2026-01-04,2026-01-10,Completed,6,100,100,1
ORD00849,2025-12-18,P002,PET Strapping Roll,Strapping Solutions,470,2025-12-22,2025-12-26,Completed,4,470,470,1
ORD00850,2025-11-02,P011,5-Ply Corrugated Box,Customized Carton Boxes,20,2025-11-06,2025-11-13,Completed,7,20,20,1
ORD00851,2025-09-19,P005,Stretch Film Roll,Stretch / Film Solutions,55,2025-09-23,2025-09-28,In Production,5,55,46,0.836363636
ORD00852,2025-08-08,P006,Shrink Film Roll,Stretch / Film Solutions,6,2025-08-11,2025-08-14,Completed,3,6,6,1
ORD00853,2025-01-06,P002,PET Strapping Roll,Strapping Solutions,135,2025-01-10,2025-01-12,In Production,2,135,65,0.481481481
ORD00854,2025-04-22,P005,Stretch Film Roll,Stretch / Film Solutions,13,2025-04-24,2025-04-29,In Production,5,13,5,0.384615385
ORD00855,2025-04-12,P006,Shrink Film Roll,Stretch / Film Solutions,24,2025-04-15,2025-04-16,Completed,1,24,24,1
ORD00856,2025-10-23,P001,PP Strapping Roll,Strapping Solutions,130,2025-10-25,2025-10-28,In Production,3,130,50,0.384615385
ORD00857,2025-01-21,P002,PET Strapping Roll,Strapping Solutions,50,2025-01-25,2025-01-31,In Production,6,50,27,0.54
ORD00858,2025-02-10,P003,Bubble Wrap Roll,Protective Packaging,6,2025-02-16,2025-02-23,Completed,7,6,6,1
ORD00859,2025-11-13,P007,Wooden Pallet,Pallet Solutions,10,2025-11-15,2025-11-16,Completed,1,10,10,1
ORD00860,2025-07-08,P011,5-Ply Corrugated Box,Customized Carton Boxes,30,2025-07-14,2025-07-15,Completed,1,30,30,1
ORD00861,2025-11-10,P011,5-Ply Corrugated Box,Customized Carton Boxes,9,2025-11-15,2025-11-18,Completed,3,9,9,1
ORD00862,2025-03-04,P002,PET Strapping Roll,Strapping Solutions,50,2025-03-10,2025-03-15,Completed,5,50,50,1
ORD00863,2025-06-01,P012,7-Ply Corrugated Box,Customized Carton Boxes,17,2025-06-03,2025-06-06,Completed,3,17,17,1
ORD00864,2025-01-07,P001,PP Strapping Roll,Strapping Solutions,150,2025-01-10,2025-01-14,Completed,4,150,150,1
ORD00865,2025-08-21,P003,Bubble Wrap Roll,Protective Packaging,41,2025-08-24,2025-08-31,Completed,7,41,41,1
ORD00866,2025-02-05,P001,PP Strapping Roll,Strapping Solutions,100,2025-02-09,2025-02-13,Completed,4,100,100,1
ORD00867,2025-01-09,P001,PP Strapping Roll,Strapping Solutions,510,2025-01-14,2025-01-16,Completed,2,510,510,1
ORD00868,2025-04-19,P007,Wooden Pallet,Pallet Solutions,47,2025-04-22,2025-04-26,Completed,4,47,47,1
ORD00869,2025-08-05,P007,Wooden Pallet,Pallet Solutions,59,2025-08-08,2025-08-11,Completed,3,59,59,1
ORD00870,2025-11-27,P001,PP Strapping Roll,Strapping Solutions,170,2025-11-30,2025-12-01,Completed,1,170,170,1
ORD00871,2025-12-25,P003,Bubble Wrap Roll,Protective Packaging,5,2025-12-30,2026-01-03,In Production,4,5,4,0.8
ORD00872,2025-05-28,P010,Battery Strapping Machine,Packaging Tools & Equipment,5,2025-06-03,2025-06-06,In Production,3,5,3,0.6
ORD00873,2025-03-29,P004,EPE Foam Roll,Protective Packaging,43,2025-04-02,2025-04-08,In Production,6,43,25,0.581395349
ORD00874,2025-04-01,P006,Shrink Film Roll,Stretch / Film Solutions,8,2025-04-05,2025-04-06,Pending,1,8,0,0
ORD00875,2025-01-09,P003,Bubble Wrap Roll,Protective Packaging,39,2025-01-15,2025-01-21,Completed,6,39,39,1
ORD00876,2025-08-20,P007,Wooden Pallet,Pallet Solutions,13,2025-08-25,2025-08-31,Completed,6,13,13,1
ORD00877,2025-09-23,P004,EPE Foam Roll,Protective Packaging,13,2025-09-29,2025-10-03,Completed,4,13,13,1
ORD00878,2025-09-12,P006,Shrink Film Roll,Stretch / Film Solutions,40,2025-09-14,2025-09-16,Completed,2,40,40,1
ORD00879,2025-10-06,P005,Stretch Film Roll,Stretch / Film Solutions,46,2025-10-11,2025-10-16,Completed,5,46,46,1
ORD00880,2025-01-22,P002,PET Strapping Roll,Strapping Solutions,90,2025-01-28,2025-02-02,Completed,5,90,90,1
ORD00881,2025-03-17,P011,5-Ply Corrugated Box,Customized Carton Boxes,96,2025-03-22,2025-03-28,Completed,6,96,96,1
ORD00882,2025-08-21,P004,EPE Foam Roll,Protective Packaging,5,2025-08-23,2025-08-25,Completed,2,5,5,1
ORD00883,2025-06-29,P007,Wooden Pallet,Pallet Solutions,18,2025-07-03,2025-07-10,Completed,7,18,18,1
ORD00884,2025-05-29,P003,Bubble Wrap Roll,Protective Packaging,258,2025-06-01,2025-06-02,Completed,1,258,258,1
ORD00885,2025-06-09,P014,Hand Pallet Truck,Material Handling,11,2025-06-12,2025-06-17,Completed,5,11,11,1
ORD00886,2025-02-13,P012,7-Ply Corrugated Box,Customized Carton Boxes,6,2025-02-17,2025-02-22,In Production,5,6,5,0.833333333
ORD00887,2025-12-17,P004,EPE Foam Roll,Protective Packaging,41,2025-12-21,2025-12-25,Pending,4,41,0,0
ORD00888,2025-03-13,P006,Shrink Film Roll,Stretch / Film Solutions,11,2025-03-19,2025-03-22,Completed,3,11,11,1
ORD00889,2025-07-26,P001,PP Strapping Roll,Strapping Solutions,330,2025-07-28,2025-08-01,Completed,4,330,330,1
ORD00890,2025-05-29,P002,PET Strapping Roll,Strapping Solutions,50,2025-06-04,2025-06-08,Completed,4,50,50,1
ORD00891,2025-03-11,P012,7-Ply Corrugated Box,Customized Carton Boxes,14,2025-03-14,2025-03-20,Completed,6,14,14,1
ORD00892,2025-01-01,P001,PP Strapping Roll,Strapping Solutions,240,2025-01-04,2025-01-09,Completed,5,240,240,1
ORD00893,2025-06-03,P012,7-Ply Corrugated Box,Customized Carton Boxes,44,2025-06-08,2025-06-12,Completed,4,44,44,1
ORD00894,2025-03-16,P007,Wooden Pallet,Pallet Solutions,8,2025-03-18,2025-03-20,Completed,2,8,8,1
ORD00895,2025-02-21,P002,PET Strapping Roll,Strapping Solutions,50,2025-02-27,2025-03-03,Completed,4,50,50,1
ORD00896,2025-08-23,P012,7-Ply Corrugated Box,Customized Carton Boxes,7,2025-08-25,2025-08-30,Completed,5,7,7,1
ORD00897,2025-08-28,P007,Wooden Pallet,Pallet Solutions,26,2025-09-02,2025-09-05,In Production,3,26,14,0.538461538
ORD00898,2025-03-31,P007,Wooden Pallet,Pallet Solutions,26,2025-04-03,2025-04-06,In Production,3,26,12,0.461538462
ORD00899,2025-09-05,P007,Wooden Pallet,Pallet Solutions,10,2025-09-10,2025-09-14,In Production,4,10,5,0.5
ORD00900,2025-06-28,P012,7-Ply Corrugated Box,Customized Carton Boxes,10,2025-07-04,2025-07-09,Completed,5,10,10,1
ORD00901,2025-02-23,P011,5-Ply Corrugated Box,Customized Carton Boxes,15,2025-02-26,2025-03-04,Completed,6,15,15,1
ORD00902,2025-11-20,P001,PP Strapping Roll,Strapping Solutions,580,2025-11-22,2025-11-24,Completed,2,580,580,1
ORD00903,2025-12-14,P011,5-Ply Corrugated Box,Customized Carton Boxes,20,2025-12-18,2025-12-20,Completed,2,20,20,1
ORD00904,2025-01-18,P012,7-Ply Corrugated Box,Customized Carton Boxes,3,2025-01-21,2025-01-22,In Production,1,3,2,0.666666667
ORD00905,2025-10-20,P012,7-Ply Corrugated Box,Customized Carton Boxes,17,2025-10-25,2025-10-30,Completed,5,17,17,1
ORD00906,2025-02-06,P013,Platform Trolley,Material Handling,33,2025-02-12,2025-02-13,Completed,1,33,33,1
ORD00907,2025-05-29,P002,PET Strapping Roll,Strapping Solutions,155,2025-06-02,2025-06-06,Completed,4,155,155,1
ORD00908,2025-09-14,P001,PP Strapping Roll,Strapping Solutions,290,2025-09-18,2025-09-22,In Production,4,290,151,0.520689655
ORD00909,2025-05-14,P001,PP Strapping Roll,Strapping Solutions,650,2025-05-17,2025-05-20,In Production,3,650,542,0.833846154
ORD00910,2025-10-16,P006,Shrink Film Roll,Stretch / Film Solutions,38,2025-10-22,2025-10-28,In Production,6,38,29,0.763157895
ORD00911,2025-05-19,P002,PET Strapping Roll,Strapping Solutions,50,2025-05-21,2025-05-22,Completed,1,50,50,1
ORD00912,2025-04-11,P006,Shrink Film Roll,Stretch / Film Solutions,8,2025-04-17,2025-04-22,Completed,5,8,8,1
ORD00913,2025-03-01,P012,7-Ply Corrugated Box,Customized Carton Boxes,13,2025-03-06,2025-03-07,Completed,1,13,13,1
ORD00914,2025-10-02,P003,Bubble Wrap Roll,Protective Packaging,8,2025-10-08,2025-10-09,Completed,1,8,8,1
ORD00915,2025-11-05,P003,Bubble Wrap Roll,Protective Packaging,9,2025-11-08,2025-11-11,Completed,3,9,9,1
ORD00916,2025-12-28,P014,Hand Pallet Truck,Material Handling,3,2026-01-01,2026-01-08,In Production,7,3,2,0.666666667
ORD00917,2025-10-05,P011,5-Ply Corrugated Box,Customized Carton Boxes,18,2025-10-11,2025-10-12,Completed,1,18,18,1
ORD00918,2025-04-29,P007,Wooden Pallet,Pallet Solutions,5,2025-05-03,2025-05-09,Completed,6,5,5,1
ORD00919,2025-01-18,P004,EPE Foam Roll,Protective Packaging,15,2025-01-22,2025-01-25,Pending,3,15,0,0
ORD00920,2025-07-16,P006,Shrink Film Roll,Stretch / Film Solutions,18,2025-07-21,2025-07-22,Completed,1,18,18,1
ORD00921,2025-01-14,P011,5-Ply Corrugated Box,Customized Carton Boxes,4,2025-01-20,2025-01-27,Completed,7,4,4,1
ORD00922,2025-01-30,P005,Stretch Film Roll,Stretch / Film Solutions,13,2025-02-01,2025-02-06,In Production,5,13,6,0.461538462
ORD00923,2025-08-28,P012,7-Ply Corrugated Box,Customized Carton Boxes,12,2025-08-31,2025-09-02,Pending,2,12,0,0
ORD00924,2025-07-22,P011,5-Ply Corrugated Box,Customized Carton Boxes,32,2025-07-24,2025-07-29,Completed,5,32,32,1
ORD00925,2025-12-05,P006,Shrink Film Roll,Stretch / Film Solutions,87,2025-12-09,2025-12-16,Completed,7,87,87,1
ORD00926,2025-04-22,P003,Bubble Wrap Roll,Protective Packaging,94,2025-04-27,2025-04-28,Completed,1,94,94,1
ORD00927,2025-05-13,P013,Platform Trolley,Material Handling,38,2025-05-18,2025-05-20,Completed,2,38,38,1
ORD00928,2025-08-14,P009,Manual Strapping Tool,Packaging Tools & Equipment,30,2025-08-20,2025-08-23,Completed,3,30,30,1
ORD00929,2025-01-23,P011,5-Ply Corrugated Box,Customized Carton Boxes,10,2025-01-29,2025-01-31,Completed,2,10,10,1
ORD00930,2025-08-01,P007,Wooden Pallet,Pallet Solutions,22,2025-08-03,2025-08-09,Completed,6,22,22,1
ORD00931,2025-01-16,P008,Plastic Pallet,Pallet Solutions,2,2025-01-19,2025-01-22,In Production,3,2,1,0.5
ORD00932,2025-09-18,P006,Shrink Film Roll,Stretch / Film Solutions,43,2025-09-24,2025-09-30,Completed,6,43,43,1
ORD00933,2025-02-09,P009,Manual Strapping Tool,Packaging Tools & Equipment,18,2025-02-12,2025-02-17,Completed,5,18,18,1
ORD00934,2025-08-30,P013,Platform Trolley,Material Handling,27,2025-09-05,2025-09-10,In Production,5,27,16,0.592592593
ORD00935,2025-08-22,P003,Bubble Wrap Roll,Protective Packaging,15,2025-08-26,2025-09-01,Pending,6,15,0,0
ORD00936,2025-07-05,P012,7-Ply Corrugated Box,Customized Carton Boxes,21,2025-07-10,2025-07-15,Completed,5,21,21,1
ORD00937,2025-10-27,P005,Stretch Film Roll,Stretch / Film Solutions,17,2025-10-30,2025-11-04,Completed,5,17,17,1
ORD00938,2025-04-12,P012,7-Ply Corrugated Box,Customized Carton Boxes,15,2025-04-15,2025-04-19,Completed,4,15,15,1
ORD00939,2025-12-20,P011,5-Ply Corrugated Box,Customized Carton Boxes,18,2025-12-23,2025-12-24,In Production,1,18,12,0.666666667
ORD00940,2025-05-31,P008,Plastic Pallet,Pallet Solutions,29,2025-06-02,2025-06-05,Completed,3,29,29,1
ORD00941,2025-08-12,P012,7-Ply Corrugated Box,Customized Carton Boxes,40,2025-08-16,2025-08-23,Completed,7,40,40,1
ORD00942,2025-10-31,P003,Bubble Wrap Roll,Protective Packaging,33,2025-11-06,2025-11-09,Completed,3,33,33,1
ORD00943,2025-10-16,P003,Bubble Wrap Roll,Protective Packaging,51,2025-10-22,2025-10-27,Completed,5,51,51,1
ORD00944,2025-04-18,P006,Shrink Film Roll,Stretch / Film Solutions,8,2025-04-23,2025-04-28,Completed,5,8,8,1
ORD00945,2025-08-13,P004,EPE Foam Roll,Protective Packaging,73,2025-08-16,2025-08-18,Completed,2,73,73,1
ORD00946,2025-03-28,P006,Shrink Film Roll,Stretch / Film Solutions,79,2025-03-30,2025-04-04,Completed,5,79,79,1
ORD00947,2025-10-20,P007,Wooden Pallet,Pallet Solutions,16,2025-10-25,2025-10-31,Completed,6,16,16,1
ORD00948,2025-05-15,P014,Hand Pallet Truck,Material Handling,26,2025-05-17,2025-05-24,Completed,7,26,26,1
ORD00949,2025-03-22,P012,7-Ply Corrugated Box,Customized Carton Boxes,9,2025-03-28,2025-03-31,Completed,3,9,9,1
ORD00950,2025-06-12,P011,5-Ply Corrugated Box,Customized Carton Boxes,5,2025-06-15,2025-06-22,Completed,7,5,5,1
ORD00951,2025-04-11,P003,Bubble Wrap Roll,Protective Packaging,16,2025-04-15,2025-04-19,Completed,4,16,16,1
ORD00952,2025-04-20,P011,5-Ply Corrugated Box,Customized Carton Boxes,21,2025-04-22,2025-04-26,Completed,4,21,21,1
ORD00953,2025-10-26,P001,PP Strapping Roll,Strapping Solutions,250,2025-10-29,2025-11-04,Pending,6,250,0,0
ORD00954,2025-07-20,P001,PP Strapping Roll,Strapping Solutions,200,2025-07-26,2025-07-29,Completed,3,200,200,1
ORD00955,2025-12-06,P001,PP Strapping Roll,Strapping Solutions,440,2025-12-11,2025-12-12,Completed,1,440,440,1
ORD00956,2025-11-04,P002,PET Strapping Roll,Strapping Solutions,50,2025-11-09,2025-11-15,Completed,6,50,50,1
ORD00957,2025-12-12,P003,Bubble Wrap Roll,Protective Packaging,32,2025-12-16,2025-12-20,Completed,4,32,32,1
ORD00958,2025-06-07,P011,5-Ply Corrugated Box,Customized Carton Boxes,6,2025-06-12,2025-06-16,Completed,4,6,6,1
ORD00959,2025-01-11,P001,PP Strapping Roll,Strapping Solutions,370,2025-01-16,2025-01-17,Completed,1,370,370,1
ORD00960,2025-03-22,P008,Plastic Pallet,Pallet Solutions,14,2025-03-28,2025-04-01,In Production,4,14,8,0.571428571
ORD00961,2025-01-19,P011,5-Ply Corrugated Box,Customized Carton Boxes,16,2025-01-21,2025-01-28,In Production,7,16,7,0.4375
ORD00962,2025-12-19,P007,Wooden Pallet,Pallet Solutions,31,2025-12-22,2025-12-23,Completed,1,31,31,1
ORD00963,2025-02-07,P003,Bubble Wrap Roll,Protective Packaging,26,2025-02-13,2025-02-19,Completed,6,26,26,1
ORD00964,2025-06-15,P001,PP Strapping Roll,Strapping Solutions,110,2025-06-20,2025-06-25,Completed,5,110,110,1
ORD00965,2025-02-17,P005,Stretch Film Roll,Stretch / Film Solutions,25,2025-02-20,2025-02-24,In Production,4,25,18,0.72
ORD00966,2025-07-21,P011,5-Ply Corrugated Box,Customized Carton Boxes,21,2025-07-25,2025-08-01,Completed,7,21,21,1
ORD00967,2025-10-16,P012,7-Ply Corrugated Box,Customized Carton Boxes,51,2025-10-18,2025-10-24,Completed,6,51,51,1
ORD00968,2025-05-08,P009,Manual Strapping Tool,Packaging Tools & Equipment,10,2025-05-10,2025-05-12,Completed,2,10,10,1
ORD00969,2025-06-09,P002,PET Strapping Roll,Strapping Solutions,55,2025-06-13,2025-06-20,Completed,7,55,55,1
ORD00970,2025-09-08,P008,Plastic Pallet,Pallet Solutions,31,2025-09-14,2025-09-18,Completed,4,31,31,1
ORD00971,2025-02-09,P005,Stretch Film Roll,Stretch / Film Solutions,59,2025-02-14,2025-02-16,Completed,2,59,59,1
ORD00972,2025-03-29,P005,Stretch Film Roll,Stretch / Film Solutions,47,2025-04-04,2025-04-08,Completed,4,47,47,1
ORD00973,2025-07-10,P003,Bubble Wrap Roll,Protective Packaging,25,2025-07-16,2025-07-22,Completed,6,25,25,1
ORD00974,2025-04-18,P006,Shrink Film Roll,Stretch / Film Solutions,35,2025-04-22,2025-04-28,In Production,6,35,13,0.371428571
ORD00975,2025-01-03,P011,5-Ply Corrugated Box,Customized Carton Boxes,12,2025-01-07,2025-01-13,Completed,6,12,12,1
ORD00976,2025-06-29,P011,5-Ply Corrugated Box,Customized Carton Boxes,70,2025-07-05,2025-07-07,Completed,2,70,70,1
ORD00977,2025-07-26,P004,EPE Foam Roll,Protective Packaging,16,2025-07-30,2025-08-04,Completed,5,16,16,1
ORD00978,2025-09-25,P012,7-Ply Corrugated Box,Customized Carton Boxes,48,2025-10-01,2025-10-07,In Production,6,48,19,0.395833333
ORD00979,2025-04-29,P007,Wooden Pallet,Pallet Solutions,20,2025-05-02,2025-05-03,Completed,1,20,20,1
ORD00980,2025-08-06,P006,Shrink Film Roll,Stretch / Film Solutions,15,2025-08-11,2025-08-14,Completed,3,15,15,1
ORD00981,2025-06-09,P013,Platform Trolley,Material Handling,81,2025-06-15,2025-06-18,In Production,3,81,40,0.49382716
ORD00982,2025-08-15,P009,Manual Strapping Tool,Packaging Tools & Equipment,29,2025-08-20,2025-08-26,Completed,6,29,29,1
ORD00983,2025-06-27,P011,5-Ply Corrugated Box,Customized Carton Boxes,47,2025-07-02,2025-07-04,In Production,2,47,34,0.723404255
ORD00984,2025-08-15,P001,PP Strapping Roll,Strapping Solutions,500,2025-08-19,2025-08-24,Completed,5,500,500,1
ORD00985,2025-05-21,P006,Shrink Film Roll,Stretch / Film Solutions,30,2025-05-26,2025-05-30,Completed,4,30,30,1
ORD00986,2025-09-09,P002,PET Strapping Roll,Strapping Solutions,110,2025-09-12,2025-09-16,Completed,4,110,110,1
ORD00987,2025-03-03,P009,Manual Strapping Tool,Packaging Tools & Equipment,32,2025-03-05,2025-03-09,Completed,4,32,32,1
ORD00988,2025-03-28,P011,5-Ply Corrugated Box,Customized Carton Boxes,22,2025-04-03,2025-04-09,Completed,6,22,22,1
ORD00989,2025-05-17,P003,Bubble Wrap Roll,Protective Packaging,48,2025-05-19,2025-05-21,Completed,2,48,48,1
ORD00990,2025-06-29,P011,5-Ply Corrugated Box,Customized Carton Boxes,14,2025-07-01,2025-07-04,Completed,3,14,14,1
ORD00991,2025-06-12,P001,PP Strapping Roll,Strapping Solutions,120,2025-06-18,2025-06-24,Completed,6,120,120,1
ORD00992,2025-04-08,P006,Shrink Film Roll,Stretch / Film Solutions,30,2025-04-11,2025-04-14,Completed,3,30,30,1
ORD00993,2025-04-13,P011,5-Ply Corrugated Box,Customized Carton Boxes,28,2025-04-16,2025-04-19,Completed,3,28,28,1
ORD00994,2025-03-29,P002,PET Strapping Roll,Strapping Solutions,185,2025-03-31,2025-04-07,Completed,7,185,185,1
ORD00995,2025-06-25,P004,EPE Foam Roll,Protective Packaging,5,2025-07-01,2025-07-06,Completed,5,5,5,1
ORD00996,2025-11-20,P001,PP Strapping Roll,Strapping Solutions,810,2025-11-23,2025-11-27,Completed,4,810,810,1
ORD00997,2025-11-19,P011,5-Ply Corrugated Box,Customized Carton Boxes,36,2025-11-23,2025-11-30,Completed,7,36,36,1
ORD00998,2025-08-28,P002,PET Strapping Roll,Strapping Solutions,115,2025-09-03,2025-09-05,Completed,2,115,115,1
ORD00999,2025-07-11,P006,Shrink Film Roll,Stretch / Film Solutions,9,2025-07-17,2025-07-20,Pending,3,9,0,0
ORD01000,2025-07-25,P006,Shrink Film Roll,Stretch / Film Solutions,11,2025-07-31,2025-08-01,Completed,1,11,11,1
ORD01001,2025-03-08,P007,Wooden Pallet,Pallet Solutions,11,2025-03-12,2025-03-19,Completed,7,11,11,1
ORD01002,2025-04-13,P001,PP Strapping Roll,Strapping Solutions,440,2025-04-16,2025-04-19,In Production,3,440,351,0.797727273
ORD01003,2025-07-11,P011,5-Ply Corrugated Box,Customized Carton Boxes,22,2025-07-13,2025-07-17,Completed,4,22,22,1
ORD01004,2025-07-18,P005,Stretch Film Roll,Stretch / Film Solutions,9,2025-07-21,2025-07-24,In Production,3,9,6,0.666666667
ORD01005,2025-09-08,P009,Manual Strapping Tool,Packaging Tools & Equipment,11,2025-09-14,2025-09-15,Completed,1,11,11,1
ORD01006,2025-02-09,P006,Shrink Film Roll,Stretch / Film Solutions,44,2025-02-12,2025-02-14,Completed,2,44,44,1
ORD01007,2025-06-09,P005,Stretch Film Roll,Stretch / Film Solutions,82,2025-06-14,2025-06-20,Pending,6,82,0,0
ORD01008,2025-02-12,P003,Bubble Wrap Roll,Protective Packaging,22,2025-02-16,2025-02-22,Completed,6,22,22,1
ORD01009,2025-01-06,P002,PET Strapping Roll,Strapping Solutions,675,2025-01-11,2025-01-17,Completed,6,675,675,1
ORD01010,2025-07-10,P006,Shrink Film Roll,Stretch / Film Solutions,38,2025-07-15,2025-07-21,Completed,6,38,38,1
ORD01011,2025-02-10,P007,Wooden Pallet,Pallet Solutions,8,2025-02-13,2025-02-14,Completed,1,8,8,1
ORD01012,2025-05-25,P004,EPE Foam Roll,Protective Packaging,10,2025-05-27,2025-05-28,In Production,1,10,8,0.8
ORD01013,2025-05-17,P012,7-Ply Corrugated Box,Customized Carton Boxes,163,2025-05-20,2025-05-23,Completed,3,163,163,1
ORD01014,2025-07-22,P013,Platform Trolley,Material Handling,22,2025-07-25,2025-07-27,Completed,2,22,22,1
ORD01015,2025-05-05,P006,Shrink Film Roll,Stretch / Film Solutions,54,2025-05-11,2025-05-16,Completed,5,54,54,1
ORD01016,2025-02-10,P014,Hand Pallet Truck,Material Handling,15,2025-02-14,2025-02-20,Completed,6,15,15,1
ORD01017,2025-10-20,P007,Wooden Pallet,Pallet Solutions,13,2025-10-24,2025-10-27,In Production,3,13,6,0.461538462
ORD01018,2025-12-19,P003,Bubble Wrap Roll,Protective Packaging,13,2025-12-22,2025-12-25,In Production,3,13,9,0.692307692
ORD01019,2025-03-08,P006,Shrink Film Roll,Stretch / Film Solutions,7,2025-03-12,2025-03-15,Completed,3,7,7,1
ORD01020,2025-02-02,P001,PP Strapping Roll,Strapping Solutions,230,2025-02-08,2025-02-11,Completed,3,230,230,1
ORD01021,2025-06-24,P001,PP Strapping Roll,Strapping Solutions,180,2025-06-28,2025-07-01,Completed,3,180,180,1
ORD01022,2025-07-26,P004,EPE Foam Roll,Protective Packaging,60,2025-07-28,2025-08-03,Completed,6,60,60,1
ORD01023,2025-06-11,P001,PP Strapping Roll,Strapping Solutions,100,2025-06-16,2025-06-22,Completed,6,100,100,1
ORD01024,2025-10-12,P006,Shrink Film Roll,Stretch / Film Solutions,22,2025-10-17,2025-10-19,In Production,2,22,18,0.818181818
ORD01025,2025-05-29,P005,Stretch Film Roll,Stretch / Film Solutions,29,2025-06-01,2025-06-08,Completed,7,29,29,1
ORD01026,2025-02-24,P011,5-Ply Corrugated Box,Customized Carton Boxes,51,2025-02-28,2025-03-05,In Production,5,51,23,0.450980392
ORD01027,2025-04-01,P001,PP Strapping Roll,Strapping Solutions,220,2025-04-06,2025-04-09,Completed,3,220,220,1
ORD01028,2025-08-03,P006,Shrink Film Roll,Stretch / Film Solutions,232,2025-08-08,2025-08-12,Completed,4,232,232,1
ORD01029,2025-05-08,P002,PET Strapping Roll,Strapping Solutions,50,2025-05-11,2025-05-16,Completed,5,50,50,1
ORD01030,2025-03-24,P001,PP Strapping Roll,Strapping Solutions,150,2025-03-29,2025-04-01,Completed,3,150,150,1
ORD01031,2025-10-23,P001,PP Strapping Roll,Strapping Solutions,740,2025-10-28,2025-11-01,Completed,4,740,740,1
ORD01032,2025-06-19,P009,Manual Strapping Tool,Packaging Tools & Equipment,11,2025-06-22,2025-06-24,Completed,2,11,11,1
ORD01033,2025-08-02,P005,Stretch Film Roll,Stretch / Film Solutions,10,2025-08-06,2025-08-12,Completed,6,10,10,1
ORD01034,2025-05-30,P009,Manual Strapping Tool,Packaging Tools & Equipment,12,2025-06-04,2025-06-11,In Production,7,12,5,0.416666667
ORD01035,2025-03-16,P007,Wooden Pallet,Pallet Solutions,186,2025-03-20,2025-03-27,Completed,7,186,186,1
ORD01036,2025-05-16,P013,Platform Trolley,Material Handling,14,2025-05-18,2025-05-21,Completed,3,14,14,1
ORD01037,2025-06-19,P014,Hand Pallet Truck,Material Handling,110,2025-06-24,2025-06-30,Completed,6,110,110,1
ORD01038,2025-10-16,P003,Bubble Wrap Roll,Protective Packaging,7,2025-10-20,2025-10-26,Completed,6,7,7,1
ORD01039,2025-12-22,P011,5-Ply Corrugated Box,Customized Carton Boxes,10,2025-12-25,2025-12-27,Completed,2,10,10,1
ORD01040,2025-10-27,P011,5-Ply Corrugated Box,Customized Carton Boxes,17,2025-10-29,2025-11-01,Pending,3,17,0,0
ORD01041,2025-10-28,P002,PET Strapping Roll,Strapping Solutions,55,2025-11-03,2025-11-06,In Production,3,55,22,0.4
ORD01042,2025-07-14,P012,7-Ply Corrugated Box,Customized Carton Boxes,15,2025-07-16,2025-07-22,Completed,6,15,15,1
ORD01043,2025-09-13,P009,Manual Strapping Tool,Packaging Tools & Equipment,26,2025-09-18,2025-09-23,Completed,5,26,26,1
ORD01044,2025-09-17,P006,Shrink Film Roll,Stretch / Film Solutions,31,2025-09-19,2025-09-22,Completed,3,31,31,1
ORD01045,2025-05-07,P011,5-Ply Corrugated Box,Customized Carton Boxes,60,2025-05-10,2025-05-13,Completed,3,60,60,1
ORD01046,2025-04-08,P005,Stretch Film Roll,Stretch / Film Solutions,34,2025-04-10,2025-04-12,Completed,2,34,34,1
ORD01047,2025-11-21,P005,Stretch Film Roll,Stretch / Film Solutions,46,2025-11-23,2025-11-25,Completed,2,46,46,1
ORD01048,2025-10-19,P013,Platform Trolley,Material Handling,10,2025-10-21,2025-10-26,Completed,5,10,10,1
ORD01049,2025-11-04,P010,Battery Strapping Machine,Packaging Tools & Equipment,19,2025-11-08,2025-11-12,Completed,4,19,19,1
ORD01050,2025-12-14,P008,Plastic Pallet,Pallet Solutions,48,2025-12-20,2025-12-25,Completed,5,48,48,1
ORD01051,2025-02-03,P001,PP Strapping Roll,Strapping Solutions,100,2025-02-08,2025-02-14,Completed,6,100,100,1
ORD01052,2025-04-20,P009,Manual Strapping Tool,Packaging Tools & Equipment,13,2025-04-24,2025-04-29,Completed,5,13,13,1
ORD01053,2025-04-09,P003,Bubble Wrap Roll,Protective Packaging,20,2025-04-14,2025-04-21,Completed,7,20,20,1
ORD01054,2025-08-30,P002,PET Strapping Roll,Strapping Solutions,255,2025-09-03,2025-09-06,Completed,3,255,255,1
ORD01055,2025-07-26,P011,5-Ply Corrugated Box,Customized Carton Boxes,17,2025-07-28,2025-08-01,Completed,4,17,17,1
ORD01056,2025-05-12,P003,Bubble Wrap Roll,Protective Packaging,26,2025-05-16,2025-05-23,In Production,7,26,13,0.5
ORD01057,2025-09-15,P011,5-Ply Corrugated Box,Customized Carton Boxes,5,2025-09-20,2025-09-27,Completed,7,5,5,1
ORD01058,2025-12-19,P003,Bubble Wrap Roll,Protective Packaging,20,2025-12-24,2025-12-26,Completed,2,20,20,1
ORD01059,2025-05-26,P011,5-Ply Corrugated Box,Customized Carton Boxes,68,2025-05-28,2025-06-01,Completed,4,68,68,1
ORD01060,2025-04-13,P006,Shrink Film Roll,Stretch / Film Solutions,9,2025-04-19,2025-04-20,Completed,1,9,9,1
ORD01061,2025-02-04,P003,Bubble Wrap Roll,Protective Packaging,18,2025-02-08,2025-02-15,Completed,7,18,18,1
ORD01062,2025-12-13,P008,Plastic Pallet,Pallet Solutions,3,2025-12-17,2025-12-20,Completed,3,3,3,1
ORD01063,2025-01-31,P007,Wooden Pallet,Pallet Solutions,6,2025-02-06,2025-02-09,Completed,3,6,6,1
ORD01064,2025-05-25,P007,Wooden Pallet,Pallet Solutions,33,2025-05-31,2025-06-03,Pending,3,33,0,0
ORD01065,2025-08-28,P005,Stretch Film Roll,Stretch / Film Solutions,97,2025-09-03,2025-09-09,Completed,6,97,97,1
ORD01066,2025-04-04,P011,5-Ply Corrugated Box,Customized Carton Boxes,6,2025-04-10,2025-04-13,Completed,3,6,6,1
ORD01067,2025-07-19,P003,Bubble Wrap Roll,Protective Packaging,36,2025-07-21,2025-07-22,Completed,1,36,36,1
ORD01068,2025-12-07,P013,Platform Trolley,Material Handling,18,2025-12-10,2025-12-17,Completed,7,18,18,1
ORD01069,2025-02-21,P009,Manual Strapping Tool,Packaging Tools & Equipment,72,2025-02-23,2025-02-28,Completed,5,72,72,1
ORD01070,2025-03-25,P011,5-Ply Corrugated Box,Customized Carton Boxes,19,2025-03-30,2025-04-02,Completed,3,19,19,1
ORD01071,2025-04-17,P009,Manual Strapping Tool,Packaging Tools & Equipment,34,2025-04-22,2025-04-23,Completed,1,34,34,1
ORD01072,2025-10-24,P006,Shrink Film Roll,Stretch / Film Solutions,21,2025-10-30,2025-10-31,Completed,1,21,21,1
ORD01073,2025-09-17,P011,5-Ply Corrugated Box,Customized Carton Boxes,63,2025-09-21,2025-09-25,Completed,4,63,63,1
ORD01074,2025-07-04,P012,7-Ply Corrugated Box,Customized Carton Boxes,12,2025-07-08,2025-07-15,Completed,7,12,12,1
ORD01075,2025-08-30,P001,PP Strapping Roll,Strapping Solutions,210,2025-09-01,2025-09-04,Completed,3,210,210,1
ORD01076,2025-08-29,P004,EPE Foam Roll,Protective Packaging,16,2025-08-31,2025-09-01,Completed,1,16,16,1
ORD01077,2025-09-23,P007,Wooden Pallet,Pallet Solutions,13,2025-09-26,2025-10-02,Completed,6,13,13,1
ORD01078,2025-07-11,P006,Shrink Film Roll,Stretch / Film Solutions,5,2025-07-15,2025-07-20,Completed,5,5,5,1
ORD01079,2025-09-26,P003,Bubble Wrap Roll,Protective Packaging,27,2025-09-29,2025-10-01,Completed,2,27,27,1
ORD01080,2025-10-02,P002,PET Strapping Roll,Strapping Solutions,50,2025-10-07,2025-10-09,Completed,2,50,50,1
ORD01081,2025-02-19,P013,Platform Trolley,Material Handling,25,2025-02-24,2025-02-28,Completed,4,25,25,1
ORD01082,2025-11-11,P007,Wooden Pallet,Pallet Solutions,12,2025-11-13,2025-11-15,Completed,2,12,12,1
ORD01083,2025-03-09,P001,PP Strapping Roll,Strapping Solutions,190,2025-03-13,2025-03-17,In Production,4,190,113,0.594736842
ORD01084,2025-04-04,P005,Stretch Film Roll,Stretch / Film Solutions,18,2025-04-06,2025-04-08,Completed,2,18,18,1
ORD01085,2025-07-27,P009,Manual Strapping Tool,Packaging Tools & Equipment,10,2025-08-01,2025-08-03,Completed,2,10,10,1
ORD01086,2025-06-24,P001,PP Strapping Roll,Strapping Solutions,730,2025-06-29,2025-07-06,Completed,7,730,730,1
ORD01087,2025-11-25,P007,Wooden Pallet,Pallet Solutions,9,2025-11-27,2025-12-02,Completed,5,9,9,1
ORD01088,2025-08-20,P007,Wooden Pallet,Pallet Solutions,79,2025-08-25,2025-08-30,In Production,5,79,37,0.46835443
ORD01089,2025-04-12,P008,Plastic Pallet,Pallet Solutions,6,2025-04-16,2025-04-21,Completed,5,6,6,1
ORD01090,2025-09-29,P006,Shrink Film Roll,Stretch / Film Solutions,5,2025-10-02,2025-10-05,Completed,3,5,5,1
ORD01091,2025-04-14,P011,5-Ply Corrugated Box,Customized Carton Boxes,11,2025-04-18,2025-04-19,Completed,1,11,11,1
ORD01092,2025-06-03,P012,7-Ply Corrugated Box,Customized Carton Boxes,32,2025-06-05,2025-06-06,Completed,1,32,32,1
ORD01093,2025-09-04,P007,Wooden Pallet,Pallet Solutions,20,2025-09-07,2025-09-14,Completed,7,20,20,1
ORD01094,2025-04-26,P006,Shrink Film Roll,Stretch / Film Solutions,60,2025-04-30,2025-05-02,Completed,2,60,60,1
ORD01095,2025-11-23,P009,Manual Strapping Tool,Packaging Tools & Equipment,22,2025-11-25,2025-11-30,Completed,5,22,22,1
ORD01096,2025-02-06,P013,Platform Trolley,Material Handling,11,2025-02-10,2025-02-13,Completed,3,11,11,1
ORD01097,2025-05-30,P001,PP Strapping Roll,Strapping Solutions,180,2025-06-02,2025-06-07,Completed,5,180,180,1
ORD01098,2025-12-26,P014,Hand Pallet Truck,Material Handling,47,2025-12-31,2026-01-04,Completed,4,47,47,1
ORD01099,2025-05-09,P006,Shrink Film Roll,Stretch / Film Solutions,9,2025-05-13,2025-05-14,Completed,1,9,9,1
ORD01100,2025-12-29,P011,5-Ply Corrugated Box,Customized Carton Boxes,20,2026-01-03,2026-01-08,Completed,5,20,20,1
ORD01101,2025-10-22,P012,7-Ply Corrugated Box,Customized Carton Boxes,15,2025-10-24,2025-10-25,Completed,1,15,15,1
ORD01102,2025-06-27,P006,Shrink Film Roll,Stretch / Film Solutions,25,2025-07-02,2025-07-09,Completed,7,25,25,1
ORD01103,2025-10-18,P010,Battery Strapping Machine,Packaging Tools & Equipment,33,2025-10-21,2025-10-22,Completed,1,33,33,1
ORD01104,2025-06-30,P006,Shrink Film Roll,Stretch / Film Solutions,45,2025-07-03,2025-07-06,Completed,3,45,45,1
ORD01105,2025-11-28,P006,Shrink Film Roll,Stretch / Film Solutions,155,2025-12-02,2025-12-08,Completed,6,155,155,1
ORD01106,2025-04-27,P001,PP Strapping Roll,Strapping Solutions,530,2025-05-01,2025-05-08,Completed,7,530,530,1
ORD01107,2025-04-14,P001,PP Strapping Roll,Strapping Solutions,250,2025-04-18,2025-04-25,Completed,7,250,250,1
ORD01108,2025-04-08,P006,Shrink Film Roll,Stretch / Film Solutions,48,2025-04-14,2025-04-17,Completed,3,48,48,1
ORD01109,2025-12-31,P012,7-Ply Corrugated Box,Customized Carton Boxes,123,2026-01-06,2026-01-12,Completed,6,123,123,1
ORD01110,2025-11-11,P009,Manual Strapping Tool,Packaging Tools & Equipment,7,2025-11-17,2025-11-18,Completed,1,7,7,1
ORD01111,2025-12-22,P006,Shrink Film Roll,Stretch / Film Solutions,84,2025-12-25,2025-12-27,Completed,2,84,84,1
ORD01112,2025-08-13,P013,Platform Trolley,Material Handling,15,2025-08-18,2025-08-23,Completed,5,15,15,1
ORD01113,2025-07-06,P013,Platform Trolley,Material Handling,36,2025-07-10,2025-07-14,In Production,4,36,21,0.583333333
ORD01114,2025-12-26,P007,Wooden Pallet,Pallet Solutions,13,2025-12-29,2026-01-05,Completed,7,13,13,1
ORD01115,2025-12-26,P002,PET Strapping Roll,Strapping Solutions,230,2026-01-01,2026-01-08,In Production,7,230,127,0.552173913
ORD01116,2025-03-29,P005,Stretch Film Roll,Stretch / Film Solutions,11,2025-03-31,2025-04-05,In Production,5,11,6,0.545454545
ORD01117,2025-02-03,P002,PET Strapping Roll,Strapping Solutions,50,2025-02-07,2025-02-12,Completed,5,50,50,1
ORD01118,2025-12-23,P013,Platform Trolley,Material Handling,8,2025-12-27,2025-12-30,Completed,3,8,8,1
ORD01119,2025-01-04,P012,7-Ply Corrugated Box,Customized Carton Boxes,27,2025-01-10,2025-01-11,Completed,1,27,27,1
ORD01120,2025-11-04,P009,Manual Strapping Tool,Packaging Tools & Equipment,30,2025-11-07,2025-11-14,Completed,7,30,30,1
ORD01121,2025-12-17,P002,PET Strapping Roll,Strapping Solutions,195,2025-12-22,2025-12-29,Completed,7,195,195,1
ORD01122,2025-08-09,P001,PP Strapping Roll,Strapping Solutions,100,2025-08-13,2025-08-17,Completed,4,100,100,1
ORD01123,2025-09-26,P001,PP Strapping Roll,Strapping Solutions,130,2025-09-30,2025-10-01,Completed,1,130,130,1
ORD01124,2025-06-17,P007,Wooden Pallet,Pallet Solutions,41,2025-06-22,2025-06-25,In Production,3,41,26,0.634146341
ORD01125,2025-12-16,P003,Bubble Wrap Roll,Protective Packaging,11,2025-12-19,2025-12-24,Completed,5,11,11,1
ORD01126,2025-11-15,P011,5-Ply Corrugated Box,Customized Carton Boxes,27,2025-11-17,2025-11-22,Completed,5,27,27,1
ORD01127,2025-11-05,P014,Hand Pallet Truck,Material Handling,31,2025-11-08,2025-11-13,Completed,5,31,31,1
ORD01128,2025-06-23,P006,Shrink Film Roll,Stretch / Film Solutions,43,2025-06-26,2025-06-29,Completed,3,43,43,1
ORD01129,2025-12-29,P006,Shrink Film Roll,Stretch / Film Solutions,39,2026-01-04,2026-01-05,Completed,1,39,39,1
ORD01130,2025-11-26,P011,5-Ply Corrugated Box,Customized Carton Boxes,10,2025-11-29,2025-12-02,Completed,3,10,10,1
ORD01131,2025-09-09,P001,PP Strapping Roll,Strapping Solutions,270,2025-09-11,2025-09-14,Completed,3,270,270,1
ORD01132,2025-01-22,P001,PP Strapping Roll,Strapping Solutions,140,2025-01-25,2025-01-26,Completed,1,140,140,1
ORD01133,2025-06-05,P013,Platform Trolley,Material Handling,10,2025-06-10,2025-06-12,Completed,2,10,10,1
ORD01134,2025-01-23,P007,Wooden Pallet,Pallet Solutions,33,2025-01-26,2025-01-27,Completed,1,33,33,1
ORD01135,2025-11-10,P004,EPE Foam Roll,Protective Packaging,9,2025-11-12,2025-11-13,Completed,1,9,9,1
ORD01136,2025-07-19,P011,5-Ply Corrugated Box,Customized Carton Boxes,12,2025-07-22,2025-07-25,Completed,3,12,12,1
ORD01137,2025-11-17,P008,Plastic Pallet,Pallet Solutions,48,2025-11-21,2025-11-23,Completed,2,48,48,1
ORD01138,2025-11-04,P005,Stretch Film Roll,Stretch / Film Solutions,34,2025-11-06,2025-11-12,Completed,6,34,34,1
ORD01139,2025-02-04,P006,Shrink Film Roll,Stretch / Film Solutions,13,2025-02-07,2025-02-12,Completed,5,13,13,1
ORD01140,2025-05-14,P005,Stretch Film Roll,Stretch / Film Solutions,17,2025-05-16,2025-05-23,In Production,7,17,9,0.529411765
ORD01141,2025-09-03,P006,Shrink Film Roll,Stretch / Film Solutions,11,2025-09-05,2025-09-06,Completed,1,11,11,1
ORD01142,2025-03-15,P005,Stretch Film Roll,Stretch / Film Solutions,57,2025-03-20,2025-03-25,Completed,5,57,57,1
ORD01143,2025-06-24,P007,Wooden Pallet,Pallet Solutions,9,2025-06-28,2025-06-30,Completed,2,9,9,1
ORD01144,2025-04-05,P007,Wooden Pallet,Pallet Solutions,16,2025-04-08,2025-04-11,Completed,3,16,16,1
ORD01145,2025-10-08,P007,Wooden Pallet,Pallet Solutions,4,2025-10-12,2025-10-13,Completed,1,4,4,1
ORD01146,2025-02-23,P005,Stretch Film Roll,Stretch / Film Solutions,36,2025-02-26,2025-02-27,In Production,1,36,16,0.444444444
ORD01147,2025-02-07,P010,Battery Strapping Machine,Packaging Tools & Equipment,9,2025-02-09,2025-02-15,Completed,6,9,9,1
ORD01148,2025-05-09,P005,Stretch Film Roll,Stretch / Film Solutions,14,2025-05-13,2025-05-19,Completed,6,14,14,1
ORD01149,2025-03-31,P011,5-Ply Corrugated Box,Customized Carton Boxes,26,2025-04-05,2025-04-08,Completed,3,26,26,1
ORD01150,2025-04-27,P001,PP Strapping Roll,Strapping Solutions,100,2025-05-02,2025-05-04,Completed,2,100,100,1
ORD01151,2025-07-06,P007,Wooden Pallet,Pallet Solutions,60,2025-07-10,2025-07-13,Completed,3,60,60,1
ORD01152,2025-11-13,P002,PET Strapping Roll,Strapping Solutions,100,2025-11-17,2025-11-21,Completed,4,100,100,1
ORD01153,2025-06-03,P009,Manual Strapping Tool,Packaging Tools & Equipment,27,2025-06-09,2025-06-13,Completed,4,27,27,1
ORD01154,2025-01-13,P003,Bubble Wrap Roll,Protective Packaging,63,2025-01-16,2025-01-20,Completed,4,63,63,1
ORD01155,2025-07-30,P010,Battery Strapping Machine,Packaging Tools & Equipment,113,2025-08-03,2025-08-07,Completed,4,113,113,1
ORD01156,2025-12-13,P002,PET Strapping Roll,Strapping Solutions,155,2025-12-15,2025-12-22,Completed,7,155,155,1
ORD01157,2025-04-20,P007,Wooden Pallet,Pallet Solutions,42,2025-04-24,2025-05-01,Completed,7,42,42,1
ORD01158,2025-02-21,P011,5-Ply Corrugated Box,Customized Carton Boxes,27,2025-02-27,2025-03-01,Completed,2,27,27,1
ORD01159,2025-12-25,P003,Bubble Wrap Roll,Protective Packaging,28,2025-12-29,2026-01-04,Completed,6,28,28,1
ORD01160,2025-07-14,P006,Shrink Film Roll,Stretch / Film Solutions,51,2025-07-19,2025-07-21,In Production,2,51,29,0.568627451
ORD01161,2025-10-18,P004,EPE Foam Roll,Protective Packaging,19,2025-10-22,2025-10-25,Completed,3,19,19,1
ORD01162,2025-06-14,P007,Wooden Pallet,Pallet Solutions,20,2025-06-18,2025-06-24,In Production,6,20,9,0.45
ORD01163,2025-04-09,P003,Bubble Wrap Roll,Protective Packaging,123,2025-04-15,2025-04-18,In Production,3,123,61,0.495934959
ORD01164,2025-06-22,P011,5-Ply Corrugated Box,Customized Carton Boxes,60,2025-06-24,2025-06-27,Completed,3,60,60,1
ORD01165,2025-04-13,P006,Shrink Film Roll,Stretch / Film Solutions,8,2025-04-18,2025-04-22,Completed,4,8,8,1
ORD01166,2025-12-29,P007,Wooden Pallet,Pallet Solutions,21,2026-01-02,2026-01-04,Completed,2,21,21,1
ORD01167,2025-09-18,P001,PP Strapping Roll,Strapping Solutions,100,2025-09-20,2025-09-21,Completed,1,100,100,1
ORD01168,2025-01-05,P007,Wooden Pallet,Pallet Solutions,27,2025-01-07,2025-01-13,Completed,6,27,27,1
ORD01169,2025-01-29,P005,Stretch Film Roll,Stretch / Film Solutions,13,2025-02-01,2025-02-03,Completed,2,13,13,1
ORD01170,2025-11-17,P008,Plastic Pallet,Pallet Solutions,5,2025-11-23,2025-11-25,Completed,2,5,5,1
ORD01171,2025-04-05,P006,Shrink Film Roll,Stretch / Film Solutions,19,2025-04-11,2025-04-12,Completed,1,19,19,1
ORD01172,2025-04-06,P014,Hand Pallet Truck,Material Handling,8,2025-04-10,2025-04-17,In Production,7,8,5,0.625
ORD01173,2025-08-07,P001,PP Strapping Roll,Strapping Solutions,100,2025-08-11,2025-08-18,Completed,7,100,100,1
ORD01174,2025-09-10,P005,Stretch Film Roll,Stretch / Film Solutions,6,2025-09-14,2025-09-20,Completed,6,6,6,1
ORD01175,2025-06-13,P006,Shrink Film Roll,Stretch / Film Solutions,13,2025-06-19,2025-06-26,Completed,7,13,13,1
ORD01176,2025-09-03,P010,Battery Strapping Machine,Packaging Tools & Equipment,83,2025-09-07,2025-09-11,Pending,4,83,0,0
ORD01177,2025-07-29,P011,5-Ply Corrugated Box,Customized Carton Boxes,11,2025-08-03,2025-08-07,In Production,4,11,5,0.454545455
ORD01178,2025-06-12,P006,Shrink Film Roll,Stretch / Film Solutions,10,2025-06-17,2025-06-24,Completed,7,10,10,1
ORD01179,2025-02-18,P002,PET Strapping Roll,Strapping Solutions,160,2025-02-20,2025-02-24,Completed,4,160,160,1
ORD01180,2025-04-27,P009,Manual Strapping Tool,Packaging Tools & Equipment,11,2025-04-30,2025-05-04,In Production,4,11,6,0.545454545
ORD01181,2025-06-15,P007,Wooden Pallet,Pallet Solutions,27,2025-06-20,2025-06-25,In Production,5,27,13,0.481481481
ORD01182,2025-06-23,P009,Manual Strapping Tool,Packaging Tools & Equipment,11,2025-06-27,2025-07-03,Completed,6,11,11,1
ORD01183,2025-07-09,P001,PP Strapping Roll,Strapping Solutions,100,2025-07-15,2025-07-19,Completed,4,100,100,1
ORD01184,2025-09-01,P011,5-Ply Corrugated Box,Customized Carton Boxes,35,2025-09-05,2025-09-10,Completed,5,35,35,1
ORD01185,2025-09-08,P003,Bubble Wrap Roll,Protective Packaging,42,2025-09-14,2025-09-18,Completed,4,42,42,1
ORD01186,2025-05-17,P002,PET Strapping Roll,Strapping Solutions,90,2025-05-19,2025-05-23,Completed,4,90,90,1
ORD01187,2025-11-21,P005,Stretch Film Roll,Stretch / Film Solutions,7,2025-11-23,2025-11-26,Completed,3,7,7,1
ORD01188,2025-04-13,P003,Bubble Wrap Roll,Protective Packaging,35,2025-04-16,2025-04-21,Completed,5,35,35,1
ORD01189,2025-12-25,P012,7-Ply Corrugated Box,Customized Carton Boxes,4,2025-12-27,2025-12-30,Completed,3,4,4,1
ORD01190,2025-03-17,P011,5-Ply Corrugated Box,Customized Carton Boxes,6,2025-03-22,2025-03-28,Completed,6,6,6,1
ORD01191,2025-11-07,P012,7-Ply Corrugated Box,Customized Carton Boxes,22,2025-11-12,2025-11-15,Completed,3,22,22,1
ORD01192,2025-10-09,P004,EPE Foam Roll,Protective Packaging,30,2025-10-11,2025-10-17,Completed,6,30,30,1
ORD01193,2025-09-19,P001,PP Strapping Roll,Strapping Solutions,100,2025-09-21,2025-09-27,Completed,6,100,100,1
ORD01194,2025-06-23,P009,Manual Strapping Tool,Packaging Tools & Equipment,16,2025-06-25,2025-06-29,Completed,4,16,16,1
ORD01195,2025-02-15,P011,5-Ply Corrugated Box,Customized Carton Boxes,22,2025-02-18,2025-02-22,In Production,4,22,8,0.363636364
ORD01196,2025-12-24,P002,PET Strapping Roll,Strapping Solutions,250,2025-12-27,2025-12-31,Completed,4,250,250,1
ORD01197,2025-07-18,P001,PP Strapping Roll,Strapping Solutions,450,2025-07-23,2025-07-24,Completed,1,450,450,1
ORD01198,2025-04-28,P007,Wooden Pallet,Pallet Solutions,20,2025-05-04,2025-05-08,Completed,4,20,20,1
ORD01199,2025-10-02,P013,Platform Trolley,Material Handling,23,2025-10-04,2025-10-10,Completed,6,23,23,1
ORD01200,2025-06-21,P012,7-Ply Corrugated Box,Customized Carton Boxes,93,2025-06-24,2025-06-27,Completed,3,93,93,1
ORD01201,2025-04-05,P001,PP Strapping Roll,Strapping Solutions,220,2025-04-07,2025-04-08,In Production,1,220,79,0.359090909
ORD01202,2025-04-20,P001,PP Strapping Roll,Strapping Solutions,200,2025-04-26,2025-05-03,Completed,7,200,200,1
ORD01203,2025-06-08,P012,7-Ply Corrugated Box,Customized Carton Boxes,37,2025-06-10,2025-06-12,In Production,2,37,15,0.405405405
ORD01204,2025-09-09,P006,Shrink Film Roll,Stretch / Film Solutions,20,2025-09-14,2025-09-19,Completed,5,20,20,1
ORD01205,2025-01-06,P011,5-Ply Corrugated Box,Customized Carton Boxes,25,2025-01-10,2025-01-11,Completed,1,25,25,1
ORD01206,2025-08-05,P012,7-Ply Corrugated Box,Customized Carton Boxes,4,2025-08-09,2025-08-10,Completed,1,4,4,1
ORD01207,2025-04-15,P007,Wooden Pallet,Pallet Solutions,293,2025-04-17,2025-04-23,Completed,6,293,293,1
ORD01208,2025-09-03,P001,PP Strapping Roll,Strapping Solutions,570,2025-09-05,2025-09-11,Completed,6,570,570,1
ORD01209,2025-10-23,P007,Wooden Pallet,Pallet Solutions,14,2025-10-25,2025-10-31,Completed,6,14,14,1
ORD01210,2025-05-01,P002,PET Strapping Roll,Strapping Solutions,135,2025-05-06,2025-05-13,In Production,7,135,91,0.674074074
ORD01211,2025-01-25,P005,Stretch Film Roll,Stretch / Film Solutions,5,2025-01-29,2025-02-01,In Production,3,5,2,0.4
ORD01212,2025-03-16,P007,Wooden Pallet,Pallet Solutions,19,2025-03-20,2025-03-26,Completed,6,19,19,1
ORD01213,2025-12-12,P005,Stretch Film Roll,Stretch / Film Solutions,57,2025-12-18,2025-12-22,In Production,4,57,38,0.666666667
ORD01214,2025-03-26,P003,Bubble Wrap Roll,Protective Packaging,18,2025-03-28,2025-03-31,Completed,3,18,18,1
ORD01215,2025-02-11,P012,7-Ply Corrugated Box,Customized Carton Boxes,7,2025-02-16,2025-02-17,Completed,1,7,7,1
ORD01216,2025-12-30,P007,Wooden Pallet,Pallet Solutions,56,2026-01-03,2026-01-07,In Production,4,56,20,0.357142857
ORD01217,2025-10-23,P009,Manual Strapping Tool,Packaging Tools & Equipment,55,2025-10-27,2025-11-02,Completed,6,55,55,1
ORD01218,2025-02-25,P002,PET Strapping Roll,Strapping Solutions,50,2025-03-02,2025-03-04,Completed,2,50,50,1
ORD01219,2025-06-01,P002,PET Strapping Roll,Strapping Solutions,180,2025-06-03,2025-06-05,Pending,2,180,0,0
ORD01220,2025-06-03,P004,EPE Foam Roll,Protective Packaging,13,2025-06-07,2025-06-11,Completed,4,13,13,1
ORD01221,2025-06-13,P002,PET Strapping Roll,Strapping Solutions,50,2025-06-17,2025-06-18,Completed,1,50,50,1
ORD01222,2025-06-29,P001,PP Strapping Roll,Strapping Solutions,250,2025-07-04,2025-07-05,Completed,1,250,250,1
ORD01223,2025-11-20,P005,Stretch Film Roll,Stretch / Film Solutions,7,2025-11-22,2025-11-26,Pending,4,7,0,0
ORD01224,2025-04-21,P012,7-Ply Corrugated Box,Customized Carton Boxes,31,2025-04-27,2025-05-01,Completed,4,31,31,1
ORD01225,2025-05-21,P010,Battery Strapping Machine,Packaging Tools & Equipment,19,2025-05-27,2025-05-31,Completed,4,19,19,1
ORD01226,2025-05-29,P014,Hand Pallet Truck,Material Handling,28,2025-06-04,2025-06-07,Pending,3,28,0,0
ORD01227,2025-12-01,P006,Shrink Film Roll,Stretch / Film Solutions,134,2025-12-04,2025-12-11,Completed,7,134,134,1
ORD01228,2025-02-21,P011,5-Ply Corrugated Box,Customized Carton Boxes,24,2025-02-24,2025-02-26,Completed,2,24,24,1
ORD01229,2025-12-22,P011,5-Ply Corrugated Box,Customized Carton Boxes,25,2025-12-26,2026-01-01,Completed,6,25,25,1
ORD01230,2025-05-15,P014,Hand Pallet Truck,Material Handling,19,2025-05-19,2025-05-23,In Production,4,19,13,0.684210526
ORD01231,2025-04-11,P011,5-Ply Corrugated Box,Customized Carton Boxes,5,2025-04-16,2025-04-22,Completed,6,5,5,1
ORD01232,2025-04-29,P003,Bubble Wrap Roll,Protective Packaging,29,2025-05-02,2025-05-04,Completed,2,29,29,1
ORD01233,2025-05-17,P008,Plastic Pallet,Pallet Solutions,41,2025-05-23,2025-05-28,Completed,5,41,41,1
ORD01234,2025-09-02,P004,EPE Foam Roll,Protective Packaging,25,2025-09-07,2025-09-09,Completed,2,25,25,1
ORD01235,2025-09-19,P005,Stretch Film Roll,Stretch / Film Solutions,72,2025-09-22,2025-09-29,Pending,7,72,0,0
ORD01236,2025-04-26,P001,PP Strapping Roll,Strapping Solutions,280,2025-04-30,2025-05-04,In Production,4,280,161,0.575
ORD01237,2025-04-26,P009,Manual Strapping Tool,Packaging Tools & Equipment,17,2025-04-29,2025-05-03,Completed,4,17,17,1
ORD01238,2025-08-10,P002,PET Strapping Roll,Strapping Solutions,255,2025-08-16,2025-08-17,Completed,1,255,255,1
ORD01239,2025-11-29,P004,EPE Foam Roll,Protective Packaging,94,2025-12-03,2025-12-06,Completed,3,94,94,1
ORD01240,2025-12-22,P004,EPE Foam Roll,Protective Packaging,41,2025-12-28,2026-01-03,Completed,6,41,41,1
ORD01241,2025-11-12,P008,Plastic Pallet,Pallet Solutions,64,2025-11-14,2025-11-17,Completed,3,64,64,1
ORD01242,2025-06-28,P007,Wooden Pallet,Pallet Solutions,19,2025-07-02,2025-07-04,Completed,2,19,19,1
ORD01243,2025-12-19,P012,7-Ply Corrugated Box,Customized Carton Boxes,27,2025-12-23,2025-12-25,Completed,2,27,27,1
ORD01244,2025-05-30,P011,5-Ply Corrugated Box,Customized Carton Boxes,65,2025-06-02,2025-06-04,Completed,2,65,65,1
ORD01245,2025-10-18,P011,5-Ply Corrugated Box,Customized Carton Boxes,59,2025-10-23,2025-10-28,Completed,5,59,59,1
ORD01246,2025-04-07,P009,Manual Strapping Tool,Packaging Tools & Equipment,70,2025-04-11,2025-04-15,Completed,4,70,70,1
ORD01247,2025-09-08,P002,PET Strapping Roll,Strapping Solutions,60,2025-09-14,2025-09-15,Completed,1,60,60,1
ORD01248,2025-02-25,P003,Bubble Wrap Roll,Protective Packaging,47,2025-03-03,2025-03-08,In Production,5,47,23,0.489361702
ORD01249,2025-06-22,P008,Plastic Pallet,Pallet Solutions,24,2025-06-28,2025-07-04,Completed,6,24,24,1
ORD01250,2025-03-19,P004,EPE Foam Roll,Protective Packaging,25,2025-03-21,2025-03-26,Completed,5,25,25,1
ORD01251,2025-10-20,P002,PET Strapping Roll,Strapping Solutions,325,2025-10-26,2025-10-29,Completed,3,325,325,1
ORD01252,2025-01-02,P002,PET Strapping Roll,Strapping Solutions,160,2025-01-05,2025-01-11,Completed,6,160,160,1
ORD01253,2025-12-31,P013,Platform Trolley,Material Handling,17,2026-01-05,2026-01-09,Completed,4,17,17,1
ORD01254,2025-08-12,P012,7-Ply Corrugated Box,Customized Carton Boxes,16,2025-08-18,2025-08-21,Completed,3,16,16,1
ORD01255,2025-12-24,P007,Wooden Pallet,Pallet Solutions,99,2025-12-29,2025-12-31,Completed,2,99,99,1
ORD01256,2025-08-29,P002,PET Strapping Roll,Strapping Solutions,70,2025-08-31,2025-09-06,Completed,6,70,70,1
ORD01257,2025-09-09,P002,PET Strapping Roll,Strapping Solutions,570,2025-09-14,2025-09-20,Completed,6,570,570,1
ORD01258,2025-10-27,P003,Bubble Wrap Roll,Protective Packaging,15,2025-11-02,2025-11-07,Pending,5,15,0,0
ORD01259,2025-02-17,P011,5-Ply Corrugated Box,Customized Carton Boxes,8,2025-02-23,2025-03-01,Completed,6,8,8,1
ORD01260,2025-04-06,P006,Shrink Film Roll,Stretch / Film Solutions,44,2025-04-09,2025-04-13,Completed,4,44,44,1
ORD01261,2025-08-05,P001,PP Strapping Roll,Strapping Solutions,540,2025-08-08,2025-08-10,Completed,2,540,540,1
ORD01262,2025-07-08,P009,Manual Strapping Tool,Packaging Tools & Equipment,24,2025-07-11,2025-07-13,Completed,2,24,24,1
ORD01263,2025-01-30,P011,5-Ply Corrugated Box,Customized Carton Boxes,65,2025-02-04,2025-02-06,In Production,2,65,25,0.384615385
ORD01264,2025-05-06,P002,PET Strapping Roll,Strapping Solutions,110,2025-05-11,2025-05-13,Completed,2,110,110,1
ORD01265,2025-09-28,P001,PP Strapping Roll,Strapping Solutions,460,2025-10-03,2025-10-09,Completed,6,460,460,1
ORD01266,2025-07-27,P003,Bubble Wrap Roll,Protective Packaging,9,2025-07-31,2025-08-05,Completed,5,9,9,1
ORD01267,2025-11-06,P011,5-Ply Corrugated Box,Customized Carton Boxes,27,2025-11-11,2025-11-15,Completed,4,27,27,1
ORD01268,2025-08-19,P007,Wooden Pallet,Pallet Solutions,25,2025-08-25,2025-09-01,Completed,7,25,25,1
ORD01269,2025-08-27,P007,Wooden Pallet,Pallet Solutions,9,2025-08-31,2025-09-02,Completed,2,9,9,1
ORD01270,2025-07-17,P012,7-Ply Corrugated Box,Customized Carton Boxes,11,2025-07-22,2025-07-23,Completed,1,11,11,1
ORD01271,2025-04-10,P005,Stretch Film Roll,Stretch / Film Solutions,54,2025-04-14,2025-04-19,Completed,5,54,54,1
ORD01272,2025-07-10,P005,Stretch Film Roll,Stretch / Film Solutions,17,2025-07-12,2025-07-16,Completed,4,17,17,1
ORD01273,2025-03-05,P006,Shrink Film Roll,Stretch / Film Solutions,99,2025-03-10,2025-03-17,Completed,7,99,99,1
ORD01274,2025-06-19,P011,5-Ply Corrugated Box,Customized Carton Boxes,14,2025-06-24,2025-06-30,In Production,6,14,7,0.5
ORD01275,2025-01-23,P004,EPE Foam Roll,Protective Packaging,14,2025-01-27,2025-01-28,Completed,1,14,14,1
ORD01276,2025-01-01,P002,PET Strapping Roll,Strapping Solutions,50,2025-01-03,2025-01-05,In Production,2,50,23,0.46
ORD01277,2025-08-24,P002,PET Strapping Roll,Strapping Solutions,55,2025-08-28,2025-09-02,Completed,5,55,55,1
ORD01278,2025-09-27,P002,PET Strapping Roll,Strapping Solutions,145,2025-09-30,2025-10-06,In Production,6,145,82,0.565517241
ORD01279,2025-06-18,P010,Battery Strapping Machine,Packaging Tools & Equipment,9,2025-06-24,2025-06-27,Completed,3,9,9,1
ORD01280,2025-08-26,P003,Bubble Wrap Roll,Protective Packaging,18,2025-08-29,2025-08-30,Completed,1,18,18,1
ORD01281,2025-11-16,P009,Manual Strapping Tool,Packaging Tools & Equipment,38,2025-11-21,2025-11-27,Completed,6,38,38,1
ORD01282,2025-06-20,P011,5-Ply Corrugated Box,Customized Carton Boxes,12,2025-06-24,2025-06-25,Pending,1,12,0,0
ORD01283,2025-05-05,P001,PP Strapping Roll,Strapping Solutions,100,2025-05-11,2025-05-18,Completed,7,100,100,1
ORD01284,2025-01-05,P012,7-Ply Corrugated Box,Customized Carton Boxes,40,2025-01-08,2025-01-13,In Production,5,40,32,0.8
ORD01285,2025-03-10,P012,7-Ply Corrugated Box,Customized Carton Boxes,8,2025-03-14,2025-03-21,Completed,7,8,8,1
ORD01286,2025-02-12,P002,PET Strapping Roll,Strapping Solutions,50,2025-02-14,2025-02-19,In Production,5,50,27,0.54
ORD01287,2025-02-06,P014,Hand Pallet Truck,Material Handling,38,2025-02-12,2025-02-15,In Production,3,38,32,0.842105263
ORD01288,2025-04-25,P003,Bubble Wrap Roll,Protective Packaging,10,2025-04-29,2025-04-30,Completed,1,10,10,1
ORD01289,2025-08-03,P006,Shrink Film Roll,Stretch / Film Solutions,18,2025-08-06,2025-08-13,Completed,7,18,18,1
ORD01290,2025-02-25,P007,Wooden Pallet,Pallet Solutions,9,2025-03-02,2025-03-04,Completed,2,9,9,1
ORD01291,2025-11-26,P010,Battery Strapping Machine,Packaging Tools & Equipment,67,2025-12-02,2025-12-08,Completed,6,67,67,1
ORD01292,2025-06-26,P005,Stretch Film Roll,Stretch / Film Solutions,23,2025-06-28,2025-06-29,In Production,1,23,15,0.652173913
ORD01293,2025-12-29,P002,PET Strapping Roll,Strapping Solutions,255,2026-01-03,2026-01-09,Completed,6,255,255,1
ORD01294,2025-01-22,P013,Platform Trolley,Material Handling,10,2025-01-25,2025-01-27,Completed,2,10,10,1
ORD01295,2025-07-04,P012,7-Ply Corrugated Box,Customized Carton Boxes,16,2025-07-08,2025-07-15,Completed,7,16,16,1
ORD01296,2025-09-16,P006,Shrink Film Roll,Stretch / Film Solutions,7,2025-09-20,2025-09-25,Completed,5,7,7,1
ORD01297,2025-10-08,P001,PP Strapping Roll,Strapping Solutions,210,2025-10-12,2025-10-17,Completed,5,210,210,1
ORD01298,2025-11-08,P003,Bubble Wrap Roll,Protective Packaging,32,2025-11-14,2025-11-16,Completed,2,32,32,1
ORD01299,2025-07-22,P003,Bubble Wrap Roll,Protective Packaging,15,2025-07-26,2025-07-27,Completed,1,15,15,1
ORD01300,2025-10-07,P006,Shrink Film Roll,Stretch / Film Solutions,44,2025-10-12,2025-10-13,Completed,1,44,44,1
ORD01301,2025-05-28,P006,Shrink Film Roll,Stretch / Film Solutions,11,2025-05-30,2025-06-06,Completed,7,11,11,1
ORD01302,2025-06-18,P007,Wooden Pallet,Pallet Solutions,41,2025-06-21,2025-06-25,Completed,4,41,41,1
ORD01303,2025-03-25,P007,Wooden Pallet,Pallet Solutions,11,2025-03-29,2025-03-30,Completed,1,11,11,1
ORD01304,2025-05-03,P011,5-Ply Corrugated Box,Customized Carton Boxes,45,2025-05-05,2025-05-12,Completed,7,45,45,1
ORD01305,2025-09-04,P012,7-Ply Corrugated Box,Customized Carton Boxes,57,2025-09-10,2025-09-13,Completed,3,57,57,1
ORD01306,2025-11-14,P013,Platform Trolley,Material Handling,21,2025-11-16,2025-11-17,Completed,1,21,21,1
ORD01307,2025-07-19,P009,Manual Strapping Tool,Packaging Tools & Equipment,137,2025-07-24,2025-07-25,Completed,1,137,137,1
ORD01308,2025-09-11,P003,Bubble Wrap Roll,Protective Packaging,8,2025-09-17,2025-09-24,Completed,7,8,8,1
ORD01309,2025-12-07,P009,Manual Strapping Tool,Packaging Tools & Equipment,8,2025-12-11,2025-12-17,Completed,6,8,8,1
ORD01310,2025-09-24,P005,Stretch Film Roll,Stretch / Film Solutions,16,2025-09-30,2025-10-07,Completed,7,16,16,1
ORD01311,2025-11-23,P011,5-Ply Corrugated Box,Customized Carton Boxes,12,2025-11-27,2025-11-29,Completed,2,12,12,1
ORD01312,2025-05-13,P002,PET Strapping Roll,Strapping Solutions,130,2025-05-18,2025-05-20,Pending,2,130,0,0
ORD01313,2025-01-12,P011,5-Ply Corrugated Box,Customized Carton Boxes,23,2025-01-14,2025-01-17,In Production,3,23,18,0.782608696
ORD01314,2025-06-12,P004,EPE Foam Roll,Protective Packaging,8,2025-06-14,2025-06-16,Completed,2,8,8,1
ORD01315,2025-12-31,P003,Bubble Wrap Roll,Protective Packaging,20,2026-01-06,2026-01-11,Completed,5,20,20,1
ORD01316,2025-12-03,P008,Plastic Pallet,Pallet Solutions,56,2025-12-07,2025-12-10,Completed,3,56,56,1
ORD01317,2025-05-16,P001,PP Strapping Roll,Strapping Solutions,100,2025-05-19,2025-05-24,Completed,5,100,100,1
ORD01318,2025-12-29,P012,7-Ply Corrugated Box,Customized Carton Boxes,60,2026-01-01,2026-01-03,Completed,2,60,60,1
ORD01319,2025-01-31,P001,PP Strapping Roll,Strapping Solutions,1300,2025-02-05,2025-02-07,Completed,2,1300,1300,1
ORD01320,2025-05-08,P006,Shrink Film Roll,Stretch / Film Solutions,31,2025-05-14,2025-05-21,Completed,7,31,31,1
ORD01321,2025-05-10,P007,Wooden Pallet,Pallet Solutions,7,2025-05-13,2025-05-18,Completed,5,7,7,1
ORD01322,2025-07-22,P001,PP Strapping Roll,Strapping Solutions,100,2025-07-25,2025-07-27,Completed,2,100,100,1
ORD01323,2025-03-15,P012,7-Ply Corrugated Box,Customized Carton Boxes,23,2025-03-18,2025-03-24,Completed,6,23,23,1
ORD01324,2025-11-22,P011,5-Ply Corrugated Box,Customized Carton Boxes,7,2025-11-25,2025-11-27,Completed,2,7,7,1
ORD01325,2025-05-10,P007,Wooden Pallet,Pallet Solutions,24,2025-05-12,2025-05-16,Completed,4,24,24,1
ORD01326,2025-05-26,P006,Shrink Film Roll,Stretch / Film Solutions,31,2025-05-30,2025-06-01,Completed,2,31,31,1
ORD01327,2025-08-19,P001,PP Strapping Roll,Strapping Solutions,250,2025-08-22,2025-08-28,Completed,6,250,250,1
ORD01328,2025-09-06,P003,Bubble Wrap Roll,Protective Packaging,21,2025-09-11,2025-09-13,Completed,2,21,21,1
ORD01329,2025-05-20,P014,Hand Pallet Truck,Material Handling,61,2025-05-26,2025-06-02,Pending,7,61,0,0
ORD01330,2025-10-12,P006,Shrink Film Roll,Stretch / Film Solutions,9,2025-10-18,2025-10-23,Pending,5,9,0,0
ORD01331,2025-08-03,P003,Bubble Wrap Roll,Protective Packaging,36,2025-08-09,2025-08-12,Completed,3,36,36,1
ORD01332,2025-10-28,P008,Plastic Pallet,Pallet Solutions,44,2025-10-31,2025-11-06,Completed,6,44,44,1
ORD01333,2025-06-22,P011,5-Ply Corrugated Box,Customized Carton Boxes,3,2025-06-26,2025-06-30,Completed,4,3,3,1
ORD01334,2025-07-30,P012,7-Ply Corrugated Box,Customized Carton Boxes,41,2025-08-01,2025-08-03,Completed,2,41,41,1
ORD01335,2025-04-20,P003,Bubble Wrap Roll,Protective Packaging,33,2025-04-23,2025-04-26,In Production,3,33,15,0.454545455
ORD01336,2025-05-02,P001,PP Strapping Roll,Strapping Solutions,100,2025-05-08,2025-05-09,Completed,1,100,100,1
ORD01337,2025-05-22,P008,Plastic Pallet,Pallet Solutions,24,2025-05-28,2025-05-30,Completed,2,24,24,1
ORD01338,2025-04-28,P012,7-Ply Corrugated Box,Customized Carton Boxes,14,2025-05-04,2025-05-07,In Production,3,14,10,0.714285714
ORD01339,2025-01-11,P005,Stretch Film Roll,Stretch / Film Solutions,9,2025-01-15,2025-01-17,Completed,2,9,9,1
ORD01340,2025-08-24,P001,PP Strapping Roll,Strapping Solutions,180,2025-08-26,2025-09-01,Completed,6,180,180,1
ORD01341,2025-08-10,P008,Plastic Pallet,Pallet Solutions,9,2025-08-13,2025-08-19,Completed,6,9,9,1
ORD01342,2025-02-13,P011,5-Ply Corrugated Box,Customized Carton Boxes,25,2025-02-16,2025-02-18,Completed,2,25,25,1
ORD01343,2025-09-29,P001,PP Strapping Roll,Strapping Solutions,240,2025-10-05,2025-10-10,Pending,5,240,0,0
ORD01344,2025-11-09,P011,5-Ply Corrugated Box,Customized Carton Boxes,26,2025-11-14,2025-11-17,In Production,3,26,12,0.461538462
ORD01345,2025-08-27,P004,EPE Foam Roll,Protective Packaging,81,2025-08-29,2025-09-05,Completed,7,81,81,1
ORD01346,2025-09-03,P012,7-Ply Corrugated Box,Customized Carton Boxes,23,2025-09-08,2025-09-14,Completed,6,23,23,1
ORD01347,2025-10-06,P005,Stretch Film Roll,Stretch / Film Solutions,5,2025-10-08,2025-10-10,Completed,2,5,5,1
ORD01348,2025-08-07,P011,5-Ply Corrugated Box,Customized Carton Boxes,9,2025-08-12,2025-08-19,Completed,7,9,9,1
ORD01349,2025-08-05,P012,7-Ply Corrugated Box,Customized Carton Boxes,16,2025-08-11,2025-08-12,Completed,1,16,16,1
ORD01350,2025-12-20,P001,PP Strapping Roll,Strapping Solutions,390,2025-12-22,2025-12-29,Completed,7,390,390,1
ORD01351,2025-08-13,P011,5-Ply Corrugated Box,Customized Carton Boxes,102,2025-08-19,2025-08-25,Completed,6,102,102,1
ORD01352,2025-12-11,P006,Shrink Film Roll,Stretch / Film Solutions,27,2025-12-13,2025-12-20,Completed,7,27,27,1
ORD01353,2025-10-04,P004,EPE Foam Roll,Protective Packaging,74,2025-10-09,2025-10-12,Completed,3,74,74,1
ORD01354,2025-06-10,P004,EPE Foam Roll,Protective Packaging,53,2025-06-15,2025-06-19,Completed,4,53,53,1
ORD01355,2025-11-22,P003,Bubble Wrap Roll,Protective Packaging,16,2025-11-26,2025-11-27,Completed,1,16,16,1
ORD01356,2025-09-19,P009,Manual Strapping Tool,Packaging Tools & Equipment,13,2025-09-22,2025-09-25,In Production,3,13,5,0.384615385
ORD01357,2025-01-28,P003,Bubble Wrap Roll,Protective Packaging,70,2025-02-02,2025-02-04,Completed,2,70,70,1
ORD01358,2025-09-27,P002,PET Strapping Roll,Strapping Solutions,435,2025-09-30,2025-10-02,Completed,2,435,435,1
ORD01359,2025-10-12,P012,7-Ply Corrugated Box,Customized Carton Boxes,18,2025-10-18,2025-10-24,Completed,6,18,18,1
ORD01360,2025-04-10,P003,Bubble Wrap Roll,Protective Packaging,21,2025-04-15,2025-04-21,Completed,6,21,21,1
ORD01361,2025-11-13,P012,7-Ply Corrugated Box,Customized Carton Boxes,18,2025-11-17,2025-11-23,Completed,6,18,18,1
ORD01362,2025-03-08,P001,PP Strapping Roll,Strapping Solutions,120,2025-03-12,2025-03-18,Completed,6,120,120,1
ORD01363,2025-11-20,P010,Battery Strapping Machine,Packaging Tools & Equipment,149,2025-11-25,2025-11-27,In Production,2,149,59,0.395973154
ORD01364,2025-06-24,P001,PP Strapping Roll,Strapping Solutions,520,2025-06-30,2025-07-06,In Production,6,520,394,0.757692308
ORD01365,2025-05-29,P004,EPE Foam Roll,Protective Packaging,41,2025-06-04,2025-06-09,Completed,5,41,41,1
ORD01366,2025-09-14,P005,Stretch Film Roll,Stretch / Film Solutions,35,2025-09-20,2025-09-22,Completed,2,35,35,1
ORD01367,2025-01-20,P011,5-Ply Corrugated Box,Customized Carton Boxes,36,2025-01-24,2025-01-30,In Production,6,36,22,0.611111111
ORD01368,2025-10-28,P003,Bubble Wrap Roll,Protective Packaging,19,2025-11-01,2025-11-07,In Production,6,19,11,0.578947368
ORD01369,2025-03-05,P002,PET Strapping Roll,Strapping Solutions,65,2025-03-11,2025-03-12,Completed,1,65,65,1
ORD01370,2025-01-21,P011,5-Ply Corrugated Box,Customized Carton Boxes,5,2025-01-26,2025-02-02,In Production,7,5,2,0.4
ORD01371,2025-02-18,P011,5-Ply Corrugated Box,Customized Carton Boxes,24,2025-02-23,2025-02-28,Completed,5,24,24,1
ORD01372,2025-10-28,P008,Plastic Pallet,Pallet Solutions,11,2025-10-30,2025-11-02,In Production,3,11,5,0.454545455
ORD01373,2025-08-30,P005,Stretch Film Roll,Stretch / Film Solutions,22,2025-09-04,2025-09-07,In Production,3,22,11,0.5
ORD01374,2025-01-30,P012,7-Ply Corrugated Box,Customized Carton Boxes,8,2025-02-01,2025-02-04,In Production,3,8,5,0.625
ORD01375,2025-04-26,P012,7-Ply Corrugated Box,Customized Carton Boxes,39,2025-04-29,2025-05-03,Completed,4,39,39,1
ORD01376,2025-04-21,P007,Wooden Pallet,Pallet Solutions,25,2025-04-27,2025-05-02,Completed,5,25,25,1
ORD01377,2025-05-31,P003,Bubble Wrap Roll,Protective Packaging,6,2025-06-03,2025-06-08,Completed,5,6,6,1
ORD01378,2025-08-08,P007,Wooden Pallet,Pallet Solutions,48,2025-08-13,2025-08-20,Completed,7,48,48,1
ORD01379,2025-09-24,P013,Platform Trolley,Material Handling,14,2025-09-27,2025-09-30,Completed,3,14,14,1
ORD01380,2025-04-19,P005,Stretch Film Roll,Stretch / Film Solutions,5,2025-04-21,2025-04-23,Completed,2,5,5,1
ORD01381,2025-11-17,P011,5-Ply Corrugated Box,Customized Carton Boxes,43,2025-11-22,2025-11-26,Pending,4,43,0,0
ORD01382,2025-09-28,P007,Wooden Pallet,Pallet Solutions,41,2025-10-03,2025-10-10,Completed,7,41,41,1
ORD01383,2025-11-27,P007,Wooden Pallet,Pallet Solutions,79,2025-12-01,2025-12-06,Completed,5,79,79,1
ORD01384,2025-12-29,P011,5-Ply Corrugated Box,Customized Carton Boxes,67,2025-12-31,2026-01-07,In Production,7,67,34,0.507462687
ORD01385,2025-12-28,P007,Wooden Pallet,Pallet Solutions,3,2026-01-03,2026-01-08,Completed,5,3,3,1
ORD01386,2025-12-13,P002,PET Strapping Roll,Strapping Solutions,270,2025-12-18,2025-12-19,In Production,1,270,206,0.762962963
ORD01387,2025-02-22,P011,5-Ply Corrugated Box,Customized Carton Boxes,51,2025-02-26,2025-02-27,In Production,1,51,40,0.784313725
ORD01388,2025-03-14,P009,Manual Strapping Tool,Packaging Tools & Equipment,4,2025-03-19,2025-03-23,Completed,4,4,4,1
ORD01389,2025-11-24,P014,Hand Pallet Truck,Material Handling,132,2025-11-26,2025-11-30,Completed,4,132,132,1
ORD01390,2025-06-16,P004,EPE Foam Roll,Protective Packaging,55,2025-06-22,2025-06-25,Completed,3,55,55,1
ORD01391,2025-03-14,P013,Platform Trolley,Material Handling,55,2025-03-20,2025-03-25,Completed,5,55,55,1
ORD01392,2025-07-15,P010,Battery Strapping Machine,Packaging Tools & Equipment,11,2025-07-21,2025-07-25,In Production,4,11,7,0.636363636
ORD01393,2025-12-11,P001,PP Strapping Roll,Strapping Solutions,1060,2025-12-14,2025-12-21,Completed,7,1060,1060,1
ORD01394,2025-10-05,P008,Plastic Pallet,Pallet Solutions,21,2025-10-08,2025-10-10,Completed,2,21,21,1
ORD01395,2025-01-01,P011,5-Ply Corrugated Box,Customized Carton Boxes,3,2025-01-03,2025-01-09,In Production,6,3,1,0.333333333
ORD01396,2025-04-14,P011,5-Ply Corrugated Box,Customized Carton Boxes,15,2025-04-16,2025-04-17,Pending,1,15,0,0
ORD01397,2025-05-23,P011,5-Ply Corrugated Box,Customized Carton Boxes,7,2025-05-25,2025-05-28,Completed,3,7,7,1
ORD01398,2025-04-11,P012,7-Ply Corrugated Box,Customized Carton Boxes,7,2025-04-17,2025-04-21,Completed,4,7,7,1
ORD01399,2025-05-25,P001,PP Strapping Roll,Strapping Solutions,170,2025-05-30,2025-06-01,Completed,2,170,170,1
ORD01400,2025-02-17,P005,Stretch Film Roll,Stretch / Film Solutions,9,2025-02-22,2025-02-28,Pending,6,9,0,0
ORD01401,2025-07-23,P012,7-Ply Corrugated Box,Customized Carton Boxes,33,2025-07-29,2025-08-04,Completed,6,33,33,1
ORD01402,2025-03-29,P001,PP Strapping Roll,Strapping Solutions,200,2025-04-01,2025-04-04,In Production,3,200,98,0.49
ORD01403,2025-11-05,P012,7-Ply Corrugated Box,Customized Carton Boxes,30,2025-11-08,2025-11-09,Completed,1,30,30,1
ORD01404,2025-06-26,P005,Stretch Film Roll,Stretch / Film Solutions,32,2025-07-01,2025-07-02,In Production,1,32,24,0.75
ORD01405,2025-03-28,P007,Wooden Pallet,Pallet Solutions,8,2025-04-03,2025-04-06,Completed,3,8,8,1
ORD01406,2025-01-28,P008,Plastic Pallet,Pallet Solutions,45,2025-01-31,2025-02-04,Completed,4,45,45,1
ORD01407,2025-09-20,P006,Shrink Film Roll,Stretch / Film Solutions,24,2025-09-23,2025-09-25,Completed,2,24,24,1
ORD01408,2025-05-14,P013,Platform Trolley,Material Handling,10,2025-05-20,2025-05-24,Completed,4,10,10,1
ORD01409,2025-10-04,P011,5-Ply Corrugated Box,Customized Carton Boxes,20,2025-10-07,2025-10-08,Pending,1,20,0,0
ORD01410,2025-01-12,P001,PP Strapping Roll,Strapping Solutions,160,2025-01-17,2025-01-24,Completed,7,160,160,1
ORD01411,2025-05-01,P004,EPE Foam Roll,Protective Packaging,7,2025-05-06,2025-05-11,Completed,5,7,7,1
ORD01412,2025-06-28,P003,Bubble Wrap Roll,Protective Packaging,19,2025-07-02,2025-07-08,Completed,6,19,19,1
ORD01413,2025-12-18,P005,Stretch Film Roll,Stretch / Film Solutions,13,2025-12-22,2025-12-26,Completed,4,13,13,1
ORD01414,2025-08-22,P001,PP Strapping Roll,Strapping Solutions,110,2025-08-28,2025-08-29,Completed,1,110,110,1
ORD01415,2025-03-23,P013,Platform Trolley,Material Handling,14,2025-03-26,2025-03-27,Completed,1,14,14,1
ORD01416,2025-12-21,P009,Manual Strapping Tool,Packaging Tools & Equipment,13,2025-12-25,2025-12-30,Completed,5,13,13,1
ORD01417,2025-05-26,P005,Stretch Film Roll,Stretch / Film Solutions,25,2025-05-30,2025-06-03,In Production,4,25,18,0.72
ORD01418,2025-10-06,P003,Bubble Wrap Roll,Protective Packaging,50,2025-10-11,2025-10-15,Completed,4,50,50,1
ORD01419,2025-11-11,P011,5-Ply Corrugated Box,Customized Carton Boxes,26,2025-11-13,2025-11-19,Completed,6,26,26,1
ORD01420,2025-03-20,P012,7-Ply Corrugated Box,Customized Carton Boxes,33,2025-03-23,2025-03-26,Pending,3,33,0,0
ORD01421,2025-01-01,P009,Manual Strapping Tool,Packaging Tools & Equipment,18,2025-01-06,2025-01-12,Completed,6,18,18,1
ORD01422,2025-11-14,P002,PET Strapping Roll,Strapping Solutions,50,2025-11-18,2025-11-24,Completed,6,50,50,1
ORD01423,2025-09-26,P005,Stretch Film Roll,Stretch / Film Solutions,16,2025-10-01,2025-10-05,Completed,4,16,16,1
ORD01424,2025-09-30,P002,PET Strapping Roll,Strapping Solutions,555,2025-10-06,2025-10-13,Completed,7,555,555,1
ORD01425,2025-12-17,P010,Battery Strapping Machine,Packaging Tools & Equipment,18,2025-12-21,2025-12-23,In Production,2,18,13,0.722222222
ORD01426,2025-07-26,P013,Platform Trolley,Material Handling,13,2025-08-01,2025-08-03,In Production,2,13,10,0.769230769
ORD01427,2025-07-20,P012,7-Ply Corrugated Box,Customized Carton Boxes,28,2025-07-24,2025-07-27,Pending,3,28,0,0
ORD01428,2025-05-28,P003,Bubble Wrap Roll,Protective Packaging,25,2025-06-01,2025-06-03,Completed,2,25,25,1
ORD01429,2025-11-03,P004,EPE Foam Roll,Protective Packaging,32,2025-11-08,2025-11-10,Completed,2,32,32,1
ORD01430,2025-07-21,P005,Stretch Film Roll,Stretch / Film Solutions,19,2025-07-25,2025-07-26,Completed,1,19,19,1
ORD01431,2025-11-14,P002,PET Strapping Roll,Strapping Solutions,65,2025-11-17,2025-11-24,Pending,7,65,0,0
ORD01432,2025-01-09,P007,Wooden Pallet,Pallet Solutions,13,2025-01-15,2025-01-18,Completed,3,13,13,1
ORD01433,2025-11-12,P008,Plastic Pallet,Pallet Solutions,8,2025-11-18,2025-11-19,Completed,1,8,8,1
ORD01434,2025-09-21,P012,7-Ply Corrugated Box,Customized Carton Boxes,74,2025-09-27,2025-10-02,Completed,5,74,74,1
ORD01435,2025-10-26,P005,Stretch Film Roll,Stretch / Film Solutions,10,2025-11-01,2025-11-05,Completed,4,10,10,1
ORD01436,2025-12-09,P003,Bubble Wrap Roll,Protective Packaging,10,2025-12-13,2025-12-18,Completed,5,10,10,1
ORD01437,2025-03-02,P001,PP Strapping Roll,Strapping Solutions,120,2025-03-04,2025-03-11,In Production,7,120,50,0.416666667
ORD01438,2025-10-28,P002,PET Strapping Roll,Strapping Solutions,145,2025-10-31,2025-11-01,In Production,1,145,84,0.579310345
ORD01439,2025-06-15,P014,Hand Pallet Truck,Material Handling,4,2025-06-19,2025-06-23,Completed,4,4,4,1
ORD01440,2025-09-24,P006,Shrink Film Roll,Stretch / Film Solutions,11,2025-09-30,2025-10-05,Pending,5,11,0,0
ORD01441,2025-08-14,P006,Shrink Film Roll,Stretch / Film Solutions,120,2025-08-18,2025-08-24,Completed,6,120,120,1
ORD01442,2025-04-22,P014,Hand Pallet Truck,Material Handling,26,2025-04-25,2025-05-01,Completed,6,26,26,1
ORD01443,2025-11-17,P013,Platform Trolley,Material Handling,26,2025-11-21,2025-11-26,Completed,5,26,26,1
ORD01444,2025-04-15,P004,EPE Foam Roll,Protective Packaging,33,2025-04-21,2025-04-25,Completed,4,33,33,1
ORD01445,2025-04-03,P002,PET Strapping Roll,Strapping Solutions,515,2025-04-07,2025-04-11,Pending,4,515,0,0
ORD01446,2025-10-20,P012,7-Ply Corrugated Box,Customized Carton Boxes,4,2025-10-22,2025-10-25,Completed,3,4,4,1
ORD01447,2025-04-04,P013,Platform Trolley,Material Handling,30,2025-04-09,2025-04-10,Completed,1,30,30,1
ORD01448,2025-06-16,P001,PP Strapping Roll,Strapping Solutions,250,2025-06-19,2025-06-21,In Production,2,250,198,0.792
ORD01449,2025-06-17,P009,Manual Strapping Tool,Packaging Tools & Equipment,6,2025-06-23,2025-06-24,Completed,1,6,6,1
ORD01450,2025-04-15,P006,Shrink Film Roll,Stretch / Film Solutions,46,2025-04-19,2025-04-24,Completed,5,46,46,1
ORD01451,2025-05-29,P005,Stretch Film Roll,Stretch / Film Solutions,37,2025-06-01,2025-06-02,Completed,1,37,37,1
ORD01452,2025-08-17,P012,7-Ply Corrugated Box,Customized Carton Boxes,26,2025-08-23,2025-08-30,Completed,7,26,26,1
ORD01453,2025-08-28,P003,Bubble Wrap Roll,Protective Packaging,17,2025-09-03,2025-09-07,In Production,4,17,13,0.764705882
ORD01454,2025-03-18,P009,Manual Strapping Tool,Packaging Tools & Equipment,18,2025-03-20,2025-03-27,Completed,7,18,18,1
ORD01455,2025-05-16,P002,PET Strapping Roll,Strapping Solutions,50,2025-05-22,2025-05-26,Completed,4,50,50,1
ORD01456,2025-12-27,P008,Plastic Pallet,Pallet Solutions,10,2025-12-31,2026-01-06,Completed,6,10,10,1
ORD01457,2025-06-04,P008,Plastic Pallet,Pallet Solutions,38,2025-06-07,2025-06-11,Completed,4,38,38,1
ORD01458,2025-10-20,P012,7-Ply Corrugated Box,Customized Carton Boxes,21,2025-10-22,2025-10-23,In Production,1,21,9,0.428571429
ORD01459,2025-09-02,P004,EPE Foam Roll,Protective Packaging,31,2025-09-06,2025-09-12,In Production,6,31,21,0.677419355
ORD01460,2025-09-13,P007,Wooden Pallet,Pallet Solutions,9,2025-09-15,2025-09-20,Completed,5,9,9,1
ORD01461,2025-08-24,P005,Stretch Film Roll,Stretch / Film Solutions,35,2025-08-29,2025-09-02,Completed,4,35,35,1
ORD01462,2025-11-13,P011,5-Ply Corrugated Box,Customized Carton Boxes,83,2025-11-15,2025-11-19,In Production,4,83,55,0.662650602
ORD01463,2025-05-31,P011,5-Ply Corrugated Box,Customized Carton Boxes,12,2025-06-06,2025-06-08,Completed,2,12,12,1
ORD01464,2025-04-01,P001,PP Strapping Roll,Strapping Solutions,230,2025-04-03,2025-04-04,Completed,1,230,230,1
ORD01465,2025-12-07,P012,7-Ply Corrugated Box,Customized Carton Boxes,14,2025-12-11,2025-12-13,Completed,2,14,14,1
ORD01466,2025-07-14,P004,EPE Foam Roll,Protective Packaging,12,2025-07-16,2025-07-23,Completed,7,12,12,1
ORD01467,2025-04-28,P011,5-Ply Corrugated Box,Customized Carton Boxes,83,2025-05-03,2025-05-04,In Production,1,83,70,0.843373494
ORD01468,2025-04-19,P012,7-Ply Corrugated Box,Customized Carton Boxes,5,2025-04-21,2025-04-24,In Production,3,5,4,0.8
ORD01469,2025-09-11,P001,PP Strapping Roll,Strapping Solutions,100,2025-09-15,2025-09-16,Completed,1,100,100,1
ORD01470,2025-04-27,P001,PP Strapping Roll,Strapping Solutions,100,2025-04-30,2025-05-02,In Production,2,100,73,0.73
ORD01471,2025-11-25,P004,EPE Foam Roll,Protective Packaging,52,2025-11-27,2025-11-29,Completed,2,52,52,1
ORD01472,2025-08-20,P004,EPE Foam Roll,Protective Packaging,22,2025-08-24,2025-08-28,Completed,4,22,22,1
ORD01473,2025-05-09,P007,Wooden Pallet,Pallet Solutions,8,2025-05-14,2025-05-21,Completed,7,8,8,1
ORD01474,2025-09-21,P012,7-Ply Corrugated Box,Customized Carton Boxes,49,2025-09-23,2025-09-24,Completed,1,49,49,1
ORD01475,2025-02-16,P012,7-Ply Corrugated Box,Customized Carton Boxes,34,2025-02-21,2025-02-23,Completed,2,34,34,1
ORD01476,2025-02-25,P008,Plastic Pallet,Pallet Solutions,11,2025-03-01,2025-03-07,Completed,6,11,11,1
ORD01477,2025-06-20,P001,PP Strapping Roll,Strapping Solutions,250,2025-06-22,2025-06-23,Pending,1,250,0,0
ORD01478,2025-04-11,P003,Bubble Wrap Roll,Protective Packaging,5,2025-04-13,2025-04-14,Completed,1,5,5,1
ORD01479,2025-11-02,P002,PET Strapping Roll,Strapping Solutions,50,2025-11-06,2025-11-10,Completed,4,50,50,1
ORD01480,2025-08-12,P008,Plastic Pallet,Pallet Solutions,13,2025-08-17,2025-08-21,Completed,4,13,13,1
ORD01481,2025-05-17,P001,PP Strapping Roll,Strapping Solutions,100,2025-05-22,2025-05-26,Completed,4,100,100,1
ORD01482,2025-08-17,P014,Hand Pallet Truck,Material Handling,36,2025-08-23,2025-08-27,Completed,4,36,36,1
ORD01483,2025-10-16,P001,PP Strapping Roll,Strapping Solutions,570,2025-10-20,2025-10-25,Pending,5,570,0,0
ORD01484,2025-11-08,P012,7-Ply Corrugated Box,Customized Carton Boxes,24,2025-11-14,2025-11-15,Completed,1,24,24,1
ORD01485,2025-11-28,P003,Bubble Wrap Roll,Protective Packaging,8,2025-11-30,2025-12-02,Completed,2,8,8,1
ORD01486,2025-07-30,P007,Wooden Pallet,Pallet Solutions,23,2025-08-04,2025-08-05,Pending,1,23,0,0
ORD01487,2025-06-15,P005,Stretch Film Roll,Stretch / Film Solutions,16,2025-06-20,2025-06-22,Completed,2,16,16,1
ORD01488,2025-12-31,P013,Platform Trolley,Material Handling,48,2026-01-04,2026-01-06,Completed,2,48,48,1
ORD01489,2025-02-15,P002,PET Strapping Roll,Strapping Solutions,50,2025-02-20,2025-02-21,Completed,1,50,50,1
ORD01490,2025-07-09,P005,Stretch Film Roll,Stretch / Film Solutions,27,2025-07-15,2025-07-20,Pending,5,27,0,0
ORD01491,2025-01-12,P002,PET Strapping Roll,Strapping Solutions,200,2025-01-18,2025-01-23,Completed,5,200,200,1
ORD01492,2025-10-01,P001,PP Strapping Roll,Strapping Solutions,100,2025-10-04,2025-10-06,In Production,2,100,80,0.8
ORD01493,2025-07-11,P003,Bubble Wrap Roll,Protective Packaging,10,2025-07-16,2025-07-17,Completed,1,10,10,1
ORD01494,2025-04-03,P009,Manual Strapping Tool,Packaging Tools & Equipment,25,2025-04-06,2025-04-10,Completed,4,25,25,1
ORD01495,2025-10-30,P012,7-Ply Corrugated Box,Customized Carton Boxes,50,2025-11-03,2025-11-10,Completed,7,50,50,1
ORD01496,2025-12-07,P012,7-Ply Corrugated Box,Customized Carton Boxes,21,2025-12-09,2025-12-12,Completed,3,21,21,1
ORD01497,2025-02-27,P011,5-Ply Corrugated Box,Customized Carton Boxes,135,2025-03-03,2025-03-07,Completed,4,135,135,1
ORD01498,2025-07-13,P013,Platform Trolley,Material Handling,36,2025-07-17,2025-07-18,In Production,1,36,29,0.805555556
ORD01499,2025-12-26,P001,PP Strapping Roll,Strapping Solutions,350,2025-12-30,2026-01-06,Completed,7,350,350,1
ORD01500,2025-09-19,P009,Manual Strapping Tool,Packaging Tools & Equipment,14,2025-09-23,2025-09-25,Completed,2,14,14,1
ORD01501,2025-07-28,P012,7-Ply Corrugated Box,Customized Carton Boxes,22,2025-08-01,2025-08-06,Pending,5,22,0,0
ORD01502,2025-11-11,P011,5-Ply Corrugated Box,Customized Carton Boxes,46,2025-11-13,2025-11-17,Completed,4,46,46,1
ORD01503,2025-11-16,P008,Plastic Pallet,Pallet Solutions,147,2025-11-18,2025-11-19,In Production,1,147,104,0.707482993
ORD01504,2025-11-24,P007,Wooden Pallet,Pallet Solutions,44,2025-11-27,2025-12-04,Completed,7,44,44,1
ORD01505,2025-05-11,P011,5-Ply Corrugated Box,Customized Carton Boxes,14,2025-05-15,2025-05-20,Completed,5,14,14,1
ORD01506,2025-05-15,P003,Bubble Wrap Roll,Protective Packaging,13,2025-05-17,2025-05-22,Completed,5,13,13,1
ORD01507,2025-07-25,P006,Shrink Film Roll,Stretch / Film Solutions,12,2025-07-27,2025-07-31,Completed,4,12,12,1
ORD01508,2025-10-05,P011,5-Ply Corrugated Box,Customized Carton Boxes,32,2025-10-07,2025-10-14,Completed,7,32,32,1
ORD01509,2025-04-26,P003,Bubble Wrap Roll,Protective Packaging,14,2025-04-30,2025-05-05,In Production,5,14,11,0.785714286
ORD01510,2025-10-25,P014,Hand Pallet Truck,Material Handling,27,2025-10-30,2025-11-05,In Production,6,27,16,0.592592593
ORD01511,2025-05-14,P006,Shrink Film Roll,Stretch / Film Solutions,8,2025-05-18,2025-05-25,Completed,7,8,8,1
ORD01512,2025-01-23,P005,Stretch Film Roll,Stretch / Film Solutions,28,2025-01-27,2025-01-28,Completed,1,28,28,1
ORD01513,2025-08-04,P001,PP Strapping Roll,Strapping Solutions,190,2025-08-08,2025-08-10,Completed,2,190,190,1
ORD01514,2025-01-13,P012,7-Ply Corrugated Box,Customized Carton Boxes,24,2025-01-19,2025-01-25,Completed,6,24,24,1
ORD01515,2025-12-16,P006,Shrink Film Roll,Stretch / Film Solutions,14,2025-12-20,2025-12-27,Completed,7,14,14,1
ORD01516,2025-06-09,P001,PP Strapping Roll,Strapping Solutions,100,2025-06-13,2025-06-17,Completed,4,100,100,1
ORD01517,2025-04-09,P011,5-Ply Corrugated Box,Customized Carton Boxes,2,2025-04-15,2025-04-22,Completed,7,2,2,1
ORD01518,2025-08-03,P005,Stretch Film Roll,Stretch / Film Solutions,16,2025-08-07,2025-08-13,Completed,6,16,16,1
ORD01519,2025-03-24,P005,Stretch Film Roll,Stretch / Film Solutions,7,2025-03-27,2025-03-28,Pending,1,7,0,0
ORD01520,2025-03-10,P010,Battery Strapping Machine,Packaging Tools & Equipment,29,2025-03-14,2025-03-19,Completed,5,29,29,1
ORD01521,2025-10-01,P005,Stretch Film Roll,Stretch / Film Solutions,55,2025-10-07,2025-10-13,Completed,6,55,55,1
ORD01522,2025-10-14,P012,7-Ply Corrugated Box,Customized Carton Boxes,2,2025-10-17,2025-10-19,In Production,2,2,2,1
ORD01523,2025-03-11,P003,Bubble Wrap Roll,Protective Packaging,7,2025-03-16,2025-03-23,Completed,7,7,7,1
ORD01524,2025-05-09,P002,PET Strapping Roll,Strapping Solutions,70,2025-05-12,2025-05-18,Completed,6,70,70,1
ORD01525,2025-06-29,P012,7-Ply Corrugated Box,Customized Carton Boxes,13,2025-07-02,2025-07-05,Completed,3,13,13,1
ORD01526,2025-05-18,P013,Platform Trolley,Material Handling,9,2025-05-20,2025-05-21,Completed,1,9,9,1
ORD01527,2025-02-27,P001,PP Strapping Roll,Strapping Solutions,100,2025-03-02,2025-03-04,Completed,2,100,100,1
ORD01528,2025-08-19,P004,EPE Foam Roll,Protective Packaging,79,2025-08-24,2025-08-31,Completed,7,79,79,1
ORD01529,2025-04-09,P006,Shrink Film Roll,Stretch / Film Solutions,32,2025-04-15,2025-04-20,In Production,5,32,21,0.65625
ORD01530,2025-07-18,P013,Platform Trolley,Material Handling,39,2025-07-21,2025-07-28,Completed,7,39,39,1
ORD01531,2025-09-15,P003,Bubble Wrap Roll,Protective Packaging,10,2025-09-18,2025-09-21,Completed,3,10,10,1
ORD01532,2025-07-22,P011,5-Ply Corrugated Box,Customized Carton Boxes,4,2025-07-27,2025-07-31,Completed,4,4,4,1
ORD01533,2025-07-04,P011,5-Ply Corrugated Box,Customized Carton Boxes,21,2025-07-08,2025-07-11,Completed,3,21,21,1
ORD01534,2025-04-22,P007,Wooden Pallet,Pallet Solutions,8,2025-04-27,2025-05-03,Completed,6,8,8,1
ORD01535,2025-12-05,P007,Wooden Pallet,Pallet Solutions,18,2025-12-09,2025-12-16,Completed,7,18,18,1
ORD01536,2025-11-03,P011,5-Ply Corrugated Box,Customized Carton Boxes,4,2025-11-05,2025-11-08,Completed,3,4,4,1
ORD01537,2025-07-12,P011,5-Ply Corrugated Box,Customized Carton Boxes,8,2025-07-15,2025-07-16,Pending,1,8,0,0
ORD01538,2025-04-26,P011,5-Ply Corrugated Box,Customized Carton Boxes,4,2025-05-02,2025-05-06,Completed,4,4,4,1
ORD01539,2025-03-22,P006,Shrink Film Roll,Stretch / Film Solutions,14,2025-03-28,2025-03-30,In Production,2,14,9,0.642857143
ORD01540,2025-01-08,P009,Manual Strapping Tool,Packaging Tools & Equipment,4,2025-01-11,2025-01-13,Completed,2,4,4,1
ORD01541,2025-11-02,P004,EPE Foam Roll,Protective Packaging,5,2025-11-08,2025-11-15,Completed,7,5,5,1
ORD01542,2025-02-01,P005,Stretch Film Roll,Stretch / Film Solutions,40,2025-02-04,2025-02-09,Completed,5,40,40,1
ORD01543,2025-08-04,P003,Bubble Wrap Roll,Protective Packaging,38,2025-08-10,2025-08-16,Completed,6,38,38,1
ORD01544,2025-08-23,P011,5-Ply Corrugated Box,Customized Carton Boxes,12,2025-08-28,2025-08-30,Completed,2,12,12,1
ORD01545,2025-01-11,P006,Shrink Film Roll,Stretch / Film Solutions,83,2025-01-13,2025-01-17,Completed,4,83,83,1
ORD01546,2025-12-29,P004,EPE Foam Roll,Protective Packaging,9,2025-12-31,2026-01-06,Completed,6,9,9,1
ORD01547,2025-01-22,P003,Bubble Wrap Roll,Protective Packaging,16,2025-01-28,2025-02-02,Completed,5,16,16,1
ORD01548,2025-07-13,P003,Bubble Wrap Roll,Protective Packaging,6,2025-07-19,2025-07-25,Completed,6,6,6,1
ORD01549,2025-08-10,P007,Wooden Pallet,Pallet Solutions,22,2025-08-16,2025-08-21,Pending,5,22,0,0
ORD01550,2025-04-03,P007,Wooden Pallet,Pallet Solutions,4,2025-04-07,2025-04-11,Completed,4,4,4,1
ORD01551,2025-12-26,P006,Shrink Film Roll,Stretch / Film Solutions,67,2025-12-30,2026-01-03,In Production,4,67,42,0.626865672
ORD01552,2025-07-08,P002,PET Strapping Roll,Strapping Solutions,255,2025-07-11,2025-07-12,Completed,1,255,255,1
ORD01553,2025-03-12,P012,7-Ply Corrugated Box,Customized Carton Boxes,27,2025-03-17,2025-03-20,Completed,3,27,27,1
ORD01554,2025-11-08,P010,Battery Strapping Machine,Packaging Tools & Equipment,22,2025-11-14,2025-11-18,Completed,4,22,22,1
ORD01555,2025-08-19,P002,PET Strapping Roll,Strapping Solutions,50,2025-08-21,2025-08-28,Completed,7,50,50,1
ORD01556,2025-08-11,P002,PET Strapping Roll,Strapping Solutions,50,2025-08-17,2025-08-19,In Production,2,50,27,0.54
ORD01557,2025-01-26,P007,Wooden Pallet,Pallet Solutions,21,2025-01-28,2025-02-03,In Production,6,21,16,0.761904762
ORD01558,2025-05-23,P006,Shrink Film Roll,Stretch / Film Solutions,27,2025-05-28,2025-05-30,Completed,2,27,27,1
ORD01559,2025-11-30,P009,Manual Strapping Tool,Packaging Tools & Equipment,22,2025-12-06,2025-12-08,Completed,2,22,22,1
ORD01560,2025-01-04,P004,EPE Foam Roll,Protective Packaging,8,2025-01-09,2025-01-10,Completed,1,8,8,1
ORD01561,2025-04-02,P011,5-Ply Corrugated Box,Customized Carton Boxes,9,2025-04-07,2025-04-14,Completed,7,9,9,1
ORD01562,2025-10-19,P003,Bubble Wrap Roll,Protective Packaging,30,2025-10-22,2025-10-24,In Production,2,30,23,0.766666667
ORD01563,2025-12-25,P005,Stretch Film Roll,Stretch / Film Solutions,11,2025-12-27,2026-01-01,Completed,5,11,11,1
ORD01564,2025-08-28,P007,Wooden Pallet,Pallet Solutions,33,2025-09-02,2025-09-07,In Production,5,33,23,0.696969697
ORD01565,2025-07-31,P005,Stretch Film Roll,Stretch / Film Solutions,66,2025-08-02,2025-08-07,Completed,5,66,66,1
ORD01566,2025-01-19,P006,Shrink Film Roll,Stretch / Film Solutions,10,2025-01-23,2025-01-26,Completed,3,10,10,1
ORD01567,2025-04-20,P001,PP Strapping Roll,Strapping Solutions,250,2025-04-24,2025-04-28,In Production,4,250,211,0.844
ORD01568,2025-05-20,P012,7-Ply Corrugated Box,Customized Carton Boxes,5,2025-05-26,2025-05-30,Completed,4,5,5,1
ORD01569,2025-04-10,P011,5-Ply Corrugated Box,Customized Carton Boxes,97,2025-04-16,2025-04-19,Completed,3,97,97,1
ORD01570,2025-06-19,P001,PP Strapping Roll,Strapping Solutions,670,2025-06-23,2025-06-24,Completed,1,670,670,1
ORD01571,2025-07-23,P012,7-Ply Corrugated Box,Customized Carton Boxes,43,2025-07-26,2025-07-28,Completed,2,43,43,1
ORD01572,2025-11-19,P011,5-Ply Corrugated Box,Customized Carton Boxes,49,2025-11-23,2025-11-29,Completed,6,49,49,1
ORD01573,2025-02-18,P002,PET Strapping Roll,Strapping Solutions,85,2025-02-24,2025-03-02,Completed,6,85,85,1
ORD01574,2025-11-21,P008,Plastic Pallet,Pallet Solutions,6,2025-11-23,2025-11-27,Completed,4,6,6,1
ORD01575,2025-12-08,P011,5-Ply Corrugated Box,Customized Carton Boxes,6,2025-12-11,2025-12-13,In Production,2,6,4,0.666666667
ORD01576,2025-01-26,P012,7-Ply Corrugated Box,Customized Carton Boxes,18,2025-01-28,2025-01-31,Completed,3,18,18,1
ORD01577,2025-12-18,P004,EPE Foam Roll,Protective Packaging,39,2025-12-24,2025-12-27,Completed,3,39,39,1
ORD01578,2025-04-08,P007,Wooden Pallet,Pallet Solutions,12,2025-04-11,2025-04-15,Completed,4,12,12,1
ORD01579,2025-01-25,P004,EPE Foam Roll,Protective Packaging,30,2025-01-27,2025-01-31,Completed,4,30,30,1
ORD01580,2025-04-20,P005,Stretch Film Roll,Stretch / Film Solutions,123,2025-04-25,2025-04-26,Completed,1,123,123,1
ORD01581,2025-04-24,P007,Wooden Pallet,Pallet Solutions,14,2025-04-28,2025-05-03,Completed,5,14,14,1
ORD01582,2025-07-05,P004,EPE Foam Roll,Protective Packaging,16,2025-07-10,2025-07-11,Completed,1,16,16,1
ORD01583,2025-02-07,P002,PET Strapping Roll,Strapping Solutions,115,2025-02-13,2025-02-17,Completed,4,115,115,1
ORD01584,2025-04-22,P005,Stretch Film Roll,Stretch / Film Solutions,40,2025-04-25,2025-04-30,Pending,5,40,0,0
ORD01585,2025-08-23,P003,Bubble Wrap Roll,Protective Packaging,31,2025-08-28,2025-09-04,Completed,7,31,31,1
ORD01586,2025-07-14,P012,7-Ply Corrugated Box,Customized Carton Boxes,63,2025-07-18,2025-07-21,Completed,3,63,63,1
ORD01587,2025-10-21,P011,5-Ply Corrugated Box,Customized Carton Boxes,6,2025-10-24,2025-10-26,Completed,2,6,6,1
ORD01588,2025-08-04,P004,EPE Foam Roll,Protective Packaging,9,2025-08-06,2025-08-09,Pending,3,9,0,0
ORD01589,2025-03-19,P012,7-Ply Corrugated Box,Customized Carton Boxes,10,2025-03-21,2025-03-22,In Production,1,10,7,0.7
ORD01590,2025-06-21,P002,PET Strapping Roll,Strapping Solutions,310,2025-06-27,2025-07-02,Completed,5,310,310,1
ORD01591,2025-01-24,P011,5-Ply Corrugated Box,Customized Carton Boxes,46,2025-01-27,2025-02-03,In Production,7,46,38,0.826086957
ORD01592,2025-02-09,P003,Bubble Wrap Roll,Protective Packaging,36,2025-02-13,2025-02-17,Completed,4,36,36,1
ORD01593,2025-10-09,P005,Stretch Film Roll,Stretch / Film Solutions,183,2025-10-11,2025-10-13,Completed,2,183,183,1
ORD01594,2025-03-05,P013,Platform Trolley,Material Handling,76,2025-03-11,2025-03-16,Completed,5,76,76,1
ORD01595,2025-10-02,P005,Stretch Film Roll,Stretch / Film Solutions,7,2025-10-06,2025-10-09,In Production,3,7,4,0.571428571
ORD01596,2025-02-18,P004,EPE Foam Roll,Protective Packaging,26,2025-02-23,2025-02-28,Completed,5,26,26,1
ORD01597,2025-04-21,P002,PET Strapping Roll,Strapping Solutions,50,2025-04-23,2025-04-28,Completed,5,50,50,1
ORD01598,2025-06-19,P005,Stretch Film Roll,Stretch / Film Solutions,91,2025-06-23,2025-06-30,Completed,7,91,91,1
ORD01599,2025-11-11,P011,5-Ply Corrugated Box,Customized Carton Boxes,15,2025-11-15,2025-11-20,Completed,5,15,15,1
ORD01600,2025-03-09,P006,Shrink Film Roll,Stretch / Film Solutions,26,2025-03-15,2025-03-21,Pending,6,26,0,0
ORD01601,2025-03-06,P011,5-Ply Corrugated Box,Customized Carton Boxes,11,2025-03-08,2025-03-10,Completed,2,11,11,1
ORD01602,2025-09-12,P005,Stretch Film Roll,Stretch / Film Solutions,105,2025-09-16,2025-09-23,Completed,7,105,105,1
ORD01603,2025-06-21,P001,PP Strapping Roll,Strapping Solutions,150,2025-06-23,2025-06-27,Completed,4,150,150,1
ORD01604,2025-07-23,P013,Platform Trolley,Material Handling,8,2025-07-29,2025-07-30,Completed,1,8,8,1
ORD01605,2025-02-07,P003,Bubble Wrap Roll,Protective Packaging,6,2025-02-12,2025-02-15,Completed,3,6,6,1
ORD01606,2025-10-05,P009,Manual Strapping Tool,Packaging Tools & Equipment,18,2025-10-09,2025-10-10,Completed,1,18,18,1
ORD01607,2025-01-08,P013,Platform Trolley,Material Handling,7,2025-01-14,2025-01-15,Completed,1,7,7,1
ORD01608,2025-04-30,P006,Shrink Film Roll,Stretch / Film Solutions,5,2025-05-05,2025-05-07,Completed,2,5,5,1
ORD01609,2025-12-02,P009,Manual Strapping Tool,Packaging Tools & Equipment,12,2025-12-04,2025-12-08,Completed,4,12,12,1
ORD01610,2025-01-05,P006,Shrink Film Roll,Stretch / Film Solutions,40,2025-01-09,2025-01-15,Completed,6,40,40,1
ORD01611,2025-06-01,P002,PET Strapping Roll,Strapping Solutions,70,2025-06-04,2025-06-07,In Production,3,70,42,0.6
ORD01612,2025-02-21,P011,5-Ply Corrugated Box,Customized Carton Boxes,9,2025-02-27,2025-03-06,Completed,7,9,9,1
ORD01613,2025-11-24,P002,PET Strapping Roll,Strapping Solutions,50,2025-11-27,2025-12-03,Completed,6,50,50,1
ORD01614,2025-03-10,P005,Stretch Film Roll,Stretch / Film Solutions,26,2025-03-14,2025-03-18,Completed,4,26,26,1
ORD01615,2025-05-04,P012,7-Ply Corrugated Box,Customized Carton Boxes,24,2025-05-06,2025-05-07,Completed,1,24,24,1
ORD01616,2025-12-20,P003,Bubble Wrap Roll,Protective Packaging,25,2025-12-26,2026-01-01,Completed,6,25,25,1
ORD01617,2025-04-13,P011,5-Ply Corrugated Box,Customized Carton Boxes,13,2025-04-17,2025-04-19,Pending,2,13,0,0
ORD01618,2025-04-17,P013,Platform Trolley,Material Handling,57,2025-04-21,2025-04-23,Completed,2,57,57,1
ORD01619,2025-09-18,P003,Bubble Wrap Roll,Protective Packaging,12,2025-09-20,2025-09-27,Completed,7,12,12,1
ORD01620,2025-04-04,P011,5-Ply Corrugated Box,Customized Carton Boxes,25,2025-04-06,2025-04-13,Pending,7,25,0,0
ORD01621,2025-03-04,P012,7-Ply Corrugated Box,Customized Carton Boxes,13,2025-03-08,2025-03-09,Completed,1,13,13,1
ORD01622,2025-01-29,P003,Bubble Wrap Roll,Protective Packaging,69,2025-02-03,2025-02-08,Completed,5,69,69,1
ORD01623,2025-12-18,P001,PP Strapping Roll,Strapping Solutions,160,2025-12-20,2025-12-24,Completed,4,160,160,1
ORD01624,2025-05-24,P014,Hand Pallet Truck,Material Handling,3,2025-05-28,2025-05-30,Completed,2,3,3,1
ORD01625,2025-12-15,P008,Plastic Pallet,Pallet Solutions,10,2025-12-20,2025-12-21,Pending,1,10,0,0
ORD01626,2025-03-17,P005,Stretch Film Roll,Stretch / Film Solutions,46,2025-03-20,2025-03-24,Completed,4,46,46,1
ORD01627,2025-05-23,P007,Wooden Pallet,Pallet Solutions,10,2025-05-25,2025-05-31,In Production,6,10,8,0.8
ORD01628,2025-01-24,P001,PP Strapping Roll,Strapping Solutions,270,2025-01-26,2025-01-27,Completed,1,270,270,1
ORD01629,2025-04-10,P001,PP Strapping Roll,Strapping Solutions,680,2025-04-12,2025-04-16,Pending,4,680,0,0
ORD01630,2025-02-14,P007,Wooden Pallet,Pallet Solutions,27,2025-02-19,2025-02-21,Completed,2,27,27,1
ORD01631,2025-01-14,P011,5-Ply Corrugated Box,Customized Carton Boxes,14,2025-01-20,2025-01-26,In Production,6,14,9,0.642857143
ORD01632,2025-12-04,P010,Battery Strapping Machine,Packaging Tools & Equipment,8,2025-12-07,2025-12-09,Completed,2,8,8,1
ORD01633,2025-05-28,P012,7-Ply Corrugated Box,Customized Carton Boxes,15,2025-06-01,2025-06-08,Completed,7,15,15,1
ORD01634,2025-08-29,P006,Shrink Film Roll,Stretch / Film Solutions,29,2025-09-03,2025-09-04,Completed,1,29,29,1
ORD01635,2025-03-23,P011,5-Ply Corrugated Box,Customized Carton Boxes,12,2025-03-26,2025-03-30,Completed,4,12,12,1
ORD01636,2025-10-14,P012,7-Ply Corrugated Box,Customized Carton Boxes,5,2025-10-17,2025-10-23,In Production,6,5,4,0.8
ORD01637,2025-09-02,P002,PET Strapping Roll,Strapping Solutions,60,2025-09-05,2025-09-08,Pending,3,60,0,0
ORD01638,2025-01-09,P003,Bubble Wrap Roll,Protective Packaging,13,2025-01-11,2025-01-18,Completed,7,13,13,1
ORD01639,2025-11-20,P005,Stretch Film Roll,Stretch / Film Solutions,33,2025-11-23,2025-11-25,In Production,2,33,20,0.606060606
ORD01640,2025-07-19,P011,5-Ply Corrugated Box,Customized Carton Boxes,19,2025-07-22,2025-07-29,Completed,7,19,19,1
ORD01641,2025-01-04,P002,PET Strapping Roll,Strapping Solutions,70,2025-01-09,2025-01-15,In Production,6,70,27,0.385714286
ORD01642,2025-04-23,P007,Wooden Pallet,Pallet Solutions,17,2025-04-28,2025-04-30,Completed,2,17,17,1
ORD01643,2025-02-02,P010,Battery Strapping Machine,Packaging Tools & Equipment,11,2025-02-06,2025-02-12,Completed,6,11,11,1
ORD01644,2025-05-18,P009,Manual Strapping Tool,Packaging Tools & Equipment,54,2025-05-20,2025-05-21,Completed,1,54,54,1
ORD01645,2025-10-31,P002,PET Strapping Roll,Strapping Solutions,405,2025-11-03,2025-11-08,Completed,5,405,405,1
ORD01646,2025-05-10,P003,Bubble Wrap Roll,Protective Packaging,12,2025-05-13,2025-05-17,Completed,4,12,12,1
ORD01647,2025-05-05,P001,PP Strapping Roll,Strapping Solutions,100,2025-05-10,2025-05-15,Completed,5,100,100,1
ORD01648,2025-03-26,P011,5-Ply Corrugated Box,Customized Carton Boxes,17,2025-03-31,2025-04-04,Pending,4,17,0,0
ORD01649,2025-06-23,P007,Wooden Pallet,Pallet Solutions,34,2025-06-29,2025-07-04,Completed,5,34,34,1
ORD01650,2025-12-24,P005,Stretch Film Roll,Stretch / Film Solutions,40,2025-12-28,2025-12-30,Completed,2,40,40,1
ORD01651,2025-03-16,P001,PP Strapping Roll,Strapping Solutions,860,2025-03-18,2025-03-20,Completed,2,860,860,1
ORD01652,2025-08-22,P002,PET Strapping Roll,Strapping Solutions,180,2025-08-26,2025-08-30,Pending,4,180,0,0
ORD01653,2025-09-12,P012,7-Ply Corrugated Box,Customized Carton Boxes,54,2025-09-17,2025-09-20,In Production,3,54,26,0.481481481
ORD01654,2025-12-20,P011,5-Ply Corrugated Box,Customized Carton Boxes,4,2025-12-22,2025-12-25,Completed,3,4,4,1
ORD01655,2025-10-17,P003,Bubble Wrap Roll,Protective Packaging,19,2025-10-22,2025-10-27,Completed,5,19,19,1
ORD01656,2025-07-14,P007,Wooden Pallet,Pallet Solutions,34,2025-07-17,2025-07-20,Completed,3,34,34,1
ORD01657,2025-08-25,P002,PET Strapping Roll,Strapping Solutions,50,2025-08-30,2025-09-05,Pending,6,50,0,0
ORD01658,2025-06-21,P004,EPE Foam Roll,Protective Packaging,51,2025-06-27,2025-07-01,Completed,4,51,51,1
ORD01659,2025-04-24,P002,PET Strapping Roll,Strapping Solutions,365,2025-04-28,2025-05-04,Completed,6,365,365,1
ORD01660,2025-12-28,P007,Wooden Pallet,Pallet Solutions,35,2026-01-01,2026-01-04,Completed,3,35,35,1
ORD01661,2025-12-03,P003,Bubble Wrap Roll,Protective Packaging,22,2025-12-09,2025-12-11,Completed,2,22,22,1
ORD01662,2025-12-09,P003,Bubble Wrap Roll,Protective Packaging,19,2025-12-15,2025-12-21,Completed,6,19,19,1
ORD01663,2025-03-08,P001,PP Strapping Roll,Strapping Solutions,260,2025-03-10,2025-03-16,Completed,6,260,260,1
ORD01664,2025-11-19,P003,Bubble Wrap Roll,Protective Packaging,22,2025-11-24,2025-11-27,Completed,3,22,22,1
ORD01665,2025-08-10,P001,PP Strapping Roll,Strapping Solutions,130,2025-08-14,2025-08-18,Completed,4,130,130,1
ORD01666,2025-03-11,P012,7-Ply Corrugated Box,Customized Carton Boxes,8,2025-03-13,2025-03-15,In Production,2,8,4,0.5
ORD01667,2025-06-22,P004,EPE Foam Roll,Protective Packaging,55,2025-06-27,2025-06-28,Completed,1,55,55,1
ORD01668,2025-10-10,P012,7-Ply Corrugated Box,Customized Carton Boxes,10,2025-10-14,2025-10-16,Completed,2,10,10,1
ORD01669,2025-06-01,P002,PET Strapping Roll,Strapping Solutions,65,2025-06-04,2025-06-06,Completed,2,65,65,1
ORD01670,2025-04-04,P003,Bubble Wrap Roll,Protective Packaging,20,2025-04-08,2025-04-12,Completed,4,20,20,1
ORD01671,2025-10-04,P005,Stretch Film Roll,Stretch / Film Solutions,14,2025-10-06,2025-10-07,In Production,1,14,6,0.428571429
ORD01672,2025-03-20,P002,PET Strapping Roll,Strapping Solutions,90,2025-03-22,2025-03-28,Completed,6,90,90,1
ORD01673,2025-03-21,P008,Plastic Pallet,Pallet Solutions,40,2025-03-24,2025-03-29,In Production,5,40,27,0.675
ORD01674,2025-08-18,P005,Stretch Film Roll,Stretch / Film Solutions,122,2025-08-22,2025-08-28,Completed,6,122,122,1
ORD01675,2025-03-10,P007,Wooden Pallet,Pallet Solutions,25,2025-03-14,2025-03-18,In Production,4,25,19,0.76
ORD01676,2025-08-14,P002,PET Strapping Roll,Strapping Solutions,80,2025-08-16,2025-08-22,Completed,6,80,80,1
ORD01677,2025-06-27,P014,Hand Pallet Truck,Material Handling,40,2025-07-01,2025-07-03,Completed,2,40,40,1
ORD01678,2025-10-12,P001,PP Strapping Roll,Strapping Solutions,370,2025-10-16,2025-10-23,Completed,7,370,370,1
ORD01679,2025-02-04,P012,7-Ply Corrugated Box,Customized Carton Boxes,12,2025-02-10,2025-02-17,Completed,7,12,12,1
ORD01680,2025-01-30,P003,Bubble Wrap Roll,Protective Packaging,70,2025-02-04,2025-02-11,Completed,7,70,70,1
ORD01681,2025-05-14,P005,Stretch Film Roll,Stretch / Film Solutions,20,2025-05-19,2025-05-20,Completed,1,20,20,1
ORD01682,2025-10-02,P003,Bubble Wrap Roll,Protective Packaging,40,2025-10-07,2025-10-09,In Production,2,40,19,0.475
ORD01683,2025-12-19,P009,Manual Strapping Tool,Packaging Tools & Equipment,7,2025-12-23,2025-12-27,Completed,4,7,7,1
ORD01684,2025-11-18,P009,Manual Strapping Tool,Packaging Tools & Equipment,21,2025-11-21,2025-11-25,Completed,4,21,21,1
ORD01685,2025-01-22,P008,Plastic Pallet,Pallet Solutions,63,2025-01-25,2025-01-31,In Production,6,63,50,0.793650794
ORD01686,2025-05-30,P006,Shrink Film Roll,Stretch / Film Solutions,33,2025-06-01,2025-06-08,Completed,7,33,33,1
ORD01687,2025-02-26,P002,PET Strapping Roll,Strapping Solutions,595,2025-03-03,2025-03-04,Completed,1,595,595,1
ORD01688,2025-04-04,P005,Stretch Film Roll,Stretch / Film Solutions,6,2025-04-07,2025-04-08,Completed,1,6,6,1
ORD01689,2025-11-27,P009,Manual Strapping Tool,Packaging Tools & Equipment,53,2025-12-02,2025-12-09,Completed,7,53,53,1
ORD01690,2025-08-15,P005,Stretch Film Roll,Stretch / Film Solutions,84,2025-08-17,2025-08-20,Completed,3,84,84,1
ORD01691,2025-07-11,P001,PP Strapping Roll,Strapping Solutions,100,2025-07-17,2025-07-23,Completed,6,100,100,1
ORD01692,2025-11-16,P011,5-Ply Corrugated Box,Customized Carton Boxes,83,2025-11-19,2025-11-23,In Production,4,83,36,0.43373494
ORD01693,2025-06-13,P001,PP Strapping Roll,Strapping Solutions,100,2025-06-16,2025-06-18,Completed,2,100,100,1
ORD01694,2025-01-15,P011,5-Ply Corrugated Box,Customized Carton Boxes,11,2025-01-19,2025-01-24,Completed,5,11,11,1
ORD01695,2025-10-30,P003,Bubble Wrap Roll,Protective Packaging,16,2025-11-03,2025-11-06,Completed,3,16,16,1
ORD01696,2025-06-01,P003,Bubble Wrap Roll,Protective Packaging,24,2025-06-04,2025-06-05,Completed,1,24,24,1
ORD01697,2025-04-15,P011,5-Ply Corrugated Box,Customized Carton Boxes,45,2025-04-17,2025-04-19,Completed,2,45,45,1
ORD01698,2025-03-19,P004,EPE Foam Roll,Protective Packaging,16,2025-03-21,2025-03-28,Completed,7,16,16,1
ORD01699,2025-10-06,P007,Wooden Pallet,Pallet Solutions,11,2025-10-11,2025-10-16,Completed,5,11,11,1
ORD01700,2025-07-19,P003,Bubble Wrap Roll,Protective Packaging,10,2025-07-23,2025-07-26,Completed,3,10,10,1
ORD01701,2025-09-24,P012,7-Ply Corrugated Box,Customized Carton Boxes,15,2025-09-28,2025-10-05,In Production,7,15,10,0.666666667
ORD01702,2025-06-01,P011,5-Ply Corrugated Box,Customized Carton Boxes,135,2025-06-04,2025-06-05,Completed,1,135,135,1
ORD01703,2025-12-20,P003,Bubble Wrap Roll,Protective Packaging,9,2025-12-22,2025-12-23,Completed,1,9,9,1
ORD01704,2025-12-25,P012,7-Ply Corrugated Box,Customized Carton Boxes,29,2025-12-27,2025-12-28,In Production,1,29,15,0.517241379
ORD01705,2025-02-19,P005,Stretch Film Roll,Stretch / Film Solutions,6,2025-02-22,2025-02-27,Completed,5,6,6,1
ORD01706,2025-12-19,P011,5-Ply Corrugated Box,Customized Carton Boxes,10,2025-12-22,2025-12-28,Completed,6,10,10,1
ORD01707,2025-01-02,P002,PET Strapping Roll,Strapping Solutions,145,2025-01-06,2025-01-12,Completed,6,145,145,1
ORD01708,2025-12-19,P007,Wooden Pallet,Pallet Solutions,21,2025-12-22,2025-12-26,Completed,4,21,21,1
ORD01709,2025-08-10,P002,PET Strapping Roll,Strapping Solutions,50,2025-08-13,2025-08-20,In Production,7,50,21,0.42
ORD01710,2025-07-17,P011,5-Ply Corrugated Box,Customized Carton Boxes,4,2025-07-20,2025-07-22,Completed,2,4,4,1
ORD01711,2025-07-23,P009,Manual Strapping Tool,Packaging Tools & Equipment,33,2025-07-28,2025-07-29,Pending,1,33,0,0
ORD01712,2025-03-22,P011,5-Ply Corrugated Box,Customized Carton Boxes,17,2025-03-25,2025-03-27,In Production,2,17,12,0.705882353
ORD01713,2025-02-02,P012,7-Ply Corrugated Box,Customized Carton Boxes,7,2025-02-08,2025-02-12,In Production,4,7,5,0.714285714
ORD01714,2025-07-09,P007,Wooden Pallet,Pallet Solutions,6,2025-07-15,2025-07-17,In Production,2,6,4,0.666666667
ORD01715,2025-07-29,P005,Stretch Film Roll,Stretch / Film Solutions,14,2025-07-31,2025-08-04,Completed,4,14,14,1
ORD01716,2025-06-29,P003,Bubble Wrap Roll,Protective Packaging,16,2025-07-04,2025-07-06,Completed,2,16,16,1
ORD01717,2025-07-01,P003,Bubble Wrap Roll,Protective Packaging,126,2025-07-07,2025-07-14,Completed,7,126,126,1
ORD01718,2025-11-05,P007,Wooden Pallet,Pallet Solutions,66,2025-11-09,2025-11-15,Completed,6,66,66,1
ORD01719,2025-11-13,P005,Stretch Film Roll,Stretch / Film Solutions,36,2025-11-18,2025-11-22,Completed,4,36,36,1
ORD01720,2025-08-23,P014,Hand Pallet Truck,Material Handling,17,2025-08-27,2025-09-02,Completed,6,17,17,1
ORD01721,2025-11-08,P004,EPE Foam Roll,Protective Packaging,22,2025-11-14,2025-11-21,Completed,7,22,22,1
ORD01722,2025-10-01,P001,PP Strapping Roll,Strapping Solutions,100,2025-10-03,2025-10-07,Completed,4,100,100,1
ORD01723,2025-07-21,P001,PP Strapping Roll,Strapping Solutions,330,2025-07-23,2025-07-26,Pending,3,330,0,0
ORD01724,2025-05-29,P005,Stretch Film Roll,Stretch / Film Solutions,187,2025-06-04,2025-06-09,Completed,5,187,187,1
ORD01725,2025-01-01,P005,Stretch Film Roll,Stretch / Film Solutions,8,2025-01-07,2025-01-12,Completed,5,8,8,1
ORD01726,2025-05-02,P002,PET Strapping Roll,Strapping Solutions,50,2025-05-08,2025-05-13,Completed,5,50,50,1
ORD01727,2025-03-18,P002,PET Strapping Roll,Strapping Solutions,160,2025-03-23,2025-03-30,Completed,7,160,160,1
ORD01728,2025-07-02,P014,Hand Pallet Truck,Material Handling,9,2025-07-05,2025-07-06,Completed,1,9,9,1
ORD01729,2025-08-18,P012,7-Ply Corrugated Box,Customized Carton Boxes,9,2025-08-24,2025-08-25,In Production,1,9,7,0.777777778
ORD01730,2025-01-18,P009,Manual Strapping Tool,Packaging Tools & Equipment,3,2025-01-20,2025-01-21,Completed,1,3,3,1
ORD01731,2025-11-04,P006,Shrink Film Roll,Stretch / Film Solutions,70,2025-11-10,2025-11-11,Completed,1,70,70,1
ORD01732,2025-06-04,P002,PET Strapping Roll,Strapping Solutions,115,2025-06-06,2025-06-10,Completed,4,115,115,1
ORD01733,2025-04-05,P002,PET Strapping Roll,Strapping Solutions,75,2025-04-08,2025-04-09,Completed,1,75,75,1
ORD01734,2025-09-13,P002,PET Strapping Roll,Strapping Solutions,90,2025-09-17,2025-09-21,Completed,4,90,90,1
ORD01735,2025-03-29,P001,PP Strapping Roll,Strapping Solutions,230,2025-03-31,2025-04-07,Completed,7,230,230,1
ORD01736,2025-03-27,P013,Platform Trolley,Material Handling,32,2025-04-02,2025-04-03,Completed,1,32,32,1
ORD01737,2025-03-15,P012,7-Ply Corrugated Box,Customized Carton Boxes,18,2025-03-20,2025-03-24,Completed,4,18,18,1
ORD01738,2025-12-12,P005,Stretch Film Roll,Stretch / Film Solutions,11,2025-12-16,2025-12-21,Completed,5,11,11,1
ORD01739,2025-02-21,P005,Stretch Film Roll,Stretch / Film Solutions,5,2025-02-26,2025-02-27,Completed,1,5,5,1
ORD01740,2025-01-25,P005,Stretch Film Roll,Stretch / Film Solutions,21,2025-01-29,2025-02-01,Completed,3,21,21,1
ORD01741,2025-03-14,P002,PET Strapping Roll,Strapping Solutions,90,2025-03-18,2025-03-22,Completed,4,90,90,1
ORD01742,2025-11-05,P014,Hand Pallet Truck,Material Handling,168,2025-11-08,2025-11-09,Completed,1,168,168,1
ORD01743,2025-02-05,P010,Battery Strapping Machine,Packaging Tools & Equipment,31,2025-02-08,2025-02-10,Completed,2,31,31,1
ORD01744,2025-02-04,P013,Platform Trolley,Material Handling,6,2025-02-08,2025-02-15,Completed,7,6,6,1
ORD01745,2025-02-02,P004,EPE Foam Roll,Protective Packaging,21,2025-02-06,2025-02-08,Completed,2,21,21,1
ORD01746,2025-02-21,P001,PP Strapping Roll,Strapping Solutions,350,2025-02-27,2025-03-04,Completed,5,350,350,1
ORD01747,2025-09-03,P011,5-Ply Corrugated Box,Customized Carton Boxes,19,2025-09-08,2025-09-14,Completed,6,19,19,1
ORD01748,2025-11-06,P001,PP Strapping Roll,Strapping Solutions,150,2025-11-12,2025-11-15,In Production,3,150,98,0.653333333
ORD01749,2025-01-25,P002,PET Strapping Roll,Strapping Solutions,50,2025-01-31,2025-02-05,Completed,5,50,50,1
ORD01750,2025-02-13,P008,Plastic Pallet,Pallet Solutions,14,2025-02-19,2025-02-24,Completed,5,14,14,1
ORD01751,2025-06-02,P008,Plastic Pallet,Pallet Solutions,30,2025-06-08,2025-06-15,Completed,7,30,30,1
ORD01752,2025-11-22,P009,Manual Strapping Tool,Packaging Tools & Equipment,16,2025-11-28,2025-12-01,Completed,3,16,16,1
ORD01753,2025-08-25,P007,Wooden Pallet,Pallet Solutions,14,2025-08-31,2025-09-05,Completed,5,14,14,1
ORD01754,2025-06-18,P003,Bubble Wrap Roll,Protective Packaging,13,2025-06-24,2025-06-29,In Production,5,13,10,0.769230769
ORD01755,2025-07-20,P011,5-Ply Corrugated Box,Customized Carton Boxes,5,2025-07-26,2025-07-27,Completed,1,5,5,1
ORD01756,2025-02-28,P002,PET Strapping Roll,Strapping Solutions,535,2025-03-02,2025-03-07,Completed,5,535,535,1
ORD01757,2025-11-13,P003,Bubble Wrap Roll,Protective Packaging,18,2025-11-19,2025-11-25,Completed,6,18,18,1
ORD01758,2025-10-27,P005,Stretch Film Roll,Stretch / Film Solutions,28,2025-10-30,2025-11-01,Completed,2,28,28,1
ORD01759,2025-12-09,P011,5-Ply Corrugated Box,Customized Carton Boxes,45,2025-12-13,2025-12-15,Completed,2,45,45,1
ORD01760,2025-03-06,P005,Stretch Film Roll,Stretch / Film Solutions,7,2025-03-12,2025-03-16,Completed,4,7,7,1
ORD01761,2025-12-20,P005,Stretch Film Roll,Stretch / Film Solutions,13,2025-12-26,2025-12-29,Completed,3,13,13,1
ORD01762,2025-08-25,P011,5-Ply Corrugated Box,Customized Carton Boxes,21,2025-08-28,2025-09-01,In Production,4,21,9,0.428571429
ORD01763,2025-08-14,P013,Platform Trolley,Material Handling,7,2025-08-16,2025-08-18,Completed,2,7,7,1
ORD01764,2025-12-27,P007,Wooden Pallet,Pallet Solutions,23,2025-12-29,2026-01-04,In Production,6,23,9,0.391304348
ORD01765,2025-12-07,P005,Stretch Film Roll,Stretch / Film Solutions,42,2025-12-10,2025-12-11,Completed,1,42,42,1
ORD01766,2025-07-14,P011,5-Ply Corrugated Box,Customized Carton Boxes,10,2025-07-18,2025-07-20,In Production,2,10,6,0.6
ORD01767,2025-11-01,P007,Wooden Pallet,Pallet Solutions,16,2025-11-06,2025-11-13,Completed,7,16,16,1
ORD01768,2025-12-16,P013,Platform Trolley,Material Handling,19,2025-12-21,2025-12-22,Completed,1,19,19,1
ORD01769,2025-07-29,P008,Plastic Pallet,Pallet Solutions,8,2025-08-02,2025-08-03,Completed,1,8,8,1
ORD01770,2025-08-03,P005,Stretch Film Roll,Stretch / Film Solutions,81,2025-08-06,2025-08-10,Completed,4,81,81,1
ORD01771,2025-04-28,P007,Wooden Pallet,Pallet Solutions,12,2025-05-04,2025-05-07,Completed,3,12,12,1
ORD01772,2025-11-07,P004,EPE Foam Roll,Protective Packaging,59,2025-11-09,2025-11-14,Completed,5,59,59,1
ORD01773,2025-06-29,P004,EPE Foam Roll,Protective Packaging,5,2025-07-01,2025-07-08,In Production,7,5,2,0.4
ORD01774,2025-01-11,P002,PET Strapping Roll,Strapping Solutions,55,2025-01-16,2025-01-23,In Production,7,55,31,0.563636364
ORD01775,2025-06-06,P011,5-Ply Corrugated Box,Customized Carton Boxes,16,2025-06-09,2025-06-14,Completed,5,16,16,1
ORD01776,2025-09-20,P006,Shrink Film Roll,Stretch / Film Solutions,12,2025-09-23,2025-09-29,Completed,6,12,12,1
ORD01777,2025-01-05,P011,5-Ply Corrugated Box,Customized Carton Boxes,30,2025-01-11,2025-01-12,Completed,1,30,30,1
ORD01778,2025-03-07,P011,5-Ply Corrugated Box,Customized Carton Boxes,19,2025-03-12,2025-03-14,Pending,2,19,0,0
ORD01779,2025-01-18,P001,PP Strapping Roll,Strapping Solutions,910,2025-01-22,2025-01-26,Completed,4,910,910,1
ORD01780,2025-05-20,P012,7-Ply Corrugated Box,Customized Carton Boxes,38,2025-05-22,2025-05-27,Pending,5,38,0,0
ORD01781,2025-11-12,P004,EPE Foam Roll,Protective Packaging,8,2025-11-16,2025-11-17,Completed,1,8,8,1
ORD01782,2025-07-19,P013,Platform Trolley,Material Handling,14,2025-07-23,2025-07-30,Completed,7,14,14,1
ORD01783,2025-05-29,P012,7-Ply Corrugated Box,Customized Carton Boxes,23,2025-05-31,2025-06-03,Completed,3,23,23,1
ORD01784,2025-02-20,P012,7-Ply Corrugated Box,Customized Carton Boxes,39,2025-02-25,2025-02-27,Completed,2,39,39,1
ORD01785,2025-06-21,P006,Shrink Film Roll,Stretch / Film Solutions,5,2025-06-24,2025-06-28,Completed,4,5,5,1
ORD01786,2025-06-10,P006,Shrink Film Roll,Stretch / Film Solutions,46,2025-06-12,2025-06-13,Completed,1,46,46,1
ORD01787,2025-02-15,P007,Wooden Pallet,Pallet Solutions,15,2025-02-18,2025-02-25,Completed,7,15,15,1
ORD01788,2025-09-18,P004,EPE Foam Roll,Protective Packaging,5,2025-09-23,2025-09-24,Completed,1,5,5,1
ORD01789,2025-07-28,P006,Shrink Film Roll,Stretch / Film Solutions,5,2025-07-30,2025-08-03,In Production,4,5,2,0.4
ORD01790,2025-01-28,P013,Platform Trolley,Material Handling,19,2025-01-31,2025-02-07,In Production,7,19,9,0.473684211
ORD01791,2025-03-15,P011,5-Ply Corrugated Box,Customized Carton Boxes,29,2025-03-19,2025-03-21,Completed,2,29,29,1
ORD01792,2025-08-31,P002,PET Strapping Roll,Strapping Solutions,50,2025-09-03,2025-09-07,Completed,4,50,50,1
ORD01793,2025-08-29,P012,7-Ply Corrugated Box,Customized Carton Boxes,82,2025-09-03,2025-09-04,Completed,1,82,82,1
ORD01794,2025-07-03,P011,5-Ply Corrugated Box,Customized Carton Boxes,25,2025-07-09,2025-07-14,Completed,5,25,25,1
ORD01795,2025-02-16,P004,EPE Foam Roll,Protective Packaging,12,2025-02-19,2025-02-26,Pending,7,12,0,0
ORD01796,2025-09-21,P013,Platform Trolley,Material Handling,44,2025-09-26,2025-09-28,Completed,2,44,44,1
ORD01797,2025-01-13,P003,Bubble Wrap Roll,Protective Packaging,66,2025-01-19,2025-01-25,Completed,6,66,66,1
ORD01798,2025-05-30,P011,5-Ply Corrugated Box,Customized Carton Boxes,32,2025-06-05,2025-06-12,Completed,7,32,32,1
ORD01799,2025-11-08,P010,Battery Strapping Machine,Packaging Tools & Equipment,27,2025-11-11,2025-11-18,Completed,7,27,27,1
ORD01800,2025-03-22,P007,Wooden Pallet,Pallet Solutions,11,2025-03-24,2025-03-26,Completed,2,11,11,1
